ID,User Story,Output
1,"As a user, I want to enable image tagging from the Asset Intelligence section in the MCP settings","Gherkin:
Feature: MCP Settings for Image Tagging

Scenario: Enable Image Tagging in MCP settings
Given the user is in the MCP settings under Asset Intelligence
When the user enables the ""Enable Image Tagging"" setting
Then all Image Tagging Capabilities should depend on this setting
And the platform should ignore any Imagga functionality and use Azure only
And a new setting ""Azure Image Processing Limit (Images) (per billing cycle)"" should be available
And the setting ""Azure Video Processing Limit (per billing cycle)"" should be renamed to ""Azure Video Processing Limit (minutes) (per billing cycle)""

Python:
from behave import given, when, then

@given('the user is in the MCP settings under Asset Intelligence')
def step_impl(context):
    pass

@when('the user enables the ""Enable Image Tagging"" setting')
def step_impl(context):
    pass

@then('all Image Tagging Capabilities should depend on this setting')
def step_impl(context):
    pass

@then('the platform should ignore any Imagga functionality and use Azure only')
def step_impl(context):
    pass

@then('a new setting ""Azure Image Processing Limit (Images) (per billing cycle)"" should be available')
def step_impl(context):
    pass

@then('the setting ""Azure Video Processing Limit (per billing cycle)"" should be renamed to ""Azure Video Processing Limit (minutes) (per billing cycle)""')
def step_impl(context):
    pass"
2,"As an IB team member, I want to be able to enable an Auto-Focal setting in MCP so that I can control all the settings from one place.","Gherkin:
Feature: Auto-Focal Setting in MCP

Scenario: Enable Auto-Focal setting
Given the user is in the Development Use Only area of MCP
When the user sees the setting ""Resources - Preset Auto-Focal""
And the user enables the toggle switch
Then any Auto-focal tickets should become enabled

Scenario: Disable Auto-Focal setting
Given the user is in the Development Use Only area of MCP
When the user sees the setting ""Resources - Preset Auto-Focal""
And the user disables the toggle switch
Then no Auto-focal settings should be available on the platform

Python:
from behave import given, when, then

@given('the user is in the Development Use Only area of MCP')
def step_impl(context):
    pass

@when('the user sees the setting ""Resources - Preset Auto-Focal""')
def step_impl(context):
    pass

@when('the user enables the toggle switch')
def step_impl(context):
    pass

@then('any Auto-focal tickets should become enabled')
def step_impl(context):
    pass

@when('the user disables the toggle switch')
def step_impl(context):
    pass

@then('no Auto-focal settings should be available on the platform')
def step_impl(context):
    pass"
3,"As an IB team member, I want to be able to enable a GIF/Lottie setting in MCP so that I can control all the settings from one place","Gherkin:
Feature: GIF/Lottie Preview Setting

Scenario: Enable GIF/Lottie Preview Support
Given the user is in the Development Use Only area of the MCP
When the user sees the setting ""Resources - GIF/Lottie Preview Support""
And the user enables the toggle switch
Then GIF/Lottie Preview features should be available on the platform

Scenario: Disable GIF/Lottie Preview Support
Given the user is in the Development Use Only area of the MCP
When the user sees the setting ""Resources - GIF/Lottie Preview Support""
And the user disables the toggle switch
Then no GIF/Lottie Preview features should be available on the platform

Python:
from behave import given, when, then

@given('the user is in the Development Use Only area of the MCP')
def step_impl(context):
    pass

@when('the user sees the setting ""Resources - GIF/Lottie Preview Support""')
def step_impl(context):
    pass

@when('the user enables the toggle switch')
def step_impl(context):
    pass

@then('GIF/Lottie Preview features should be available on the platform')
def step_impl(context):
    pass

@when('the user disables the toggle switch')
def step_impl(context):
    pass

@then('no GIF/Lottie Preview features should be available on the platform')
def step_impl(context):
    pass"
4,"As a user, I want to be able to upload a GIF and have it automatically converted into a MP4 file so that I can view it in the previewer.","Gherkin:
Feature: GIF to MP4 Conversion

Scenario: Successful conversion of uploaded GIF to MP4
Given the user is on the upload page
When the user uploads a GIF file named ""example.gif""
Then the system should convert the GIF to an MP4 with the highest quality
And the MP4 should be available in the previewer
And the MP4 should be stored alongside the original GIF

Python:
from behave import given, when, then

@given('the user is on the upload page')
def step_impl(context):
    pass

@when('the user uploads a GIF file named ""{gif_name}""')
def step_impl(context, gif_name):
    pass

@then('the system should convert the GIF to an MP4 with the highest quality')
def step_impl(context):
    pass

@then('the MP4 should be available in the previewer')
def step_impl(context):
    pass

@then('the MP4 should be stored alongside the original GIF')
def step_impl(context):
    pass"
5,"As a user, I want to be able to upload a Lottie File and have it automatically converted into a MP4 file so that I can view it in the previewer.","Gherkin:
Feature: Lottie File Conversion

Scenario: Successful conversion of Lottie File to MP4
Given the user is on the file upload page
When the user uploads a Lottie File named ""animation.lottie""
Then the file should be converted to an MP4
And the MP4 should be stored alongside the original Lottie File
And the MP4 should be viewable in the previewer

Python:
from behave import given, when, then

@given('the user is on the file upload page')
def step_impl(context):
    pass

@when('the user uploads a Lottie File named ""{file_name}""')
def step_impl(context, file_name):
    pass

@then('the file should be converted to an MP4')
def step_impl(context):
    pass

@then('the MP4 should be stored alongside the original Lottie File')
def step_impl(context):
    pass

@then('the MP4 should be viewable in the previewer')
def step_impl(context):
    pass"
6,"As a user, I want to be select a Preset that has auto-focal enabled, on multiple images from the Bulk Download Screen, so that the cropping can occur on the focal point of the image.","Gherkin:
Feature: Bulk Download with Auto-focal Preset

Scenario: Download images with Auto-focal enabled preset
Given the user is on the Bulk Download screen
And has selected a Global Preset with Auto-focal enabled
When the user initiates the download
Then the system should detect the focal point of each image
And crop the images centered on the focal point
And the processed images should download in a Zip file

Python:
from behave import given, when, then

@given('the user is on the Bulk Download screen')
def step_impl(context):
    pass

@given('has selected a Global Preset with Auto-focal enabled')
def step_impl(context):
    pass

@when('the user initiates the download')
def step_impl(context):
    pass

@then('the system should detect the focal point of each image')
def step_impl(context):
    pass

@then('crop the images centered on the focal point')
def step_impl(context):
    pass

@then('the processed images should download in a Zip file')
def step_impl(context):
    pass"
7,"As a user, I want to be able to preview the GIF or Lottie File converted MP4 on the Info Preview screen so that I can preview what the animation is like before I download it","Gherkin:
Feature: Info Preview Screen

Scenario: Preview converted MP4 on Info Preview screen
Given the user is on the Info Preview screen with a file type ""GIF""
When the file is converted to MP4
Then the Previewer should display the MP4
And the MP4 should auto-play, have hidden controls, and loop
And the download should download the original ""GIF"" file
And the file type metadata should show ""GIF""
And the version file type should be ""GIF""

Python:
from behave import given, when, then

@given('the user is on the Info Preview screen with a file type ""{file_type}""')
def step_impl(context, file_type):
    pass

@when('the file is converted to MP4')
def step_impl(context):
    pass

@then('the Previewer should display the MP4')
def step_impl(context):
    pass

@then('the MP4 should auto-play, have hidden controls, and loop')
def step_impl(context):
    pass

@then('the download should download the original ""{file_type}"" file')
def step_impl(context, file_type):
    pass

@then('the file type metadata should show ""{file_type}""')
def step_impl(context, file_type):
    pass

@then('the version file type should be ""{file_type}""')
def step_impl(context, file_type):
    pass"
8,"As a user, I want GIF/Lottie file to have the first frame as the Thumbnail Preview (PNG)","Gherkin:
Feature: Thumbnail Preview

Scenario: Generate thumbnail preview for GIF/Lottie files
Given a GIF or Lottie file is uploaded
When the system processes the file
Then a static PNG image should be generated as the thumbnail
And the thumbnail should appear in the Resource List View, Resource Mosaic View, Versions, Alias, Similar, Dashboard List, Approvals List, and Collections

Python:
from behave import given, when, then

@given('a GIF or Lottie file is uploaded')
def step_impl(context):
    pass

@when('the system processes the file')
def step_impl(context):
    pass

@then('a static PNG image should be generated as the thumbnail')
def step_impl(context):
    pass

@then('the thumbnail should appear in the Resource List View, Resource Mosaic View, Versions, Alias, Similar, Dashboard List, Approvals List, and Collections')
def step_impl(context):
    pass"
9,"As a user, I want to be able to preview the GIF or Lottie File converted MP4 on the Share screen so that I can preview what the animation is like before share it","Gherkin:
Feature: Animation Preview

Scenario: Preview GIF or Lottie File converted MP4 on Share screen
Given the user is on the share screen
When the user uploads a GIF or Lottie File
Then the preview should show the converted MP4
And the controls should be hidden
And the MP4 should autoplay

Python:
from behave import given, when, then

@given('the user is on the share screen')
def step_impl(context):
    pass

@when('the user uploads a GIF or Lottie File')
def step_impl(context):
    pass

@then('the preview should show the converted MP4')
def step_impl(context):
    pass

@then('the controls should be hidden')
def step_impl(context):
    pass

@then('the MP4 should autoplay')
def step_impl(context):
    pass"
10,"As a user, I want to be able to preview the GIF or Lottie File converted MP4 on the Edit screen so that I can preview what the animation like before I Edit or upload a new version","Gherkin:
Feature: Animation Preview

Scenario: Preview GIF or Lottie File converted MP4 on Edit screen
Given the user is on the Edit/New Version screen
When the user uploads a GIF or Lottie File
Then the preview should display the converted MP4
And the controls should be hidden
And the MP4 should autoplay

Python:
from behave import given, when, then

@given('the user is on the Edit/New Version screen')
def step_impl(context):
    pass

@when('the user uploads a GIF or Lottie File')
def step_impl(context):
    pass

@then('the preview should display the converted MP4')
def step_impl(context):
    pass

@then('the controls should be hidden')
def step_impl(context):
    pass

@then('the MP4 should autoplay')
def step_impl(context):
    pass"
11,"As a user, I want to be able to preview the GIF or Lottie File converted MP4 on the Review Request screen in Approvals so that I can preview what the animation is when approving","Gherkin:
Feature: Animation Preview

Scenario: Preview GIF or Lottie File converted MP4 on Review Request screen
Given the user is on the Review Request Tab of the Approvals Screen
When the user views the animation preview
Then the preview should display the GIF or Lottie File converted MP4
And the controls should be hidden
And the MP4 should autoplay

Python:
from behave import given, when, then

@given('the user is on the Review Request Tab of the Approvals Screen')
def step_impl(context):
    pass

@when('the user views the animation preview')
def step_impl(context):
    pass

@then('the preview should display the GIF or Lottie File converted MP4')
def step_impl(context):
    pass

@then('the controls should be hidden')
def step_impl(context):
    pass

@then('the MP4 should autoplay')
def step_impl(context):
    pass"
12,"As a user, I want to be able to preview the GIF or Lottie File converted MP4 on the Versions/Revisions Screen so that I can preview what the animation is before adding a version/revision","Gherkin:
Feature: Animation Preview

Scenario: Preview GIF or Lottie File converted MP4 on Versions/Revisions Screen
Given the user is on the Version or Revision Tab of the Approvals Screen
When the user views the animation preview
Then the preview should display the GIF or Lottie File converted MP4
And the controls should be hidden
And the MP4 should autoplay

Python:
from behave import given, when, then

@given('the user is on the Version or Revision Tab of the Approvals Screen')
def step_impl(context):
    pass

@when('the user views the animation preview')
def step_impl(context):
    pass

@then('the preview should display the GIF or Lottie File converted MP4')
def step_impl(context):
    pass

@then('the controls should be hidden')
def step_impl(context):
    pass

@then('the MP4 should autoplay')
def step_impl(context):
    pass"
13,"As a user, I want to be able to see the GIF or Lottie File converted MP4 on the Markup Screen in Approvals so that I can markup the animation to get feedback and new revisions worked on","Gherkin:
Feature: Animation Preview on Markup Screen

Scenario: View converted MP4 on Markup Screen
Given the user is on the Markup Request Tab of the Approvals Screen
When the user uploads a GIF or Lottie File
Then the preview should display the converted MP4
And the PDFTron controls should be visible
And the user should be able to markup the animation

Python:
from behave import given, when, then

@given('the user is on the Markup Request Tab of the Approvals Screen')
def step_impl(context):
    pass

@when('the user uploads a GIF or Lottie File')
def step_impl(context):
    pass

@then('the preview should display the converted MP4')
def step_impl(context):
    pass

@then('the PDFTron controls should be visible')
def step_impl(context):
    pass

@then('the user should be able to markup the animation')
def step_impl(context):
    pass"
14,"As a Database Manager, I want to Allow End users to overide default and change names","Gherkin:
Feature: Configure Auto-Created Records

Scenario: Enable user updates to titles upon creation
Given the user is on the Configure Auto-Created Records page
When the user enables ""Allow User updates to Titles upon creation""
And clicks on Confirm
And clicks on Save & Close
And clicks back on the Lookup Grid
And clicks on the Configure Button
Then the option ""Allow User updates to Titles upon creation"" should be enabled

Scenario: Confirm button enabled with blank fields
Given the option ""Allow User updates to Titles upon creation"" is enabled
When some fields are blank
Then the Confirm button should be enabled

Scenario: End user component visibility when enabled
Given the option ""Allow User updates to Titles upon creation"" is enabled
Then the end user component should appear

Scenario: End user component visibility when disabled
Given the option ""Allow User updates to Titles upon creation"" is disabled
Then the end user component should not appear

Python:
from behave import given, when, then

@given('the user is on the Configure Auto-Created Records page')
def step_impl(context):
    pass

@when('the user enables ""Allow User updates to Titles upon creation""')
def step_impl(context):
    pass

@when('clicks on Confirm')
def step_impl(context):
    pass

@when('clicks on Save & Close')
def step_impl(context):
    pass

@when('clicks back on the Lookup Grid')
def step_impl(context):
    pass

@when('clicks on the Configure Button')
def step_impl(context):
    pass

@then('the option ""Allow User updates to Titles upon creation"" should be enabled')
def step_impl(context):
    pass

@given('the option ""Allow User updates to Titles upon creation"" is enabled')
def step_impl(context):
    pass

@when('some fields are blank')
def step_impl(context):
    pass

@then('the Confirm button should be enabled')
def step_impl(context):
    pass

@then('the end user component should appear')
def step_impl(context):
    pass

@given('the option ""Allow User updates to Titles upon creation"" is disabled')
def step_impl(context):
    pass

@then('the end user component should not appear')
def step_impl(context):
    pass"
15,"As a user, when no custom configs are enabled, and no workflow on parent, I see no pop-up and child records are created","Gherkin:
Feature: Child Record Creation

Scenario: No pop-up and child records are created when no custom configs are enabled
Given the ""Allow User updates to Titles upon creation"" checkbox is disabled
And no workflow request is requested for parent
When the user saves the parent record
Then no overlay should appear
And an info snackbar should appear with the message ""Linked Records are being created. Click here to open linked database.""
And child records should be created immediately

Python:
from behave import given, when, then

@given('the ""Allow User updates to Titles upon creation"" checkbox is disabled')
def step_impl(context):
    pass

@given('no workflow request is requested for parent')
def step_impl(context):
    pass

@when('the user saves the parent record')
def step_impl(context):
    pass

@then('no overlay should appear')
def step_impl(context):
    pass

@then('an info snackbar should appear with the message ""Linked Records are being created. Click here to open linked database.""')
def step_impl(context):
    pass

@then('child records should be created immediately')
def step_impl(context):
    pass"
16,"As a user, when parent record undergoes publish approval process, child records are only created when parent is approved","Gherkin:
Feature: Publish Approval Process

Scenario: Child records creation upon parent approval
Given a parent record is submitted for approval
When the parent record status becomes ""Approved""
Then child records should be created

Scenario: No child records creation on partial approval
Given a parent record is in a multi-stage approval process
When the first stage is approved
Then child records should not be created

Scenario: Auto-complete triggers child records creation
Given a parent record is set to auto-complete
When the parent record is successfully auto-completed
Then child records should be created

Scenario: Delay in child records creation for staged workflow
Given a parent record is in a staged workflow
When the final stage is approved
Then child records should be created

Python:
from behave import given, when, then

@given('a parent record is submitted for approval')
def step_impl(context):
    pass

@when('the parent record status becomes ""Approved""')
def step_impl(context):
    pass

@then('child records should be created')
def step_impl(context):
    pass

@given('a parent record is in a multi-stage approval process')
def step_impl(context):
    pass

@when('the first stage is approved')
def step_impl(context):
    pass

@then('child records should not be created')
def step_impl(context):
    pass

@given('a parent record is set to auto-complete')
def step_impl(context):
    pass

@when('the parent record is successfully auto-completed')
def step_impl(context):
    pass

@given('a parent record is in a staged workflow')
def step_impl(context):
    pass

@when('the final stage is approved')
def step_impl(context):
    pass"
17,"As a user, I want to see snackbars when submitting/ saving parent record to let me know children will be created","Gherkin:
Feature: Snackbar Notifications

Scenario: Display snackbar when child records are delayed
Given auto-create child records is enabled
When the user submits a parent record ""{record}"" for approval
Then the snackbar should display ""{record} submitted for approval. Linked {record(s)} will be created in the {database_name} when this {record} is approved.""

Scenario: Display snackbar when child records are created immediately
Given auto-create child records is enabled
When the user submits a parent record ""{record}""
Then the snackbar should display ""{record} submitted. Linked {record(s)} are being created in the {database_name}.""

Scenario: Display snackbar with auto-created folders on delay
Given auto-create child records is enabled
When the user submits a parent record ""{record}"" for approval with auto-folder creation
Then the snackbar should display ""{record} submitted for approval. Auto-created Folders and linked {record(s)} will be created once approved.""

Scenario: Display snackbar with auto-created folders immediately
Given auto-create child records is enabled
When the user submits a parent record ""{record}"" with auto-folder creation
Then the snackbar should display ""{record} submitted. Linked {record(s)} and Auto-Created Folders are being created. Folders may take a few minutes to appear.""

Python:
from behave import given, when, then

@given('auto-create child records is enabled')
def step_impl(context):
    pass

@when('the user submits a parent record ""{record}"" for approval')
def step_impl(context, record):
    pass

@when('the user submits a parent record ""{record}""')
def step_impl(context, record):
    pass

@when('the user submits a parent record ""{record}"" for approval with auto-folder creation')
def step_impl(context, record):
    pass

@when('the user submits a parent record ""{record}"" with auto-folder creation')
def step_impl(context, record):
    pass

@then('the snackbar should display ""{message}""')
def step_impl(context, message):
    pass"
18,"As a Database Manager, I want to allow end users to Add More child records ('Add More')","Gherkin:
Feature: Configure Auto-Created Records

Scenario: Enable 'Add More' option for child records
Given the user is on the Configure Auto-Created Records overlay
And the ""Allow User updates to Titles upon creation"" setting is visible
When the user checks the ""Allow User to Add More {Recordcustomnameplural}"" checkbox
Then the checkbox should be enabled
And a tooltip should display ""If selected, users will be able to add more {Record} Titles (Names) to be created alongside those configured here. Up to 30 {Records} can be created.""

Python:
from behave import given, when, then

@given('the user is on the Configure Auto-Created Records overlay')
def step_impl(context):
    pass

@given('the ""Allow User updates to Titles upon creation"" setting is visible')
def step_impl(context):
    pass

@when('the user checks the ""Allow User to Add More {Recordcustomnameplural}"" checkbox')
def step_impl(context):
    pass

@then('the checkbox should be enabled')
def step_impl(context):
    pass

@then('a tooltip should display ""If selected, users will be able to add more {Record} Titles (Names) to be created alongside those configured here. Up to 30 {Records} can be created.""')
def step_impl(context):
    pass"
19,"As a Database Manager, I want to allow end users to Add More child records ('Add More') - Handle maximum child records","Gherkin:
Feature: Manage Child Records

Scenario: Handle maximum child records
Given the form builder is configured with ""Allow User to Add More {Recordcustomnameplural}""
And there are 30 child records in the configuration
When the user tries to add another child record
Then the ""Allow User to Add More {Recordcustomnameplural}"" should be disabled
And the hover text should display ""The max 30 {Records} has been added here. Remove any of the above to allow users to add more.""

Python:
from behave import given, when, then

@given('the form builder is configured with ""Allow User to Add More {Recordcustomnameplural}""')
def step_impl(context, Recordcustomnameplural):
    pass

@given('there are 30 child records in the configuration')
def step_impl(context):
    pass

@when('the user tries to add another child record')
def step_impl(context):
    pass

@then('the ""Allow User to Add More {Recordcustomnameplural}"" should be disabled')
def step_impl(context, Recordcustomnameplural):
    pass

@then('the hover text should display ""The max 30 {Records} has been added here. Remove any of the above to allow users to add more.""')
def step_impl(context, Records):
    pass"
20,"As a user, if child database has been edited and title field is no longer a valid text field, then users do not see a end user config pop-up overlay and no child records are created","Gherkin:
Feature: Child Database Update

Scenario: No end user config pop-up and no child records created when title field is invalid
Given the original Auto Create setting is saved in the parent
And the Database Manager updates the child Form Builder with a non-text title field
When an end user accesses the system
Then no end user config pop-up overlay should be displayed
And no child records should be created

Python:
from behave import given, when, then

@given('the original Auto Create setting is saved in the parent')
def step_impl(context):
    pass

@given('the Database Manager updates the child Form Builder with a non-text title field')
def step_impl(context):
    pass

@when('an end user accesses the system')
def step_impl(context):
    pass

@then('no end user config pop-up overlay should be displayed')
def step_impl(context):
    pass

@then('no child records should be created')
def step_impl(context):
    pass"
21,"As a user, I can deselect items to not apply bulk changes to","Gherkin:
Feature: Bulk Apply to Selected

Scenario: Deselect items to exclude from bulk changes
Given the user has selected multiple resources
And some resources are de-selected
When the user enters new data in bulk Main Details, Tags, Filters, Custom Upload Fields, and/or Workflows
And selects 'Apply to Selected'
Then only the selected resources should receive the updates

Python:
from behave import given, when, then

@given('the user has selected multiple resources')
def step_impl(context):
    pass

@given('some resources are de-selected')
def step_impl(context):
    pass

@when('the user enters new data in bulk Main Details, Tags, Filters, Custom Upload Fields, and/or Workflows')
def step_impl(context):
    pass

@when('selects ""Apply to Selected""')
def step_impl(context):
    pass

@then('only the selected resources should receive the updates')
def step_impl(context):
    pass"
22,"As a user, I want to see exclusion message / handling for non-supported file types should I select any to Bulk Edit, on Bulk edit screen","Gherkin:
Feature: Bulk Edit Exclusion Handling

Scenario: Display exclusion message for non-supported file types
Given the user is on the Bulk Edit screen
When the user selects non-supported file types for Bulk Edit
Then a snackbar should display the message ""X Resource/s are not supported for Bulk Edit.""

Python:
from behave import given, when, then

@given('the user is on the Bulk Edit screen')
def step_impl(context):
    pass

@when('the user selects non-supported file types for Bulk Edit')
def step_impl(context):
    pass

@then('a snackbar should display the message ""X Resource/s are not supported for Bulk Edit.""')
def step_impl(context):
    pass"
23,"As a user, I want to see an Exit without saving warning when I try to leave the Bulk Edit Page/Process","Gherkin:
Feature: Exit without saving warning

Scenario: User tries to exit Bulk Edit without saving
Given the user is on the Bulk Edit page
When the user clicks Exit/Cancel
Then an abandon pop-up should appear with title ""Exit without saving Resources""
And the pop-up text should be ""If you click the Exit button, none of the Resources currently on your Bulk Edit screen will be updated. To Save your Edits, Cancel this popup and click Save Changes.""
And the pop-up should have a ""Cancel"" button that returns the user to the Bulk Edit page
And an ""Exit"" button that exits the user and returns them to the folder

Python:
from behave import given, when, then

@given('the user is on the Bulk Edit page')
def step_impl(context):
    pass

@when('the user clicks Exit/Cancel')
def step_impl(context):
    pass

@then('an abandon pop-up should appear with title ""Exit without saving Resources""')
def step_impl(context):
    pass

@then('the pop-up text should be ""If you click the Exit button, none of the Resources currently on your Bulk Edit screen will be updated. To Save your Edits, Cancel this popup and click Save Changes.""')
def step_impl(context):
    pass

@then('the pop-up should have a ""Cancel"" button that returns the user to the Bulk Edit page')
def step_impl(context):
    pass

@then('an ""Exit"" button that exits the user and returns them to the folder')
def step_impl(context):
    pass"
24,"As a user, I want to Filter within my selected Resources on my Bulk Edit page (Left Panel Resource selection updates)","Gherkin:
Feature: Bulk Edit Resource Filtering

Scenario: Filter resources by status on Bulk Edit page
Given the user is on the Bulk Edit page
When the user selects the ""Errors"" filter in the left panel
Then only resources with errors should be displayed

Python:
from behave import given, when, then

@given('the user is on the Bulk Edit page')
def step_impl(context):
    pass

@when('the user selects the ""{filter_option}"" filter in the left panel')
def step_impl(context, filter_option):
    pass

@then('only resources with errors should be displayed')
def step_impl(context):
    pass"
25,"As a user, in Single edit from Bulk view, I want to see a Duplicate warning when relevant","Gherkin:
Feature: Duplicate Warning in Single Edit from Bulk View

Scenario: Display duplicate warning when adding an existing file/version
Given the user is on the Bulk Edit > Single View page
When a file/version that already exists on the platform is added
Then a pop-up with the header ""Duplicate File"" should display
And the page below should be in disabled mode with grey transparency
And the loading bar should be red with an error icon
And the pop-up should list folders where the duplicate exists
And folders without access should display ""N/A - you do not have access to this folder""
And the pop-up should have ""Skip"" and ""Continue"" buttons
When the user selects ""Skip""
Then the pop-up closes and the Resource name and preview revert to the previous file/version
When the user selects ""Continue""
Then the pop-up closes and the red loading line turns green

Scenario: Error icon displays when returning to list view before duplicate warning
Given the user is on the Bulk Edit > Single View page
When the user returns to list view before the duplicate warning displays
Then an error icon should display with a tooltip 'This file cannot be uploaded as errors have been detected with the file. Click the Error or Edit icon to resolve these issue(s)'
And the Save button should be enabled if at least one other resource has no errors
And the error resource should grey out during save but remain in the list
And Bulk Apply should still work while the resource is in error
When the user clicks the error or edit icon
Then the pop-up should display on the open single page

Scenario: Multiple resources with error icons in list view
Given multiple resources in the list have errors
When the user returns to list view before seeing pop-up on single pages
Then multiple resources should display with error icons as per previous scenario

Python:
from behave import given, when, then

@given('the user is on the Bulk Edit > Single View page')
def step_impl(context):
    pass

@when('a file/version that already exists on the platform is added')
def step_impl(context):
    pass

@then('a pop-up with the header ""Duplicate File"" should display')
def step_impl(context):
    pass

@then('the page below should be in disabled mode with grey transparency')
def step_impl(context):
    pass

@then('the loading bar should be red with an error icon')
def step_impl(context):
    pass

@then('the pop-up should list folders where the duplicate exists')
def step_impl(context):
    pass

@then('folders without access should display ""N/A - you do not have access to this folder""')
def step_impl(context):
    pass

@then('the pop-up should have ""Skip"" and ""Continue"" buttons')
def step_impl(context):
    pass

@when('the user selects ""Skip""')
def step_impl(context):
    pass

@then('the pop-up closes and the Resource name and preview revert to the previous file/version')
def step_impl(context):
    pass

@when('the user selects ""Continue""')
def step_impl(context):
    pass

@then('the pop-up closes and the red loading line turns green')
def step_impl(context):
    pass

@when('the user returns to list view before the duplicate warning displays')
def step_impl(context):
    pass

@then('an error icon should display with a tooltip \'This file cannot be uploaded as errors have been detected with the file. Click the Error or Edit icon to resolve these issue(s)\'')
def step_impl(context):
    pass

@then('the Save button should be enabled if at least one other resource has no errors')
def step_impl(context):
    pass

@then('the error resource should grey out during save but remain in the list')
def step_impl(context):
    pass

@then('Bulk Apply should still work while the resource is in error')
def step_impl(context):
    pass

@when('the user clicks the error or edit icon')
def step_impl(context):
    pass

@then('the pop-up should display on the open single page')
def step_impl(context):
    pass

@given('multiple resources in the list have errors')
def step_impl(context):
    pass

@when('the user returns to list view before seeing pop-up on single pages')
def step_impl(context):
    pass

@then('multiple resources should display with error icons as per previous scenario')
def step_impl(context):
    pass"
26,"As a user, in the folder filter, I can see all folders that relate to the selected Resources in the filter","Gherkin:
Feature: Folder Filter

Scenario: Display relevant folders for selected resources
Given the user is on the List View page
When the user selects specific resources in the folder filter
Then the folder filter should dynamically populate with all relevant folders

Python:
from behave import given, when, then

@given('the user is on the List View page')
def step_impl(context):
    pass

@when('the user selects specific resources in the folder filter')
def step_impl(context):
    pass

@then('the folder filter should dynamically populate with all relevant folders')
def step_impl(context):
    pass"
27,"As a user, I want to see existing Status column containing all current data","Gherkin:
Feature: Status Column Display

Scenario: Display Status column with current data
Given the user is viewing the Request Details page
When the Status column is displayed
Then it should be positioned to the right of the Request Details column
And to the left of the Workflow Name/Type column
And the column name should be ""Status""
And the Status chips should display the current status of the Workflow Request
And the chip colors should match the design specifications

Python:
from behave import given, when, then

@given('the user is viewing the Request Details page')
def step_impl(context):
    pass

@when('the Status column is displayed')
def step_impl(context):
    pass

@then('it should be positioned to the right of the Request Details column')
def step_impl(context):
    pass

@then('to the left of the Workflow Name/Type column')
def step_impl(context):
    pass

@then('the column name should be ""Status""')
def step_impl(context):
    pass

@then('the Status chips should display the current status of the Workflow Request')
def step_impl(context):
    pass

@then('the chip colors should match the design specifications')
def step_impl(context):
    pass"
28,"As a User, I want to see and create a new page type: Simple Page (from pop-up)","Gherkin:
Feature: Simple Page Creation

Scenario: Create a new Simple Page from pop-up
Given the Simple Page Builder MCP setting is enabled
And the user is on the creation pop-up
When the user selects ""Simple Page""
Then the new page type ""Simple Page"" should be displayed
And the details should be accurately in line with Design

Python:
from behave import given, when, then

@given('the Simple Page Builder MCP setting is enabled')
def step_impl(context):
    pass

@given('the user is on the creation pop-up')
def step_impl(context):
    pass

@when('the user selects ""Simple Page""')
def step_impl(context):
    pass

@then('the new page type ""Simple Page"" should be displayed')
def step_impl(context):
    pass

@then('the details should be accurately in line with Design')
def step_impl(context):
    pass"
29,"As a user, once approved/declined, I would like to see the updated request status in the Grouped Approval Review Page","Gherkin:
Feature: Grouped Approval Review

Scenario: View updated request status after approval or decline
Given the user is on the Grouped Approval Review Page
When the user responds to a request with ""approved""
Then the request status should update to ""Approved""
And the ""Approved until"" date should be displayed
And the ""X more"" and ""Waiting On"" information should update

Python:
from behave import given, when, then

@given('the user is on the Grouped Approval Review Page')
def step_impl(context):
    pass

@when('the user responds to a request with ""{response}""')
def step_impl(context, response):
    pass

@then('the request status should update to ""{status}""')
def step_impl(context, status):
    pass

@then('the ""Approved until"" date should be displayed')
def step_impl(context):
    pass

@then('the ""X more"" and ""Waiting On"" information should update')
def step_impl(context):
    pass"
30,"As a user, once any requests have been updated, I would like to see group approval list with updated waiting on + status for the completed group approval.","Gherkin:
Feature: Group Approval List Update

Scenario: Update group approval list after request changes
Given a request has been updated by the reviewer
When the grouped request is viewed in the Grouped List
Then the ""Waiting On"" reviewer info should be updated
And the reviewer should be removed if they have responded to all individual requests
And the overall grouped status should change to ""Completed"" if all requests are completed

Python:
from behave import given, when, then

@given('a request has been updated by the reviewer')
def step_impl(context):
    pass

@when('the grouped request is viewed in the Grouped List')
def step_impl(context):
    pass

@then('the ""Waiting On"" reviewer info should be updated')
def step_impl(context):
    pass

@then('the reviewer should be removed if they have responded to all individual requests')
def step_impl(context):
    pass

@then('the overall grouped status should change to ""Completed"" if all requests are completed')
def step_impl(context):
    pass"
31,"As a user, I want on close of Single view redirect to Grouped Approval Review page (don't clear out single page response values)","Gherkin:
Feature: Single View to Grouped Approval Review

Scenario: Retain response info on redirect to Grouped Approval Review
Given the user is on a single response page with entered response info
When the user closes the single view
Then they should be redirected to the Grouped Approval Review page
And the response info should be retained

Python:
from behave import given, when, then

@given('the user is on a single response page with entered response info')
def step_impl(context):
    pass

@when('the user closes the single view')
def step_impl(context):
    pass

@then('they should be redirected to the Grouped Approval Review page')
def step_impl(context):
    pass

@then('the response info should be retained')
def step_impl(context):
    pass"
32,"As a user, I want to be able to click Submit Selected & Continue (Bulk)","Gherkin:
Feature: Bulk Submit and Continue

Scenario: Submit selected requests and continue
Given the user has selected requests to submit
When the user clicks the ""Submit Selected & Continue"" button
Then the page should remain open
And the requests should remain on the left page
And the actions/buttons should be disabled
And a blue info snackbar should show with content ""Submitting Response(s)""
And a green snackbar should show with content ""{{X}} Responses submitted""

Python:
from behave import given, when, then

@given('the user has selected requests to submit')
def step_impl(context):
    pass

@when('the user clicks the ""Submit Selected & Continue"" button')
def step_impl(context):
    pass

@then('the page should remain open')
def step_impl(context):
    pass

@then('the requests should remain on the left page')
def step_impl(context):
    pass

@then('the actions/buttons should be disabled')
def step_impl(context):
    pass

@then('a blue info snackbar should show with content ""Submitting Response(s)""')
def step_impl(context):
    pass

@then('a green snackbar should show with content ""{{X}} Responses submitted""')
def step_impl(context):
    pass"
33,"As a User, I want to Rename due to a typo via input field on Training Centre","Gherkin:
Feature: Rename Functionality

Scenario: Rename a face due to a typo
Given the user is on the Training Centre page
And the user sees the ""Rename"" action icon
When the user hovers over the ""Rename"" icon
Then the tooltip should display the message ""This action will allow you to rename the name associated with this face. The change will apply to this image as well as all other images with the same name.""
When the user clicks on ""Rename""
And inputs a new name ""Corrected Name""
Then a confirmation popup should appear
When the user clicks on 'Confirm'
Then the user should see the “Update” button
When the user clicks on ""Update""
Then the new name should be saved to the same person

Python:
from behave import given, when, then

@given('the user is on the Training Centre page')
def step_impl(context):
    pass

@given('the user sees the ""Rename"" action icon')
def step_impl(context):
    pass

@when('the user hovers over the ""Rename"" icon')
def step_impl(context):
    pass

@then('the tooltip should display the message ""{message}""')
def step_impl(context, message):
    pass

@when('the user clicks on ""Rename""')
def step_impl(context):
    pass

@when('inputs a new name ""{new_name}""')
def step_impl(context, new_name):
    pass

@then('a confirmation popup should appear')
def step_impl(context):
    pass

@when('the user clicks on \'Confirm\'')
def step_impl(context):
    pass

@then('the user should see the “Update” button')
def step_impl(context):
    pass

@when('the user clicks on ""Update""')
def step_impl(context):
    pass

@then('the new name should be saved to the same person')
def step_impl(context):
    pass"
34,"As a User, I want to Change the tagged face to another Person (existing) via drop-down menu on Training Centre","Gherkin:
Feature: Change Tagged Face

Scenario: Update tagged face to another existing person
Given the user is on the training centre page
When the user detaches the tagged face
And selects another existing person ""Jane Doe"" from the drop-down menu
And saves the changes
Then the tagged face should be updated to ""Jane Doe""

Python:
from behave import given, when, then

@given('the user is on the training centre page')
def step_impl(context):
    pass

@when('the user detaches the tagged face')
def step_impl(context):
    pass

@when('selects another existing person ""{person_name}"" from the drop-down menu')
def step_impl(context, person_name):
    pass

@when('saves the changes')
def step_impl(context):
    pass

@then('the tagged face should be updated to ""{person_name}""')
def step_impl(context, person_name):
    pass"
35,"As a User, I want to Delete the name from resources across platform on Training Centre","Gherkin:
Feature: Delete Profile

Scenario: Successfully delete a profile from resources
Given the user is on the Training Centre platform
When the user navigates to the profile management section
And selects the profile to delete
And confirms the deletion action
Then the profile should be removed from all resources

Python:
from behave import given, when, then

@given('the user is on the Training Centre platform')
def step_impl(context):
    pass

@when('the user navigates to the profile management section')
def step_impl(context):
    pass

@when('selects the profile to delete')
def step_impl(context):
    pass

@when('confirms the deletion action')
def step_impl(context):
    pass

@then('the profile should be removed from all resources')
def step_impl(context):
    pass"
36,"As a user, I want to review my document against compliance rules before submitting it to the system so that I can address issues early in the process.","Gherkin:
Feature: Document Compliance Review

Scenario: Review document against compliance rules
Given the user has an active Word document
When the user captures and extracts content from the document
And sends the document content and filter values to the Review API
Then the system should provide a compliance review report

Scenario: Fix issue in document
Given the user has received a compliance review report
When the user selects ""Fix Issue""
Then the system should navigate to the relevant section in the Word document

Python:
from behave import given, when, then

@given('the user has an active Word document')
def step_impl(context):
    pass

@when('the user captures and extracts content from the document')
def step_impl(context):
    pass

@when('sends the document content and filter values to the Review API')
def step_impl(context):
    pass

@then('the system should provide a compliance review report')
def step_impl(context):
    pass

@given('the user has received a compliance review report')
def step_impl(context):
    pass

@when('the user selects ""Fix Issue""')
def step_impl(context):
    pass

@then('the system should navigate to the relevant section in the Word document')
def step_impl(context):
    pass"
37,"As a user, I want to view detailed risk results from my document review and take actions on each risk (dismiss or add as comment) so that I can address compliance issues efficiently within my document.
","Gherkin:
Feature: Risk Management

Scenario: View and take action on document risks
Given the user has completed a document review
When the user views the detailed risk results
Then the risks should be displayed in the Red Marker Add-ins format
When the user clicks the ""Insert Comment"" button for a risk
Then a native Microsoft Office comment should be created at the risk location
And the comment text should include risk details and suggested remediation

Python:
from behave import given, when, then

@given('the user has completed a document review')
def step_impl(context):
    pass

@when('the user views the detailed risk results')
def step_impl(context):
    pass

@then('the risks should be displayed in the Red Marker Add-ins format')
def step_impl(context):
    pass

@when('the user clicks the ""Insert Comment"" button for a risk')
def step_impl(context):
    pass

@then('a native Microsoft Office comment should be created at the risk location')
def step_impl(context):
    pass

@then('the comment text should include risk details and suggested remediation')
def step_impl(context):
    pass"
38,"As a user, I want to submit my reviewed document with all review comments for to IB so that it can review in platform or send for approval.
","Gherkin:
Feature: Document Submission

Scenario: Successful document submission to IB
Given the user has reviewed the document with all comments
And all required filters are selected
When the user clicks ""Send to IB""
Then the submission progress should be displayed
And a clear confirmation should be provided

Scenario: Failed document submission due to missing filters
Given the user has reviewed the document with all comments
And not all required filters are selected
When the user clicks ""Send to IB""
Then a clear error message should be displayed
And recovery options should be offered

Python:
from behave import given, when, then

@given('the user has reviewed the document with all comments')
def step_impl(context):
    pass

@given('all required filters are selected')
def step_impl(context):
    pass

@given('not all required filters are selected')
def step_impl(context):
    pass

@when('the user clicks ""Send to IB""')
def step_impl(context):
    pass

@then('the submission progress should be displayed')
def step_impl(context):
    pass

@then('a clear confirmation should be provided')
def step_impl(context):
    pass

@then('a clear error message should be displayed')
def step_impl(context):
    pass

@then('recovery options should be offered')
def step_impl(context):
    pass"
39,"As an IB Admin, I want to designate a specific database as the default for the Add-in Risk Review so that users have a consistent starting point when using the Add-in as well as having a “Quick” drop off method. ","Gherkin:
Feature: Default Database Setting for Risk Reviews

Scenario: Designate a database as the default for Risk Reviews
Given the user is on the Database Settings page
When the user sees the setting labeled ""Make this Database the default for Risk Reviews in Add-ins""
And selects the option to make the current database the default
Then the database should be set as the default for Risk Reviews in Add-ins

Python:
from behave import given, when, then

@given('the user is on the Database Settings page')
def step_impl(context):
    pass

@when('the user sees the setting labeled ""Make this Database the default for Risk Reviews in Add-ins""')
def step_impl(context):
    pass

@when('selects the option to make the current database the default')
def step_impl(context):
    pass

@then('the database should be set as the default for Risk Reviews in Add-ins')
def step_impl(context):
    pass"
40,"As a Product user, I want to be able to turn the Record Publish Approval feature on / off during development (MCP)","Gherkin:
Feature: Record Publish Approval Feature Toggle

Scenario: Toggle Record Publish Approval feature during development
Given the user is on the settings page
When the user sees the setting ""Databases - Record Publish Approval Rewrite POC (development use only)""
And renames it to ""Approvals - Record Publish Approval Rewrite (development use only)""
Then the setting should be updated successfully

Python:
from behave import given, when, then

@given('the user is on the settings page')
def step_impl(context):
    pass

@when('the user sees the setting ""Databases - Record Publish Approval Rewrite POC (development use only)""')
def step_impl(context):
    pass

@when('renames it to ""Approvals - Record Publish Approval Rewrite (development use only)""')
def step_impl(context):
    pass

@then('the setting should be updated successfully')
def step_impl(context):
    pass"
41,"As a User, I want to be able to view my Record's Request status in the same section that's available for other V3 Approval types","Gherkin:
Feature: View Record's Request Status

Scenario: View Request Status in Record Publish Approval
Given the user is on the Record Publish Approval review page
When the user navigates to the ""Request Status"" section
Then the section should display the Request Status
And the section should display Approval(s) Still Required
And the section should display Waiting on

Python:
from behave import given, when, then

@given('the user is on the Record Publish Approval review page')
def step_impl(context):
    pass

@when('the user navigates to the ""Request Status"" section')
def step_impl(context):
    pass

@then('the section should display the Request Status')
def step_impl(context):
    pass

@then('the section should display Approval(s) Still Required')
def step_impl(context):
    pass

@then('the section should display Waiting on')
def step_impl(context):
    pass"
42,"As a User, I want to hide Comments on records & respective tabs for now when in the Approvals module","Gherkin:
Feature: Approvals Module

Scenario: Hide comments and tabs in the Approvals module
Given the user is in the Approvals module
When the user views a record
Then the comments functionality should not be accessible
And the tabs ""Markup"", ""Revisions"", ""Response"" should not be visible

Python:
from behave import given, when, then

@given('the user is in the Approvals module')
def step_impl(context):
    pass

@when('the user views a record')
def step_impl(context):
    pass

@then('the comments functionality should not be accessible')
def step_impl(context):
    pass

@then('the tabs ""{tab1}"", ""{tab2}"", ""{tab3}"" should not be visible')
def step_impl(context, tab1, tab2, tab3):
    pass"
43,"As a User, I want to hide the record footer & hide actions in the header within the record view","Gherkin:
Feature: Record View Customization

Scenario: Customize record view to hide footer and actions
Given the user is viewing a record
When the system hides the record footer
And displays only the Database Name, Record name, and sequence ID in the header
And hides all other actions in the top right
And hides the close button in the record view header
And hides the left/right navigation arrows
Then the record view should be simplified to avoid confusion

Python:
from behave import given, when, then

@given('the user is viewing a record')
def step_impl(context):
    pass

@when('the system hides the record footer')
def step_impl(context):
    pass

@when('displays only the Database Name, Record name, and sequence ID in the header')
def step_impl(context):
    pass

@when('hides all other actions in the top right')
def step_impl(context):
    pass

@when('hides the close button in the record view header')
def step_impl(context):
    pass

@when('hides the left/right navigation arrows')
def step_impl(context):
    pass

@then('the record view should be simplified to avoid confusion')
def step_impl(context):
    pass"
44,"As a User, I want to be able to view all Pages and specific Stages on the record view","Gherkin:
Feature: Record View Navigation

Scenario: View and navigate Pages in a Single Record
Given the user is viewing a Single Database Record
When the user navigates to a Page or section
Then the user should be able to view the selected Page or section

Scenario: View Stages in a Staged Record in Pending
Given the user is viewing a Staged Record in Pending
When the user views the stages
Then Stage 1 should be visible by default
And all future stage names should appear in the navigation but be disabled

Python:
from behave import given, when, then

@given('the user is viewing a Single Database Record')
def step_impl(context):
    pass

@when('the user navigates to a Page or section')
def step_impl(context):
    pass

@then('the user should be able to view the selected Page or section')
def step_impl(context):
    pass

@given('the user is viewing a Staged Record in Pending')
def step_impl(context):
    pass

@when('the user views the stages')
def step_impl(context):
    pass

@then('Stage 1 should be visible by default')
def step_impl(context):
    pass

@then('all future stage names should appear in the navigation but be disabled')
def step_impl(context):
    pass"
45,"As a User, I want to Detach the recognised name from the Resource on Training Centre","Gherkin:
Feature: Detach Recognised Name

Scenario: Detach a recognised name from a resource
Given the user is on the training centre page with recognised faces
When the user sees the ""Detach name"" action icon for a recognised face
And hovers over the ""Detach name"" icon
Then a tooltip should appear with the message ""This action will revert the face to an 'Unknown' status for this image only. You can add a new name later if needed.""
When the user clicks on the ""Detach name"" icon
Then a confirmation popup should appear
When the user clicks ""Confirm"" on the popup
Then the recognised face should change to ""Unknown"" status
And the user should be able to input a new name in the ""Unknown"" name field
And the applicable ticket should be updated
And the changes should be automatically reflected without a ""Save"" button

Python:
from behave import given, when, then

@given('the user is on the training centre page with recognised faces')
def step_impl(context):
    pass

@when('the user sees the ""Detach name"" action icon for a recognised face')
def step_impl(context):
    pass

@when('hovers over the ""Detach name"" icon')
def step_impl(context):
    pass

@then('a tooltip should appear with the message ""This action will revert the face to an \'Unknown\' status for this image only. You can add a new name later if needed.""')
def step_impl(context):
    pass

@when('the user clicks on the ""Detach name"" icon')
def step_impl(context):
    pass

@then('a confirmation popup should appear')
def step_impl(context):
    pass

@when('the user clicks ""Confirm"" on the popup')
def step_impl(context):
    pass

@then('the recognised face should change to ""Unknown"" status')
def step_impl(context):
    pass

@then('the user should be able to input a new name in the ""Unknown"" name field')
def step_impl(context):
    pass

@then('the applicable ticket should be updated')
def step_impl(context):
    pass

@then('the changes should be automatically reflected without a ""Save"" button')
def step_impl(context):
    pass"
46,"As a User, I want to see Button Widget's background colour config designs in line with entire Side Panel","Gherkin:
Feature: Button Widget Design Consistency

Scenario: Verify Button Widget's background and text colour settings
Given the user is on the Side Panel
When the user views the Button Widget's settings
Then the settings should display options for Button background and text colours

Scenario: Verify Button Widget's state effects consistency
Given the user is on the Side Panel
When the user interacts with the Button Widget
Then the Button Widget should display consistent selected, default, and hovered state effects

Python:
from behave import given, when, then

@given('the user is on the Side Panel')
def step_impl(context):
    pass

@when('the user views the Button Widget\'s settings')
def step_impl(context):
    pass

@then('the settings should display options for Button background and text colours')
def step_impl(context):
    pass

@when('the user interacts with the Button Widget')
def step_impl(context):
    pass

@then('the Button Widget should display consistent selected, default, and hovered state effects')
def step_impl(context):
    pass"
47,"As a User, I want to see Block ""ratio"" simply changed to ""width""","Gherkin:
Feature: Block Configuration

Scenario: Change Block ""Ratio"" to ""Width"" in Side Panel
Given the user is viewing the Side Panel
When the user sees the Block's configuration
Then the title should be ""Width""
And the description label should be ""BLOCK RATIO"" between the ""Width"" title and the slider

Python:
from behave import given, when, then

@given('the user is viewing the Side Panel')
def step_impl(context):
    pass

@when('the user sees the Block\'s configuration')
def step_impl(context):
    pass

@then('the title should be ""Width""')
def step_impl(context):
    pass

@then('the description label should be ""BLOCK RATIO"" between the ""Width"" title and the slider')
def step_impl(context):
    pass"
48,"As a user, I want to remove double saving messages","Gherkin:
Feature: Remove Duplicate Messages

Scenario: Remove duplicate saving message
Given the user is on the image tagging page
When the user sees two ""Image will be tagged after saving."" messages
Then the message below the field should be removed

Python:
from behave import given, when, then

@given('the user is on the image tagging page')
def step_impl(context):
    pass

@when('the user sees two ""Image will be tagged after saving."" messages')
def step_impl(context):
    pass

@then('the message below the field should be removed')
def step_impl(context):
    pass"
49,"As a User, I want to differentiate page saving between creating a new and editing an existing Simple Page","Gherkin:
Feature: Simple Page Saving

Scenario: Save a new Simple Page and redirect to editing mode
Given the user is on the Simple Page Builder create page
When the user saves the new Simple Page
Then the user should be redirected to the editing page URL in editing mode

Scenario: Save an existing Simple Page with latest contents
Given the user is on the Simple Page Builder update page
When the user saves the existing Simple Page
Then the page should remain in editing mode with the latest contents

Scenario: Continue saving an edited Simple Page
Given the user has made changes to an existing Simple Page
When the user saves the changes
Then the page should remain in editing mode with the latest contents

Python:
from behave import given, when, then

@given('the user is on the Simple Page Builder create page')
def step_impl(context):
    pass

@when('the user saves the new Simple Page')
def step_impl(context):
    pass

@then('the user should be redirected to the editing page URL in editing mode')
def step_impl(context):
    pass

@given('the user is on the Simple Page Builder update page')
def step_impl(context):
    pass

@when('the user saves the existing Simple Page')
def step_impl(context):
    pass

@then('the page should remain in editing mode with the latest contents')
def step_impl(context):
    pass

@given('the user has made changes to an existing Simple Page')
def step_impl(context):
    pass

@when('the user saves the changes')
def step_impl(context):
    pass

@then('the page should remain in editing mode with the latest contents')
def step_impl(context):
    pass"
50,"As a user, I want all options to be included in V3 importer","Gherkin:
Feature: V3 Importer Options

Scenario: Include all Asset Intelligence options in V3 importer
Given the user is configuring the V3 importer
When the user selects Image Tagging, Video Tagging, and Closed Captions
And prepares for future Facial Recognition
Then the importer should include all selected Asset Intelligence options

Python:
from behave import given, when, then

@given('the user is configuring the V3 importer')
def step_impl(context):
    pass

@when('the user selects Image Tagging, Video Tagging, and Closed Captions')
def step_impl(context):
    pass

@when('prepares for future Facial Recognition')
def step_impl(context):
    pass

@then('the importer should include all selected Asset Intelligence options')
def step_impl(context):
    pass"
51,"As a User, I want to Get a list of Smart Pages via API","Gherkin:
Feature: Retrieve Smart Pages

Scenario: Successfully retrieve a list of Smart Pages via API
Given the API endpoint for Smart Pages is available
When the user sends a GET request to the Smart Pages API
Then the response should contain a list of Smart Pages

Python:
from behave import given, when, then

@given('the API endpoint for Smart Pages is available')
def step_impl(context):
    pass

@when('the user sends a GET request to the Smart Pages API')
def step_impl(context):
    pass

@then('the response should contain a list of Smart Pages')
def step_impl(context):
    pass"
52,"As a User, I want to Get a Smart page, including details: Page, Sections, Blocks, and Widgets via API","Gherkin:
Feature: Smart Page Retrieval

Scenario: Retrieve smart page details via API
Given the API endpoint for smart page retrieval is available
When the user makes a GET request to the smart page API
Then the response should include details of Page, Sections, Blocks, and Widgets

Python:
from behave import given, when, then

@given('the API endpoint for smart page retrieval is available')
def step_impl(context):
    pass

@when('the user makes a GET request to the smart page API')
def step_impl(context):
    pass

@then('the response should include details of Page, Sections, Blocks, and Widgets')
def step_impl(context):
    pass"
53,"As a User, I want to Delete a Smart Page via API","Gherkin:
Feature: Delete Smart Page via API

Scenario: Successfully delete a Smart Page using API
Given the user has access to the API documentation
When the user sends a DELETE request to the Smart Page API with a valid page ID ""12345""
Then the Smart Page should be deleted successfully
And the response status code should be 200

Python:
from behave import given, when, then

@given('the user has access to the API documentation')
def step_impl(context):
    pass

@when('the user sends a DELETE request to the Smart Page API with a valid page ID ""{page_id}""')
def step_impl(context, page_id):
    pass

@then('the Smart Page should be deleted successfully')
def step_impl(context):
    pass

@then('the response status code should be {status_code:d}')
def step_impl(context, status_code):
    pass"
54,"As a User, I want to report Resource Download (Original) action in Usage Reporting for Custom Page Module","Gherkin:
Feature: Usage Reporting for Resource Download

Scenario: Report resource download action for original size
Given the user is on the custom page module
When the user downloads a resource in ""Best"" quality
Then the action should be reported in the usage reporting system

Python:
from behave import given, when, then

@given('the user is on the custom page module')
def step_impl(context):
    pass

@when('the user downloads a resource in ""{quality}"" quality')
def step_impl(context, quality):
    pass

@then('the action should be reported in the usage reporting system')
def step_impl(context):
    pass"
55,"As a User, I want to report on Resource downloaded (Original) separately than added in Smart Page for Resource Module (Usage)","Gherkin:
Feature: Resource Usage Reporting

Scenario: Track resource download action in Smart Pages
Given the user is on the Smart Page with Resource Lookup
When the user downloads a previously uploaded Resource in ""Best"" quality
Then the resource usage report should reflect the download action

Python:
from behave import given, when, then

@given('the user is on the Smart Page with Resource Lookup')
def step_impl(context):
    pass

@when('the user downloads a previously uploaded Resource in ""Best"" quality')
def step_impl(context):
    pass

@then('the resource usage report should reflect the download action')
def step_impl(context):
    pass"
56,"As a User, I want to access Reply action for New Comments in Daily Digest Email","Gherkin:
Feature: Reply to Comments in Daily Digest Email

Scenario: Access Reply action for new comments
Given the user is viewing the Daily Digest Email
When the user sees the ""Reply"" link for a new comment
And clicks the ""Reply"" link
Then a new tab should open with the Reply page
And the applicable comment should be highlighted
And the text-box should be active for replying

Python:
from behave import given, when, then

@given('the user is viewing the Daily Digest Email')
def step_impl(context):
    pass

@when('the user sees the ""Reply"" link for a new comment')
def step_impl(context):
    pass

@when('clicks the ""Reply"" link')
def step_impl(context):
    pass

@then('a new tab should open with the Reply page')
def step_impl(context):
    pass

@then('the applicable comment should be highlighted')
def step_impl(context):
    pass

@then('the text-box should be active for replying')
def step_impl(context):
    pass"
57,"As a User, I want to see Block ""ratio"" simply changed to ""width""","Gherkin:
Feature: Block Configuration

Scenario: Change Block ""Ratio"" to ""Width"" in Side Panel
Given the user is on the Block configuration side panel
When the user views the current Block's configuration
Then the title should be ""Width""
And the description label should be ""BLOCK RATIO"" between the ""Width"" title and the slider

Python:
from behave import given, when, then

@given('the user is on the Block configuration side panel')
def step_impl(context):
    pass

@when('the user views the current Block\'s configuration')
def step_impl(context):
    pass

@then('the title should be ""Width""')
def step_impl(context):
    pass

@then('the description label should be ""BLOCK RATIO"" between the ""Width"" title and the slider')
def step_impl(context):
    pass"
58,"As a User, I want to see Button Widget's background colour config designs in line with entire Side Panel","Gherkin:
Feature: Button Widget Design Consistency

Scenario: Verify Button Widget's background and text colours
Given the user is on the Side Panel
When the user views the Button Widget's settings
Then the Button Widget's background and text colours should match the design

Scenario: Verify Button Widget's state effects
Given the user is on the Side Panel
When the user interacts with the Button Widget
Then the Button Widget should display consistent selected, default, and hovered state effects

Python:
from behave import given, when, then

@given('the user is on the Side Panel')
def step_impl(context):
    pass

@when('the user views the Button Widget\'s settings')
def step_impl(context):
    pass

@then('the Button Widget\'s background and text colours should match the design')
def step_impl(context):
    pass

@when('the user interacts with the Button Widget')
def step_impl(context):
    pass

@then('the Button Widget should display consistent selected, default, and hovered state effects')
def step_impl(context):
    pass"
59,"As a User, I want to have Block's height auto-adjusted based on the Widget within","Gherkin:
Feature: Auto-adjust Block Height

Scenario: Block height adjusts based on Widget height
Given a Block with a Widget inside
When the Widget's height is set to 300 pixels
Then the Block's height should be adjusted to 300 pixels

Python:
from behave import given, when, then

@given('a Block with a Widget inside')
def step_impl(context):
    pass

@when('the Widget\'s height is set to {height:d} pixels')
def step_impl(context, height):
    pass

@then('the Block\'s height should be adjusted to {height:d} pixels')
def step_impl(context, height):
    pass"
60,"As a User, I want to have Section's height auto-adjusted based on the Section within","Gherkin:
Feature: Auto-adjust Section Height

Scenario: Section height auto-adjusts based on Block height
Given a section with a block inside
When the block's height is set to a larger value
Then the section's height should increase to match the block's height
When the block's height is set to a smaller value
Then the section's height should decrease to match the block's height

Python:
from behave import given, when, then

@given('a section with a block inside')
def step_impl(context):
    pass

@when('the block\'s height is set to a larger value')
def step_impl(context):
    pass

@then('the section\'s height should increase to match the block\'s height')
def step_impl(context):
    pass

@when('the block\'s height is set to a smaller value')
def step_impl(context):
    pass

@then('the section\'s height should decrease to match the block\'s height')
def step_impl(context):
    pass"
61,"As a User, I want to switch the focus between Section, Block, and Widget","Gherkin:
Feature: Focus Switching

Scenario: Switch focus between Section, Block, and Widget
Given the user is on the design page
When the user selects a ""Section""
And switches focus to ""Block""
Then the focus should be on the ""Block""

Scenario: Switch focus from Child to Parent
Given the user is on the design page
When the user selects a ""Widget""
And switches focus to ""Block""
Then the focus should be on the ""Block""

Python:
from behave import given, when, then

@given('the user is on the design page')
def step_impl(context):
    pass

@when('the user selects a ""{element}""')
def step_impl(context, element):
    pass

@when('switches focus to ""{target}""')
def step_impl(context, target):
    pass

@then('the focus should be on the ""{target}""')
def step_impl(context, target):
    pass"
62,"As a User, I want to edit a Section","Gherkin:
Feature: Edit Section

Scenario: Edit section with background and layout settings
Given the user is on the section edit page
When the user sets the background to a color ""blue""
And sets the background image URL to ""http://example.com/image.jpg""
And sets the direction to ""horizontal""
And sets the padding to Left: 64, Right: 64, Top: 64, Bottom: 64
Then the section should be updated with the new settings

Python:
from behave import given, when, then

@given('the user is on the section edit page')
def step_impl(context):
    pass

@when('the user sets the background to a color ""{color}""')
def step_impl(context, color):
    pass

@when('sets the background image URL to ""{url}""')
def step_impl(context, url):
    pass

@when('sets the direction to ""{direction}""')
def step_impl(context, direction):
    pass

@when('sets the padding to Left: {left:d}, Right: {right:d}, Top: {top:d}, Bottom: {bottom:d}')
def step_impl(context, left, right, top, bottom):
    pass

@then('the section should be updated with the new settings')
def step_impl(context):
    pass"
63,"As a User, I want to see different effects on Sections/Blocks so I can know different states of them","Gherkin:
Feature: Section/Block Effects

Scenario: View different effects on sections/blocks
Given the user is on the page with sections/blocks
When the user hovers over a section/block
Then the section/block should display the hovering border effect as per design
When the user selects a section/block
Then the section/block should display the selecting border effect as per design
When the user views a section/block without interaction
Then the section/block should display the default state effect as per design

Python:
from behave import given, when, then

@given('the user is on the page with sections/blocks')
def step_impl(context):
    pass

@when('the user hovers over a section/block')
def step_impl(context):
    pass

@then('the section/block should display the hovering border effect as per design')
def step_impl(context):
    pass

@when('the user selects a section/block')
def step_impl(context):
    pass

@then('the section/block should display the selecting border effect as per design')
def step_impl(context):
    pass

@when('the user views a section/block without interaction')
def step_impl(context):
    pass

@then('the section/block should display the default state effect as per design')
def step_impl(context):
    pass"
64,"As a User, I want to edit Font in Text Widget","Gherkin:
Feature: Edit Font in Text Widget

Scenario: Edit font in the Rich Text Editor
Given the user is on the Text Widget editor page
When the user selects the Rich Text Editor
And chooses a font from the current custom page fonts
Then the font should be applied to the text

Scenario: Use custom fonts from Admin
Given the user is on the Text Widget editor page
When the user selects the Rich Text Editor
And chooses a custom font added from Admin
Then the custom font should be applied to the text

Python:
from behave import given, when, then

@given('the user is on the Text Widget editor page')
def step_impl(context):
    pass

@when('the user selects the Rich Text Editor')
def step_impl(context):
    pass

@when('chooses a font from the current custom page fonts')
def step_impl(context):
    pass

@then('the font should be applied to the text')
def step_impl(context):
    pass

@when('chooses a custom font added from Admin')
def step_impl(context):
    pass

@then('the custom font should be applied to the text')
def step_impl(context):
    pass"
65,"As a User, I want to use the Simple Page tag on CP List page","Gherkin:
Feature: Simple Page Tag on CP List Page

Scenario: Display Simple Pages label when Simple Page type pages exist
Given there are saved Simple Page type pages
When the user is on the CP list page
Then the label ""Simple Pages"" should be visible at the top of the CP list table

Scenario: Filter list results to only Simple Page type pages
Given the user is on the CP list page with Simple Page type pages
When the user clicks on the ""Simple Pages"" tag
Then the list results should only show Simple Page type pages

Scenario: Details align with design
Given the user is on the CP list page
When the user views the Simple Pages label and list
Then the details should be accurately in line with the design

Python:
from behave import given, when, then

@given('there are saved Simple Page type pages')
def step_impl(context):
    pass

@given('the user is on the CP list page with Simple Page type pages')
def step_impl(context):
    pass

@given('the user is on the CP list page')
def step_impl(context):
    pass

@when('the user is on the CP list page')
def step_impl(context):
    pass

@when('the user clicks on the ""Simple Pages"" tag')
def step_impl(context):
    pass

@when('the user views the Simple Pages label and list')
def step_impl(context):
    pass

@then('the label ""Simple Pages"" should be visible at the top of the CP list table')
def step_impl(context):
    pass

@then('the list results should only show Simple Page type pages')
def step_impl(context):
    pass

@then('the details should be accurately in line with the design')
def step_impl(context):
    pass"
66,"As a User, I want to save the created Simple Page for CP module","Gherkin:
Feature: Save Simple Page

Scenario: Successfully save a Simple Page
Given the user is on the Simple Page creation screen
When the user enters valid details for the Simple Page
And clicks the ""Save"" button
Then the Simple Page should be saved to the CP module database
And the Simple Page should be listed when the CP module is refreshed
And the details should match the design specifications

Python:
from behave import given, when, then

@given('the user is on the Simple Page creation screen')
def step_impl(context):
    pass

@when('the user enters valid details for the Simple Page')
def step_impl(context):
    pass

@when('clicks the ""Save"" button')
def step_impl(context):
    pass

@then('the Simple Page should be saved to the CP module database')
def step_impl(context):
    pass

@then('the Simple Page should be listed when the CP module is refreshed')
def step_impl(context):
    pass

@then('the details should match the design specifications')
def step_impl(context):
    pass"
67,"As a User, I want to use the simple page builder after creating a new Simple Page (go to page builder)","Gherkin:
Feature: Simple Page Creation

Scenario: Create and load a new Simple Page in the page builder
Given the user is on the new page type selection pop up
When the user selects ""Simple Page""
And clicks the create button
Then they should be directed to the simple page builder
And the simple page builder should load on the same tab
And the IB global navigation top-bar should be visible

Python:
from behave import given, when, then

@given('the user is on the new page type selection pop up')
def step_impl(context):
    pass

@when('the user selects ""Simple Page""')
def step_impl(context):
    pass

@when('clicks the create button')
def step_impl(context):
    pass

@then('they should be directed to the simple page builder')
def step_impl(context):
    pass

@then('the simple page builder should load on the same tab')
def step_impl(context):
    pass

@then('the IB global navigation top-bar should be visible')
def step_impl(context):
    pass"
68,"As a User, I want to re-arrange the order of fields so Expiry Date is below Purpose (+Package) fields ","Gherkin:
Feature: Re-arrange fields on Site page

Scenario: Move Expiry Date field below Package field
Given the user is on the Add Site page
When the user views the order of fields
Then the Expiry Date field should be below the Package field

Scenario: Move Expiry Date field below Package field on Edit Site page
Given the user is on the Edit Site page
When the user views the order of fields
Then the Expiry Date field should be below the Package field

Scenario: Move Expiry Date field below Package field on View Site page
Given the user is on the View Site page
When the user views the order of fields
Then the Expiry Date field should be below the Package field

Python:
from behave import given, when, then

@given('the user is on the Add Site page')
def step_impl(context):
    pass

@given('the user is on the Edit Site page')
def step_impl(context):
    pass

@given('the user is on the View Site page')
def step_impl(context):
    pass

@when('the user views the order of fields')
def step_impl(context):
    pass

@then('the Expiry Date field should be below the Package field')
def step_impl(context):
    pass"
69,"As a User, I want to update UI & logic around selecting Jobs in Info Preview panel for preview + closing them to return to Resource preview","Gherkin:
Feature: Job Preview Selection

Scenario: Update UI & logic for selecting and closing Job Previews
Given the user is on the Info Preview panel
When the user selects a Job
Then the Job Preview should be displayed

Scenario: Re-click to switch back to Resource Preview
Given the Job Preview is displayed
When the user re-clicks the selected Job
Then the Resource Preview should be displayed

Scenario: Close Job Preview to return to Resource Preview
Given the Job Preview is displayed
When the user closes the Job Preview
Then the Resource Preview should be displayed

Python:
from behave import given, when, then

@given('the user is on the Info Preview panel')
def step_impl(context):
    pass

@when('the user selects a Job')
def step_impl(context):
    pass

@then('the Job Preview should be displayed')
def step_impl(context):
    pass

@given('the Job Preview is displayed')
def step_impl(context):
    pass

@when('the user re-clicks the selected Job')
def step_impl(context):
    pass

@then('the Resource Preview should be displayed')
def step_impl(context):
    pass

@when('the user closes the Job Preview')
def step_impl(context):
    pass"
70,"As a User, I want UI Button / Action on Template Resource in Info Preview to Create Job, which opens in Editor","Gherkin:
Feature: Create Job from Template

Scenario: Create Job action on Template Resource
Given the user is on the Info Preview page with permission to create jobs
And the template is created by img.ly+IB
When the user clicks the ""Create Job"" button
Then the template should open in the editor as a job

Python:
from behave import given, when, then

@given('the user is on the Info Preview page with permission to create jobs')
def step_impl(context):
    pass

@given('the template is created by img.ly+IB')
def step_impl(context):
    pass

@when('the user clicks the ""Create Job"" button')
def step_impl(context):
    pass

@then('the template should open in the editor as a job')
def step_impl(context):
    pass"
71,"As a user who can reassign, I can select multiple reviewers","Gherkin:
Feature: Reassign Reviewers

Scenario: Select multiple reviewers from dropdown
Given the prerequisite is enabled and opened
When the user opens the reviewer selection dropdown
And selects multiple reviewers ""Alice"", ""Bob"", and ""Charlie""
Then the selected reviewers should appear in the field

Python:
from behave import given, when, then

@given('the prerequisite is enabled and opened')
def step_impl(context):
    pass

@when('the user opens the reviewer selection dropdown')
def step_impl(context):
    pass

@when('selects multiple reviewers ""{reviewer1}"", ""{reviewer2}"", and ""{reviewer3}""')
def step_impl(context, reviewer1, reviewer2, reviewer3):
    pass

@then('the selected reviewers should appear in the field')
def step_impl(context):
    pass"
72,As a user I want to see the list of people I can reassign to,"Gherkin:
Feature: Reassign Users

Scenario: View list of users for reassignment
Given the prerequisite is enabled and opened
When the user accesses the reassignment dropdown
Then the dropdown should display a list of users

Python:
from behave import given, when, then

@given('the prerequisite is enabled and opened')
def step_impl(context):
    pass

@when('the user accesses the reassignment dropdown')
def step_impl(context):
    pass

@then('the dropdown should display a list of users')
def step_impl(context):
    pass"
73,"As a user, I want to be able to open a reassign V3 Modal (Core new UI)","Gherkin:
Feature: Reassign V3 Modal

Scenario: Open reassign V3 modal with prerequisites enabled
Given the prerequisite is enabled
And the user has permission to re-assign
When the user clicks on re-assign
Then the V3+ UI modal should display as per designs

Python:
from behave import given, when, then

@given('the prerequisite is enabled')
def step_impl(context):
    pass

@given('the user has permission to re-assign')
def step_impl(context):
    pass

@when('the user clicks on re-assign')
def step_impl(context):
    pass

@then('the V3+ UI modal should display as per designs')
def step_impl(context):
    pass"
74,"As a User, I want MCP Setting for Kanban Sort Options Updates","Gherkin:
Feature: MCP Setting for Kanban Sort Options

Scenario: Add Kanban Sort Options setting under Development Use Only
Given the user is on the settings page
When the user navigates to the Development Use Only section
And adds the Kanban Sort Options setting under Databases - Single User Record Edit Restriction
Then the setting should be visible in the Development Use Only section

Python:
from behave import given, when, then

@given('the user is on the settings page')
def step_impl(context):
    pass

@when('the user navigates to the Development Use Only section')
def step_impl(context):
    pass

@when('adds the Kanban Sort Options setting under Databases - Single User Record Edit Restriction')
def step_impl(context):
    pass

@then('the setting should be visible in the Development Use Only section')
def step_impl(context):
    pass"
75,"As a User, I want MCP Setting for Approvals List Bulk Actions Updates","Gherkin:
Feature: MCP Setting for Approvals List Bulk Actions Updates

Scenario: Add new setting for Bulk Action Updates
Given the user is on the settings page
When the user navigates to the ""Development Use Only"" section
And adds the ""Approvals - Request List (V3) - Bulk Action Updates"" setting
Then the setting should appear above ""Approvals - Request List (V3) - Column Enhancements""

Python:
from behave import given, when, then

@given('the user is on the settings page')
def step_impl(context):
    pass

@when('the user navigates to the ""Development Use Only"" section')
def step_impl(context):
    pass

@when('adds the ""Approvals - Request List (V3) - Bulk Action Updates"" setting')
def step_impl(context):
    pass

@then('the setting should appear above ""Approvals - Request List (V3) - Column Enhancements""')
def step_impl(context):
    pass"
76,"As a User, I want new File Format 'Templates' displays for scene files that are Img.ly/IB creations (ie, we do not display as scene files) - [V3 Locations]","Gherkin:
Feature: Display File Format as Templates

Scenario: Display 'Templates' for Img.ly/IB creations
Given a resource is created via IB+Img.ly
When the user views the resource in Info Preview
Then the File Format should be displayed as 'Templates'
When the user searches for the resource in Database Resource Lookup
Then the File Format should be displayed as 'Templates'
When the user checks the resource in Review Request > Item Details
Then the File Format should be displayed as 'Templates'

Python:
from behave import given, when, then

@given('a resource is created via IB+Img.ly')
def step_impl(context):
    pass

@when('the user views the resource in Info Preview')
def step_impl(context):
    pass

@then('the File Format should be displayed as ""Templates""')
def step_impl(context):
    pass

@when('the user searches for the resource in Database Resource Lookup')
def step_impl(context):
    pass

@when('the user checks the resource in Review Request > Item Details')
def step_impl(context):
    pass"
77,"As a User, I want to Restricted Actions for Template Resources [Database Locations]","Gherkin:
Feature: Restricted Actions for Template Resources

Scenario: Restricted actions for created or master templates
Given a resource is a created template or a master template
When a user views the available actions
Then the actions ""Download"", ""Block from Single and Bulk Download"", ""Alias"", ""Block from Single and Bulk Create Alias"" should not be displayed

Scenario: Supported actions for A/C
Given a resource is an A/C
When a user views the available actions
Then the actions ""Edit"", ""Email Internal Share Link"", ""Move"", ""Check in / Out"", ""Usage"", ""Related"", ""Feedback"" should be displayed

Python:
from behave import given, when, then

@given('a resource is a created template or a master template')
def step_impl(context):
    pass

@when('a user views the available actions')
def step_impl(context):
    pass

@then('the actions ""{action_list}"" should not be displayed')
def step_impl(context, action_list):
    pass

@given('a resource is an A/C')
def step_impl(context):
    pass

@then('the actions ""{action_list}"" should be displayed')
def step_impl(context, action_list):
    pass"
78,"As a User, when I create, update and delete a Server and the action has failed, show a snackbar message to show the error","Gherkin:
Feature: Server Management Error Handling

Scenario: Show error message when server creation fails
Given the user is on the server creation page
When the user attempts to create a server and it fails
Then the page remains open
And a snackbar appears with the error message

Scenario: Show error message when server update fails
Given the user is on the server update page
When the user attempts to update a server and it fails
Then the page remains open
And a snackbar appears with the error message

Scenario: Show error message when server deletion fails
Given the user is on the server deletion dialog
When the user attempts to delete a server and it fails
Then the dialog remains open
And a snackbar appears with the error message

Python:
from behave import given, when, then

@given('the user is on the server creation page')
def step_impl(context):
    pass

@when('the user attempts to create a server and it fails')
def step_impl(context):
    pass

@then('the page remains open')
def step_impl(context):
    pass

@then('a snackbar appears with the error message')
def step_impl(context):
    pass

@given('the user is on the server update page')
def step_impl(context):
    pass

@when('the user attempts to update a server and it fails')
def step_impl(context):
    pass

@given('the user is on the server deletion dialog')
def step_impl(context):
    pass

@when('the user attempts to delete a server and it fails')
def step_impl(context):
    pass

@then('the dialog remains open')
def step_impl(context):
    pass"
79,"As a User, I want MCP Setting for Single User Record Editor Restriction","Gherkin:
Feature: MCP Setting for Single User Record Editor Restriction

Scenario: Add new setting to MCP
Given the user is on the MCP settings page
When the user navigates to the ""Development Use Only"" section
And adds a new setting named ""Databases - Single User Record Edit Restriction""
Then the setting should be added to the bottom of the list

Python:
from behave import given, when, then

@given('the user is on the MCP settings page')
def step_impl(context):
    pass

@when('the user navigates to the ""Development Use Only"" section')
def step_impl(context):
    pass

@when('adds a new setting named ""Databases - Single User Record Edit Restriction""')
def step_impl(context):
    pass

@then('the setting should be added to the bottom of the list')
def step_impl(context):
    pass"
80,"As a user who has selected Master Template option, if I can see none, I am directed to Create a blank one instead","Gherkin:
Feature: Master Template Selection

Scenario: No Master Templates available
Given the user has selected the Master Template option
When no Master Templates exist
Then the message ""No Master Templates available"" should be displayed
And the user can select to Create a Blank Template

Python:
from behave import given, when, then

@given('the user has selected the Master Template option')
def step_impl(context):
    pass

@when('no Master Templates exist')
def step_impl(context):
    pass

@then('the message ""No Master Templates available"" should be displayed')
def step_impl(context):
    pass

@then('the user can select to Create a Blank Template')
def step_impl(context):
    pass"
81,"As a user who selected a Master Template, this loads into the Editor","Gherkin:
Feature: Master Template Loading

Scenario: Load selected Master Template into the Editor
Given the user has selected a Master Template named ""Business Plan""
When the template is loaded into the editor
Then the editor should display the template named ""Business Plan""

Python:
from behave import given, when, then

@given('the user has selected a Master Template named ""{template_name}""')
def step_impl(context, template_name):
    pass

@when('the template is loaded into the editor')
def step_impl(context):
    pass

@then('the editor should display the template named ""{template_name}""')
def step_impl(context, template_name):
    pass"
82,"As a User, On save, a new Job should appear in job list/tab for that Template Resource (B.E. handling)","Gherkin:
Feature: Job Creation

Scenario: Save a new job for a template resource
Given the user is on the template resource page
When the user clicks the save button
Then a new job should appear in the job list for that template resource

Python:
from behave import given, when, then

@given('the user is on the template resource page')
def step_impl(context):
    pass

@when('the user clicks the save button')
def step_impl(context):
    pass

@then('a new job should appear in the job list for that template resource')
def step_impl(context):
    pass"
83,"As a user creating a job, I can only edit / configure elements allowed by Template creator","Gherkin:
Feature: Job Editor Restrictions

Scenario: Edit elements in Adopter Mode with restrictions
Given the user opens the Editor in Adopter Mode
When the user attempts to interact with a restricted element
Then the user should not be able to edit the element

Python:
from behave import given, when, then

@given('the user opens the Editor in Adopter Mode')
def step_impl(context):
    pass

@when('the user attempts to interact with a restricted element')
def step_impl(context):
    pass

@then('the user should not be able to edit the element')
def step_impl(context):
    pass"
84,"As a User, I want Confirmation dialog on Template Resource deletion that will warn that generated jobs will also be deleted as well","Gherkin:
Feature: Template Resource Deletion Confirmation

Scenario: Display confirmation dialog on Template Resource deletion
Given the user is on the Template Resource page
When the user clicks the delete button for a Template Resource
Then a confirmation dialog should appear warning that generated jobs will also be deleted

Python:
from behave import given, when, then

@given('the user is on the Template Resource page')
def step_impl(context):
    pass

@when('the user clicks the delete button for a Template Resource')
def step_impl(context):
    pass

@then('a confirmation dialog should appear warning that generated jobs will also be deleted')
def step_impl(context):
    pass"
85,"As a User, I want Close or cancel handling","Gherkin:
Feature: Edit Template Navigation

Scenario: Return to previous location on cancel or close
Given the user is on the Edit Template page
When the user selects ""Close"" or ""Cancel""
Then they should be returned to the location they selected the Edit action from

Python:
from behave import given, when, then

@given('the user is on the Edit Template page')
def step_impl(context):
    pass

@when('the user selects ""Close"" or ""Cancel""')
def step_impl(context):
    pass

@then('they should be returned to the location they selected the Edit action from')
def step_impl(context):
    pass"
86,"As a user, I can search for a Template in the DAM when it has been saved as a Resource (Solr)","Gherkin:
Feature: Search Template in DAM

Scenario: Search for a saved Template in DAM
Given the Template has been saved as a Resource in DAM
When the user searches for the Template in DAM
Then the Template should be found in the search results

Python:
from behave import given, when, then

@given('the Template has been saved as a Resource in DAM')
def step_impl(context):
    pass

@when('the user searches for the Template in DAM')
def step_impl(context):
    pass

@then('the Template should be found in the search results')
def step_impl(context):
    pass"
87,"As a User, I want to remove stickers option from left menu","Gherkin:
Feature: Left Menu Customization

Scenario: Remove stickers option from left menu
Given the user is on the main page
When the user accesses the left menu
Then the stickers option should not be visible

Python:
from behave import given, when, then

@given('the user is on the main page')
def step_impl(context):
    pass

@when('the user accesses the left menu')
def step_impl(context):
    pass

@then('the stickers option should not be visible')
def step_impl(context):
    pass"
88,"As a user who has selected a supported file to import as template, if it is successfully processed it opens in the Editor (Create + open import)","Gherkin:
Feature: Import File as Template

Scenario: Successfully import a supported file and open in the Editor
Given the user has selected a supported file for import as template
When the file is successfully processed and loaded
Then it should open in the Editor

Python:
from behave import given, when, then

@given('the user has selected a supported file for import as template')
def step_impl(context):
    pass

@when('the file is successfully processed and loaded')
def step_impl(context):
    pass

@then('it should open in the Editor')
def step_impl(context):
    pass"
89,"As a User, I want Master Templates overlay, Fetch and return Master Templates via API ","Gherkin:
Feature: Master Template Selection

Scenario: Display relevant Master Templates based on user permissions
Given the user is on the Master Template selection overlay
When the API fetches Master Templates
Then relevant templates should be displayed for the user to select from based on their permissions

Python:
from behave import given, when, then

@given('the user is on the Master Template selection overlay')
def step_impl(context):
    pass

@when('the API fetches Master Templates')
def step_impl(context):
    pass

@then('relevant templates should be displayed for the user to select from based on their permissions')
def step_impl(context):
    pass"
90,"As a user who selected to Create Blank Template, a blank slate opens with a Default blank size","Gherkin:
Feature: Create Blank Template

Scenario: Open blank template with default size
Given the user is on the Create Template page
When the user selects to create a new blank template
Then a blank template should open with a default size of 1080 x 1080

Python:
from behave import given, when, then

@given('the user is on the Create Template page')
def step_impl(context):
    pass

@when('the user selects to create a new blank template')
def step_impl(context):
    pass

@then('a blank template should open with a default size of 1080 x 1080')
def step_impl(context):
    pass"
91,"As a User, I want to Update Workflow Template Configure Groups/Divisions to be a modal not full overlay","Gherkin:
Feature: Update Workflow Template

Scenario: Update Configure Groups/Divisions to modal
Given the user is on the workflow template page
When the user selects ""Configure Groups/Divisions""
Then a modal should appear instead of a full overlay

Python:
from behave import given, when, then

@given('the user is on the workflow template page')
def step_impl(context):
    pass

@when('the user selects ""Configure Groups/Divisions""')
def step_impl(context):
    pass

@then('a modal should appear instead of a full overlay')
def step_impl(context):
    pass"
92,As a user I can open the new 'Add collaborators' dialog from approval list [placeholder text accessibility update],"Gherkin:
Feature: Add Collaborators Dialog Accessibility

Scenario: Open 'Add collaborators' dialog with updated placeholder text
Given the user is on the approval list page
When the user opens the 'Add collaborators' dialog
Then the input field should have aria-describedby label
And the placeholder text should be ""Type or select a collaborator""

Python:
from behave import given, when, then

@given('the user is on the approval list page')
def step_impl(context):
    pass

@when('the user opens the ""Add collaborators"" dialog')
def step_impl(context):
    pass

@then('the input field should have aria-describedby label')
def step_impl(context):
    pass

@then('the placeholder text should be ""Type or select a collaborator""')
def step_impl(context):
    pass"
93,"As a user, I can expand the Server form by closing the menu and using the expand button","Gherkin:
Feature: Expand Server Form

Scenario: Expand form using the expand button
Given the user is on the server form page
When the user clicks the expand button
Then the form should expand
And the footer should expand with the form

Scenario: Expand form by closing the menu
Given the user is on the server form page with the menu open
When the user closes the menu
Then the form should expand
And the footer should expand with the form

Python:
from behave import given, when, then

@given('the user is on the server form page')
def step_impl(context):
    pass

@when('the user clicks the expand button')
def step_impl(context):
    pass

@then('the form should expand')
def step_impl(context):
    pass

@then('the footer should expand with the form')
def step_impl(context):
    pass

@given('the user is on the server form page with the menu open')
def step_impl(context):
    pass

@when('the user closes the menu')
def step_impl(context):
    pass"
94,"As a user, who I can select as collaborator updates based on if 'all' is allowed in Template settings","Gherkin:
Feature: Collaborator Selection

Scenario: Select all users as collaborators when allowed
Given the user is on the Workflow Template settings page
And 'All users' is selected in 'Collaborators permissions'
When the user selects a collaborator
Then all active platform users should be selectable as collaborators
And bypass permissions should be extended to any selected user

Python:
from behave import given, when, then

@given('the user is on the Workflow Template settings page')
def step_impl(context):
    pass

@given(""'All users' is selected in 'Collaborators permissions'"")
def step_impl(context):
    pass

@when('the user selects a collaborator')
def step_impl(context):
    pass

@then('all active platform users should be selectable as collaborators')
def step_impl(context):
    pass

@then('bypass permissions should be extended to any selected user')
def step_impl(context):
    pass"
95,"As a user, who I can select as collaborator updates based on new Template Group setting","Gherkin:
Feature: Collaborator Selection

Scenario: Update collaborator selection based on new Template Group setting
Given the Collaborators are configured to restrict based on Group(s) ""GroupY""
And a pending request is tied to the Template
When the user updates the Template Group setting
Then users in GroupY should be selectable as collaborators
And UserA should still be selectable as a collaborator

Python:
from behave import given, when, then

@given('the Collaborators are configured to restrict based on Group(s) ""{group_name}""')
def step_impl(context, group_name):
    pass

@given('a pending request is tied to the Template')
def step_impl(context):
    pass

@when('the user updates the Template Group setting')
def step_impl(context):
    pass

@then('users in {group_name} should be selectable as collaborators')
def step_impl(context, group_name):
    pass

@then('UserA should still be selectable as a collaborator')
def step_impl(context):
    pass"
96,"As a collaborator, I can be added to a Thread","Gherkin:
Feature: Collaborator Management in Threads

Scenario: Add collaborator to a thread
Given comment threads are enabled for the workflow
And the user is a participant in the thread
When the user adds ""alice_smith"" as a collaborator to the thread
Then ""alice_smith"" should be able to toggle between threads and edit the thread

Python:
from behave import given, when, then

@given('comment threads are enabled for the workflow')
def step_impl(context):
    pass

@given('the user is a participant in the thread')
def step_impl(context):
    pass

@when('the user adds ""{collaborator}"" as a collaborator to the thread')
def step_impl(context, collaborator):
    pass

@then('""{collaborator}"" should be able to toggle between threads and edit the thread')
def step_impl(context, collaborator):
    pass"
97,"As a Collaborators, I can be tagged with @ mentions","Gherkin:
Feature: Collaborator Mentions

Scenario: Successfully mention a collaborator in a comment
Given a collaborator is added to the pending request
And the collaborator is not already a participant
When the user writes a comment with ""@mention"" for the collaborator
Then the collaborator should be notified of the mention

Python:
from behave import given, when, then

@given('a collaborator is added to the pending request')
def step_impl(context):
    pass

@given('the collaborator is not already a participant')
def step_impl(context):
    pass

@when('the user writes a comment with ""@mention"" for the collaborator')
def step_impl(context):
    pass

@then('the collaborator should be notified of the mention')
def step_impl(context):
    pass"
98,"As a user, I cannot click Submit on single level unless I am on Response tab","Gherkin:
Feature: Submit Button Accessibility

Scenario: Submit button disabled on Markup or Versions/Revisions tabs
Given the user accesses single view from the bulk review list
When the user clicks on the ""Markup"" tab
Then the ""Submit & Next"" button should be disabled
And the tooltip should display ""Submit a Response to proceed""

Scenario: Submit button enabled on Response tab
Given the user accesses single view from the bulk review list
When the user clicks on the ""Response"" tab
Then the ""Submit & Next"" button should be enabled

Scenario: Tooltip on Response tab when validation fails
Given the user is on the ""Response"" tab
And validation fails
Then the tooltip should display ""Response is missing mandatory information. Update to Submit.""

Python:
from behave import given, when, then

@given('the user accesses single view from the bulk review list')
def step_impl(context):
    pass

@when('the user clicks on the ""{tab_name}"" tab')
def step_impl(context, tab_name):
    pass

@then('the ""Submit & Next"" button should be disabled')
def step_impl(context):
    pass

@then('the tooltip should display ""{tooltip_text}""')
def step_impl(context, tooltip_text):
    pass

@then('the ""Submit & Next"" button should be enabled')
def step_impl(context):
    pass

@given('the user is on the ""Response"" tab')
def step_impl(context):
    pass

@then('the tooltip should display ""{tooltip_text}""')
def step_impl(context, tooltip_text):
    pass"
99,"As a User, I want to Publish Resource Grouped Requests handled in Group Review Page","Gherkin:
Feature: Publish Resource Grouped Requests

Scenario: Publish requests from Group Review Page
Given the user is on the Group Review Page
When the user views the requests
And the user enables ""Hide Decline"" for Record File Approvals
And the user enables ""Approve with Comments"" for Record File Approvals
And the user stages the requests
Then the requests should be progressed to different stages

Python:
from behave import given, when, then

@given('the user is on the Group Review Page')
def step_impl(context):
    pass

@when('the user views the requests')
def step_impl(context):
    pass

@when('the user enables ""Hide Decline"" for Record File Approvals')
def step_impl(context):
    pass

@when('the user enables ""Approve with Comments"" for Record File Approvals')
def step_impl(context):
    pass

@when('the user stages the requests')
def step_impl(context):
    pass

@then('the requests should be progressed to different stages')
def step_impl(context):
    pass"
100,"As a User, I want Grouped Record Files - Grouped Completion Email to Requester","Gherkin:
Feature: Grouped Record Files Notification

Scenario: Send grouped completion email to requester
Given the ""Enable Grouped Requests"" setting is enabled
And the ""Requester > Grouped Request has been completed"" notification setting is enabled
When a grouped record file request is made
And all items within the grouped request are completed
Then a single grouped completion email is sent to the requester

Python:
from behave import given, when, then

@given('the ""Enable Grouped Requests"" setting is enabled')
def step_impl(context):
    pass

@given('the ""Requester > Grouped Request has been completed"" notification setting is enabled')
def step_impl(context):
    pass

@when('a grouped record file request is made')
def step_impl(context):
    pass

@when('all items within the grouped request are completed')
def step_impl(context):
    pass

@then('a single grouped completion email is sent to the requester')
def step_impl(context):
    pass"
101,"As a User, I want Grouped Resource Publish - Grouped Completion Email to Requester","Gherkin:
Feature: Grouped Resource Publish Notification

Scenario: Send grouped completion email to requester
Given the ""Enable Grouped Requests"" setting is enabled
And the ""Requester > Grouped Request has been completed"" notification setting is enabled
When a group resource publish request is made
And all items within the grouped request are completed
Then a single grouped completion email is sent to the requester

Python:
from behave import given, when, then

@given('the ""Enable Grouped Requests"" setting is enabled')
def step_impl(context):
    pass

@given('the ""Requester > Grouped Request has been completed"" notification setting is enabled')
def step_impl(context):
    pass

@when('a group resource publish request is made')
def step_impl(context):
    pass

@when('all items within the grouped request are completed')
def step_impl(context):
    pass

@then('a single grouped completion email is sent to the requester')
def step_impl(context):
    pass"
102,"As a User, I want to set Primary Font Size in Admin and reflect to page title font size in Page Nav (both left & right side)","Gherkin:
Feature: Primary Font Size Setting

Scenario: Set and reflect primary font size in Page Nav
Given the user is in the Admin Template settings
When the user sets the Primary Font Size to 14
Then the page title font size in Page Nav should be 14 on both left and right sides

Python:
from behave import given, when, then

@given('the user is in the Admin Template settings')
def step_impl(context):
    pass

@when('the user sets the Primary Font Size to {font_size:d}')
def step_impl(context, font_size):
    pass

@then('the page title font size in Page Nav should be {font_size:d} on both left and right sides')
def step_impl(context, font_size):
    pass"
103,"As a User, I want to go back to Resource Lookup overlay after clicking to go to Resource Preview in Page Builder","Gherkin:
Feature: Resource Navigation

Scenario: Return to Resource Lookup after closing Info Preview
Given the user is in the Resource Preview overlay in Page Builder
When the user clicks the close icon in the Info Preview overlay
Then the user should be taken back to the Resources view they were on

Python:
from behave import given, when, then

@given('the user is in the Resource Preview overlay in Page Builder')
def step_impl(context):
    pass

@when('the user clicks the close icon in the Info Preview overlay')
def step_impl(context):
    pass

@then('the user should be taken back to the Resources view they were on')
def step_impl(context):
    pass"
104,"As a User, I want to select and upload more file formats via Resource Lookup in Page Builder","Gherkin:
Feature: File Upload via Resource Lookup

Scenario: Upload file formats with default quality
Given the user is in the Page Builder Resource Lookup
When the user selects a file format ""PSD""
Then the file should be uploaded with ""Good"" quality automatically

Scenario: Upload gif file format with best quality
Given the user is in the Page Builder Resource Lookup
When the user selects a file format ""gif""
Then the file should be uploaded with ""Best"" quality automatically

Python:
from behave import given, when, then

@given('the user is in the Page Builder Resource Lookup')
def step_impl(context):
    pass

@when('the user selects a file format ""{file_format}""')
def step_impl(context, file_format):
    pass

@then('the file should be uploaded with ""{quality}"" quality automatically')
def step_impl(context, quality):
    pass"
105,"As a User, I should not see the Page Category dropdown when viewing Pages if none of them are assigned to Category","Gherkin:
Feature: Page Category Visibility

Scenario: Do not display Page Category dropdown when no pages are assigned to a category
Given the user is viewing a page
And all pages are not associated with any Page Category
When the user checks the page interface
Then the Page Category dropdown should not be visible

Python:
from behave import given, when, then

@given('the user is viewing a page')
def step_impl(context):
    pass

@given('all pages are not associated with any Page Category')
def step_impl(context):
    pass

@when('the user checks the page interface')
def step_impl(context):
    pass

@then('the Page Category dropdown should not be visible')
def step_impl(context):
    pass"
106,"As a User, I want to switch Page Categories when viewing a Page if there are multiple Page Categories","Gherkin:
Feature: Page Category Switching

Scenario: Switch between multiple Page Categories
Given the user is viewing a page with multiple Page Categories
And the user has permission to view these Page Categories
When the user opens the Page Categories dropdown
And selects the ""All Pages"" category
Then the pages under ""All Pages"" should be loaded from Nav

Python:
from behave import given, when, then

@given('the user is viewing a page with multiple Page Categories')
def step_impl(context):
    pass

@given('the user has permission to view these Page Categories')
def step_impl(context):
    pass

@when('the user opens the Page Categories dropdown')
def step_impl(context):
    pass

@when('selects the ""{category}"" category')
def step_impl(context, category):
    pass

@then('the pages under ""{category}"" should be loaded from Nav')
def step_impl(context, category):
    pass"
107,"As a User, I want to see Page Category being selected by default when viewing a Page as it's been assign to one","Gherkin:
Feature: Page Category Selection

Scenario: Default Page Category is selected when viewing a Page
Given the user is viewing a Page
When the Page has a Category assigned
Then the Page Category Name should be displayed by default
And the pages under the Category should be loaded to the left side from Nav

Python:
from behave import given, when, then

@given('the user is viewing a Page')
def step_impl(context):
    pass

@when('the Page has a Category assigned')
def step_impl(context):
    pass

@then('the Page Category Name should be displayed by default')
def step_impl(context):
    pass

@then('the pages under the Category should be loaded to the left side from Nav')
def step_impl(context):
    pass"
108,"As a User, I want to customise the order of pages under All Pages and the order of pages under each Page Category","Gherkin:
Feature: Customise Page Order

Scenario: Customise order of pages under All Pages
Given the user is on the All Pages section
When the user drags and drops a page to a new position
Then the order of pages should be updated accordingly

Scenario: Customise order of pages under a Page Category
Given the user is viewing a Page Category
When the user drags and drops a page to a new position within the category
Then the order of pages in the category should be updated accordingly

Python:
from behave import given, when, then

@given('the user is on the All Pages section')
def step_impl(context):
    pass

@when('the user drags and drops a page to a new position')
def step_impl(context):
    pass

@then('the order of pages should be updated accordingly')
def step_impl(context):
    pass

@given('the user is viewing a Page Category')
def step_impl(context):
    pass

@when('the user drags and drops a page to a new position within the category')
def step_impl(context):
    pass

@then('the order of pages in the category should be updated accordingly')
def step_impl(context):
    pass"
109,"As an Internal User, I want to have MCP(development use only) settings to enable/disable features per Epic for Drag & Drop Page MVP ","Gherkin:
Feature: MCP Settings for Drag & Drop Page MVP

Scenario: Enable/Disable MCP settings for Drag & Drop features
Given the user is on the MCP settings page under Development Use only
When the user enables the setting ""Drag & Drop Pages: Widgets combining Block""
And enables the setting ""Drag & Drop Pages: Image Resizing""
And enables the setting ""Drag & Drop Pages: Page Templates""
And enables the setting ""Drag & Drop Pages - Page Category (development use only)""
Then the settings should be saved successfully

Python:
from behave import given, when, then

@given('the user is on the MCP settings page under Development Use only')
def step_impl(context):
    pass

@when('the user enables the setting ""{setting_name}""')
def step_impl(context, setting_name):
    pass

@then('the settings should be saved successfully')
def step_impl(context):
    pass"
110,"As a User, I want to be informed why the Page cannot be saved in Page Builder if it's beyond the set Page limit in MCP","Gherkin:
Feature: Page Limit Warning

Scenario: Display warning when page limit is reached
Given the user is in Page Builder
And the page limit in MCP has been reached
When the user clicks the Standalone Page creation button at the bottom of Nav Panel
Then a warning snack bar should display the message ""Page limit of {number} reached.""

Scenario: Display warning when page limit is reached via kebab icon
Given the user is in Page Builder
And the page limit in MCP has been reached
When the user clicks the Page create button via kebab icon from Nav Panel
Then a warning snack bar should display the message ""Page limit of {number} reached.""

Scenario: Display warning when sub-page limit is reached via kebab icon
Given the user is in Page Builder
And the page limit in MCP has been reached
When the user clicks the Sub-page creation button via kebab icon from Nav Panel
Then a warning snack bar should display the message ""Page limit of {number} reached.""

Python:
from behave import given, when, then

@given('the user is in Page Builder')
def step_impl(context):
    pass

@given('the page limit in MCP has been reached')
def step_impl(context):
    pass

@when('the user clicks the Standalone Page creation button at the bottom of Nav Panel')
def step_impl(context):
    pass

@when('the user clicks the Page create button via kebab icon from Nav Panel')
def step_impl(context):
    pass

@when('the user clicks the Sub-page creation button via kebab icon from Nav Panel')
def step_impl(context):
    pass

@then('a warning snack bar should display the message ""Page limit of {number} reached.""')
def step_impl(context, number):
    pass"
111,"As a User, I want to have previous 'Block' background colour setting embedded in Text Widget toolbar after combining these two","Gherkin:
Feature: Text Widget Background Colour

Scenario: Embed previous 'Block' background colour in Text Widget toolbar
Given the user has a 'Block' with a background colour set
When the user combines the 'Block' with the Text Widget
Then the Text Widget toolbar should display the previous 'Block' background colour setting

Scenario: Set background colour in Text Widget toolbar
Given the user is viewing the Text Widget toolbar
When the user clicks on the background colour setting
And selects a new colour from the colour swatch popover
Then the Text Widget background should be updated with the new colour

Python:
from behave import given, when, then

@given('the user has a \'Block\' with a background colour set')
def step_impl(context):
    pass

@when('the user combines the \'Block\' with the Text Widget')
def step_impl(context):
    pass

@then('the Text Widget toolbar should display the previous \'Block\' background colour setting')
def step_impl(context):
    pass

@given('the user is viewing the Text Widget toolbar')
def step_impl(context):
    pass

@when('the user clicks on the background colour setting')
def step_impl(context):
    pass

@when('selects a new colour from the colour swatch popover')
def step_impl(context):
    pass

@then('the Text Widget background should be updated with the new colour')
def step_impl(context):
    pass"
112,"As a User, I want to configure both Block and Video Widget properties","Gherkin:
Feature: Widget Configuration

Scenario: Configure Block and Video Widget properties
Given the user is on the widget configuration page
When the user selects the ""Block"" widget
And configures the settings
And selects the ""Video"" widget
And configures the settings
Then the new widget settings should be saved successfully

Python:
from behave import given, when, then

@given('the user is on the widget configuration page')
def step_impl(context):
    pass

@when('the user selects the ""Block"" widget')
def step_impl(context):
    pass

@when('configures the settings')
def step_impl(context):
    pass

@when('selects the ""Video"" widget')
def step_impl(context):
    pass

@then('the new widget settings should be saved successfully')
def step_impl(context):
    pass"
113,"As a User, I want to configure both Block and Image Widget properties","Gherkin:
Feature: Widget Configuration

Scenario: Configure Block and Image Widget properties
Given the user is on the widget configuration page
When the user selects the ""Block"" widget
And configures the settings
And selects the ""Image"" widget
And configures the settings
Then the new widget settings should be saved successfully

Python:
from behave import given, when, then

@given('the user is on the widget configuration page')
def step_impl(context):
    pass

@when('the user selects the ""{widget_type}"" widget')
def step_impl(context, widget_type):
    pass

@when('configures the settings')
def step_impl(context):
    pass

@then('the new widget settings should be saved successfully')
def step_impl(context):
    pass"
114,"As a User, I want to configure both Block and Text Widget properties","Gherkin:
Feature: Widget Configuration

Scenario: Configure Block and Text Widget properties
Given the user is on the widget configuration page
When the user selects a Block Widget
And configures the Block Widget settings
And selects a Text Widget
And configures the Text Widget settings
Then the new widget settings should be saved successfully

Python:
from behave import given, when, then

@given('the user is on the widget configuration page')
def step_impl(context):
    pass

@when('the user selects a Block Widget')
def step_impl(context):
    pass

@when('configures the Block Widget settings')
def step_impl(context):
    pass

@when('selects a Text Widget')
def step_impl(context):
    pass

@when('configures the Text Widget settings')
def step_impl(context):
    pass

@then('the new widget settings should be saved successfully')
def step_impl(context):
    pass"
115,"As a User, I want to configure both Block and Button Widget properties","Gherkin:
Feature: Widget Configuration

Scenario: Configure Block and Button Widget properties
Given the user is on the widget configuration page
When the user selects a widget from the navigation
And configures the Block and Button Widget properties
Then the widget settings should be updated successfully

Python:
from behave import given, when, then

@given('the user is on the widget configuration page')
def step_impl(context):
    pass

@when('the user selects a widget from the navigation')
def step_impl(context):
    pass

@when('configures the Block and Button Widget properties')
def step_impl(context):
    pass

@then('the widget settings should be updated successfully')
def step_impl(context):
    pass"
116,"As a User, I want to resize Image Widget by Width slider from Nav","Gherkin:
Feature: Resize Image Widget

Scenario: Resize Image Widget by Width slider
Given the user is on the dashboard with an Image Widget
When the user adjusts the Width slider from the Nav Panel
Then the Image Widget's width should change according to the design
And the Image should maintain the same horizontal percentage of its Block
And the user can resize the Widget by dragging the dot line

Python:
from behave import given, when, then

@given('the user is on the dashboard with an Image Widget')
def step_impl(context):
    pass

@when('the user adjusts the Width slider from the Nav Panel')
def step_impl(context):
    pass

@then(""the Image Widget's width should change according to the design"")
def step_impl(context):
    pass

@then('the Image should maintain the same horizontal percentage of its Block')
def step_impl(context):
    pass

@then('the user can resize the Widget by dragging the dot line')
def step_impl(context):
    pass"
117,"As a User, I want to reposition Image Widget by dragging image itself when create/editing a Page","Gherkin:
Feature: Image Widget Repositioning

Scenario: Reposition Image Widget by dragging
Given the user is creating or editing a Page
And the Image Widget is in a Section
When the user drags the Image Widget
Then the dotted line of the Image and bounding box with 8px padding should be visible

Scenario: Image Widget bounding box visibility after resizing
Given the Image Widget is resized
Then the outer bounding box border line should always be visible

Scenario: Reposition Image Widget maintaining percentage in Block
Given the Image Widget is resized to a smaller size
When the Block width changes
Then the Image should maintain the same percentage position in the Block

Python:
from behave import given, when, then

@given('the user is creating or editing a Page')
def step_impl(context):
    pass

@given('the Image Widget is in a Section')
def step_impl(context):
    pass

@when('the user drags the Image Widget')
def step_impl(context):
    pass

@then('the dotted line of the Image and bounding box with 8px padding should be visible')
def step_impl(context):
    pass

@given('the Image Widget is resized')
def step_impl(context):
    pass

@then('the outer bounding box border line should always be visible')
def step_impl(context):
    pass

@given('the Image Widget is resized to a smaller size')
def step_impl(context):
    pass

@when('the Block width changes')
def step_impl(context):
    pass

@then('the Image should maintain the same percentage position in the Block')
def step_impl(context):
    pass"
118,"As a user, I can only see a list of who can be selected as a Collaborator based on Beta scope - BE logic","Gherkin:
Feature: Collaborator Selection

Scenario: View list of eligible Collaborators based on Beta scope
Given the relevant template is enabled for Collaborators
When the user accesses the Request in their workflow list
Then the list of eligible Collaborators should include ""Workflow Admins"" and ""Main Admins""

Python:
from behave import given, when, then

@given('the relevant template is enabled for Collaborators')
def step_impl(context):
    pass

@when('the user accesses the Request in their workflow list')
def step_impl(context):
    pass

@then('the list of eligible Collaborators should include ""{role1}"" and ""{role2}""')
def step_impl(context, role1, role2):
    pass"
119,"As a user, I can open the new 'Add collaborators' dialog from approval list [Design core]","Gherkin:
Feature: Add Collaborators Dialog

Scenario: Open 'Add Collaborators' dialog from approval list
Given the user is on the V3 Approvals List
When the user selects the Collaborator action for a relevant request
Then the ""Collaborators"" modal should display with the header ""Collaborators""

Python:
from behave import given, when, then

@given('the user is on the V3 Approvals List')
def step_impl(context):
    pass

@when('the user selects the Collaborator action for a relevant request')
def step_impl(context):
    pass

@then('the ""Collaborators"" modal should display with the header ""Collaborators""')
def step_impl(context):
    pass"
120,"As a user, I want to see an action to assign collaborators in action column in V3 Approval List","Gherkin:
Feature: Assign Collaborators Action

Scenario: Display assign collaborators action in approval list
Given the setting is enabled for the Workflow Template
And the user is on the V3 Approval List page
When the user views a pending request tied to the item
And the user is a Requester or Reviewer from any stage
Then the action to assign collaborators should be visible in the action column

Python:
from behave import given, when, then

@given('the setting is enabled for the Workflow Template')
def step_impl(context):
    pass

@given('the user is on the V3 Approval List page')
def step_impl(context):
    pass

@when('the user views a pending request tied to the item')
def step_impl(context):
    pass

@when('the user is a Requester or Reviewer from any stage')
def step_impl(context):
    pass

@then('the action to assign collaborators should be visible in the action column')
def step_impl(context):
    pass"
121,"As a User, When a setting is enabled, Setting applies to all pending items tied to that Template","Gherkin:
Feature: Template Setting Application

Scenario: Enable setting for all pending items
Given a new Template setting is available
When the user enables the setting
Then the Collaborators action should appear for all pending requests tied to that Template

Python:
from behave import given, when, then

@given('a new Template setting is available')
def step_impl(context):
    pass

@when('the user enables the setting')
def step_impl(context):
    pass

@then('the Collaborators action should appear for all pending requests tied to that Template')
def step_impl(context):
    pass"
122,"As a user, if template setting is disabled (or template is archived), Collaborators can only be removed, not added, for pending items ","Gherkin:
Feature: Collaborator Management

Scenario: Collaborators cannot be added when template setting is disabled
Given the template setting ""Allow Collaborators"" is enabled
When the template setting ""Allow Collaborators"" is disabled
And a new request is created tied to that template
Then the Collaborators action should not be available in the Workflow request List

Python:
from behave import given, when, then

@given('the template setting ""Allow Collaborators"" is enabled')
def step_impl(context):
    pass

@when('the template setting ""Allow Collaborators"" is disabled')
def step_impl(context):
    pass

@when('a new request is created tied to that template')
def step_impl(context):
    pass

@then('the Collaborators action should not be available in the Workflow request List')
def step_impl(context):
    pass"
123,"As a config user, I want to see/enable a new Setting in Admin > Template for Workflows for Collaborators in Approvals [Record File]","Gherkin:
Feature: Admin Settings for Workflow Templates

Scenario: Enable MCP setting to display new setting for Resource Publish Workflow Templates
Given the user is on the Admin > Template for Workflows page
When the user enables the MCP setting
Then a new setting should display for Resource Publish Workflow Templates
And this should apply to both existing and new templates

Python:
from behave import given, when, then

@given('the user is on the Admin > Template for Workflows page')
def step_impl(context):
    pass

@when('the user enables the MCP setting')
def step_impl(context):
    pass

@then('a new setting should display for Resource Publish Workflow Templates')
def step_impl(context):
    pass

@then('this should apply to both existing and new templates')
def step_impl(context):
    pass"
124,"As a config user, I want to see/enable a new Setting in Admin > Template for Workflows for Collaborators in Approvals [Resource Publish]","Gherkin:
Feature: Admin Settings for Workflow Templates

Scenario: Enable MCP setting for Resource Publish Workflow Templates
Given the user is on the Admin > Template page
When the user enables the MCP setting
Then the new setting should display for Resource Publish Workflow Templates
And this should apply to both existing and new templates

Python:
from behave import given, when, then

@given('the user is on the Admin > Template page')
def step_impl(context):
    pass

@when('the user enables the MCP setting')
def step_impl(context):
    pass

@then('the new setting should display for Resource Publish Workflow Templates')
def step_impl(context):
    pass

@then('this should apply to both existing and new templates')
def step_impl(context):
    pass"
125,"As a config user, I want to see/enable a new Setting in Admin > Template for Workflows for Collaborators in Approvals [Resource Feedback]","Gherkin:
Feature: Enable Setting for Resource Feedback

Scenario: Enable MCP setting for Resource Feedback Workflow Templates
Given the user is on the Admin > Template page
When the user enables the MCP setting
Then the new setting should display for Resource Feedback Workflow Templates
And this should apply for both existing and new templates

Python:
from behave import given, when, then

@given('the user is on the Admin > Template page')
def step_impl(context):
    pass

@when('the user enables the MCP setting')
def step_impl(context):
    pass

@then('the new setting should display for Resource Feedback Workflow Templates')
def step_impl(context):
    pass

@then('this should apply for both existing and new templates')
def step_impl(context):
    pass"
126,"As a User, I want to add MCP Feature Flag for Collaborators in Approvals project","Gherkin:
Feature: MCP Feature Flag for Collaborators

Scenario: Add MCP Feature Flag for Collaborators in Approvals project
Given the user is on the development settings page
When the user adds a new setting named ""Collaborator in approvals (BETA)""
And lists it at the bottom of the development section
Then all project work should be tied to this setting

Python:
from behave import given, when, then

@given('the user is on the development settings page')
def step_impl(context):
    pass

@when('the user adds a new setting named ""{setting_name}""')
def step_impl(context, setting_name):
    pass

@when('lists it at the bottom of the development section')
def step_impl(context):
    pass

@then('all project work should be tied to this setting')
def step_impl(context):
    pass"
127,"As a User, I want a new workflowRequest PATCH call to update the collaborators","Gherkin:
Feature: Update Collaborators

Scenario: Successfully update collaborators with PATCH call
Given a workflowRequest exists with collaborators ""Alice, Bob""
When a PATCH call is made to update collaborators to ""Charlie, Dave""
Then the collaborators should be updated to ""Charlie, Dave""
And other fields should remain unchanged

Python:
from behave import given, when, then

@given('a workflowRequest exists with collaborators ""{collaborators}""')
def step_impl(context, collaborators):
    pass

@when('a PATCH call is made to update collaborators to ""{new_collaborators}""')
def step_impl(context, new_collaborators):
    pass

@then('the collaborators should be updated to ""{updated_collaborators}""')
def step_impl(context, updated_collaborators):
    pass

@then('other fields should remain unchanged')
def step_impl(context):
    pass"
128,"As a user, I can sort Server list columns","Gherkin:
Feature: Server List Sorting

Scenario: Preserve sorting state after editing an object
Given the user has sorted the server list by ""Name""
And performed a search for ""Database Servers""
When the user clicks Edit on a server object
And saves the changes
Then the server list should still be sorted by ""Name""
And the search state should be preserved
And any changes due to the edit should be reflected in the list

Python:
from behave import given, when, then

@given('the user has sorted the server list by ""{column}""')
def step_impl(context, column):
    pass

@given('performed a search for ""{search_term}""')
def step_impl(context, search_term):
    pass

@when('the user clicks Edit on a server object')
def step_impl(context):
    pass

@when('saves the changes')
def step_impl(context):
    pass

@then('the server list should still be sorted by ""{column}""')
def step_impl(context, column):
    pass

@then('the search state should be preserved')
def step_impl(context):
    pass

@then('any changes due to the edit should be reflected in the list')
def step_impl(context):
    pass"
129,"As a user, I can search for a Server in the Servers List","Gherkin:
Feature: Server Search

Scenario: Search for a server in the Servers List
Given the user is on the Servers Landing page
When the user enters a server name ""Server123"" in the search bar
And initiates the search
Then the search results should display ""Server123"" in the table

Python:
from behave import given, when, then

@given('the user is on the Servers Landing page')
def step_impl(context):
    pass

@when('the user enters a server name ""{server_name}"" in the search bar')
def step_impl(context, server_name):
    pass

@when('initiates the search')
def step_impl(context):
    pass

@then('the search results should display ""{server_name}"" in the table')
def step_impl(context, server_name):
    pass"
130,"As a User, I want empty stages shouldn't be hidden","Gherkin:
Feature: Stage Visibility

Scenario: Ensure empty stages are visible
Given a stage is empty
When the system checks for visibility
Then the stage should not be hidden

Python:
from behave import given, when, then

@given('a stage is empty')
def step_impl(context):
    pass

@when('the system checks for visibility')
def step_impl(context):
    pass

@then('the stage should not be hidden')
def step_impl(context):
    pass"
131,"As a User, I can add and submit a server","Gherkin:
Feature: Add and Submit Server

Scenario: Successfully add and submit a server
Given the user is on the Main Details Page
When the user enters an address ""123 Server Lane"" with a 100 character limit
And enters a description ""This is a test server"" with a 500 character limit
And submits the server details
Then the server should be successfully added and submitted

Python:
from behave import given, when, then

@given('the user is on the Main Details Page')
def step_impl(context):
    pass

@when('the user enters an address ""{address}"" with a 100 character limit')
def step_impl(context, address):
    pass

@when('enters a description ""{description}"" with a 500 character limit')
def step_impl(context, description):
    pass

@when('submits the server details')
def step_impl(context):
    pass

@then('the server should be successfully added and submitted')
def step_impl(context):
    pass"
132,"As a User, I can click Add from Servers Page and I am taken to Servers Create page","Gherkin:
Feature: Server Management

Scenario: Navigate to Servers Create page from Servers Page
Given the user is on the Servers Page
When the user clicks the Add button
Then they should be taken to the Servers Create page

Python:
from behave import given, when, then

@given('the user is on the Servers Page')
def step_impl(context):
    pass

@when('the user clicks the Add button')
def step_impl(context):
    pass

@then('they should be taken to the Servers Create page')
def step_impl(context):
    pass"
133,"As a User, I want to add Side Navigation menu back for non-staged databases so its clearer how to get to the next page","Gherkin:
Feature: Side Navigation Menu

Scenario: Display side navigation menu for non-staged public records
Given the user is on the create record page
And the record is non-staged and public
When the page is refreshed
Then the left side menu should be displayed

Scenario: Hide side navigation menu for staged public records
Given the user is on the create record page
And the record is staged and public
When the page is refreshed
Then the left side menu should not be displayed

Python:
from behave import given, when, then

@given('the user is on the create record page')
def step_impl(context):
    pass

@given('the record is non-staged and public')
def step_impl(context):
    pass

@given('the record is staged and public')
def step_impl(context):
    pass

@when('the page is refreshed')
def step_impl(context):
    pass

@then('the left side menu should be displayed')
def step_impl(context):
    pass

@then('the left side menu should not be displayed')
def step_impl(context):
    pass"
134,"As a User, I want to make the verification code in the email bigger & bolder to stand out more","Gherkin:
Feature: Email Verification Code

Scenario: Display verification code in email as bigger and bolder
Given the user receives a verification email
When the user opens the email
Then the verification code should be displayed bigger and bolder according to the new designs

Python:
from behave import given, when, then

@given('the user receives a verification email')
def step_impl(context):
    pass

@when('the user opens the email')
def step_impl(context):
    pass

@then('the verification code should be displayed bigger and bolder according to the new designs')
def step_impl(context):
    pass"
135,"As a User, I want to add ""Maximum number of files"" to the empty Multi Upload Field so users are aware of limits before uploading","Gherkin:
Feature: Multi Upload Field

Scenario: Display maximum file limit in multi upload field
Given the user is on the create/update page with an empty multi upload field
When the maximum file limit is set to 10
Then the multi upload field should display ""Maximum number of files: 10""

Python:
from behave import given, when, then

@given('the user is on the create/update page with an empty multi upload field')
def step_impl(context):
    pass

@when('the maximum file limit is set to {limit:d}')
def step_impl(context, limit):
    pass

@then('the multi upload field should display ""Maximum number of files: {limit:d}""')
def step_impl(context, limit):
    pass"
136,"As a User, I want to open current location for single / same folder Move","Gherkin:
Feature: Move Resource

Scenario: Move single resource with permission
Given the user is on the V3 folder tree branch
When the user moves a single resource
Then the current location should be opened in the V3 folder tree branch

Scenario: Move single resource without permission
Given the user is on the V3 folder tree branch
When the user moves a single resource without permission
Then the top level view should open instead

Scenario: Bulk move resources from the same folder
Given the user is on the V3 folder tree branch
When the user bulk moves resources from the same folder
Then the current location should be opened in the V3 folder tree branch

Python:
from behave import given, when, then

@given('the user is on the V3 folder tree branch')
def step_impl(context):
    pass

@when('the user moves a single resource')
def step_impl(context):
    pass

@then('the current location should be opened in the V3 folder tree branch')
def step_impl(context):
    pass

@when('the user moves a single resource without permission')
def step_impl(context):
    pass

@then('the top level view should open instead')
def step_impl(context):
    pass

@when('the user bulk moves resources from the same folder')
def step_impl(context):
    pass"
137,"As a User, I want to change background color for public record auth pages","Gherkin:
Feature: Change Background Color

Scenario: Change background color for email auth pages
Given the user is on the email authentication page
When the background color is set to ""#F7F7F7""
Then the background color should match the success message background color

Python:
from behave import given, when, then

@given('the user is on the email authentication page')
def step_impl(context):
    pass

@when('the background color is set to ""{color}""')
def step_impl(context, color):
    pass

@then('the background color should match the success message background color')
def step_impl(context):
    pass"
138,"As a User, I want to support generate & keep session for the other four settings","Gherkin:
Feature: Session Management

Scenario: Start session on new action in Markup Page
Given the user is on the Markup Page
When the user updates a comment status
Or edits a comment
Or deletes a comment
Then a new session should be started for the user

Python:
from behave import given, when, then

@given('the user is on the Markup Page')
def step_impl(context):
    pass

@when('the user updates a comment status')
def step_impl(context):
    pass

@when('edits a comment')
def step_impl(context):
    pass

@when('deletes a comment')
def step_impl(context):
    pass

@then('a new session should be started for the user')
def step_impl(context):
    pass"
139,"As a User, I want Guest Upload (MVP) Record File Multi Upload Limit Update to 1000","Gherkin:
Feature: Guest Upload Multi Upload Limit

Scenario: Update multi upload limit to 1000
Given the user is on the upload page
When the user views the multi upload field
Then the max limit for the multi upload field should be 1000

Scenario: Default value for newly added fields
Given the user adds a new upload field
Then the default value should be 50

Scenario: Custom max value entry
Given the user is on the upload page
When the user enters a custom max value of 500
Then the multi upload field should accept the value

Python:
from behave import given, when, then

@given('the user is on the upload page')
def step_impl(context):
    pass

@when('the user views the multi upload field')
def step_impl(context):
    pass

@then('the max limit for the multi upload field should be 1000')
def step_impl(context):
    pass

@given('the user adds a new upload field')
def step_impl(context):
    pass

@then('the default value should be 50')
def step_impl(context):
    pass

@when('the user enters a custom max value of {value:d}')
def step_impl(context, value):
    pass

@then('the multi upload field should accept the value')
def step_impl(context):
    pass"
140,"As a User, I want to change ""Show All"" to ""Show More"" logic","Gherkin:
Feature: Show More Logic

Scenario: Change ""Show All"" to ""Show More"" when over 50 files exist
Given there are more than 50 files available
When the user views the file list
Then the option should be labeled ""Show More""

Scenario: Limit display to 50 items in ""Show More""
Given there are more than 50 files available
When the user clicks ""Show More""
Then only 50 files should be displayed

Scenario: View additional files in scrollable area
Given there are more than 50 files available
When the user clicks ""Show More""
Then additional files should be viewable in the scrollable area

Python:
from behave import given, when, then

@given('there are more than 50 files available')
def step_impl(context):
    pass

@when('the user views the file list')
def step_impl(context):
    pass

@then('the option should be labeled ""Show More""')
def step_impl(context):
    pass

@when('the user clicks ""Show More""')
def step_impl(context):
    pass

@then('only 50 files should be displayed')
def step_impl(context):
    pass

@then('additional files should be viewable in the scrollable area')
def step_impl(context):
    pass"
141,"As a User, I want Surface Question/Answer/Rating back end data in weekly report / script","Gherkin:
Feature: Weekly Report Update

Scenario: Update and rename weekly report
Given the user has access to the report configuration
When the user updates the report to include closed_captions_activation data
And renames the report to ""weekly_asset_intelligence_report""
And removes Dev Server reports like ""dcfprod"", ""rtsprod"", ""dev018"", ""dev015"", ""dpctest"", ""dcftest"", ""dev016"", ""dev003"", ""dev027"", ""dev026"", ""rtstest"", ""macsprod""
Then the report should be updated and renamed successfully

Python:
from behave import given, when, then

@given('the user has access to the report configuration')
def step_impl(context):
    pass

@when('the user updates the report to include closed_captions_activation data')
def step_impl(context):
    pass

@when('renames the report to ""{new_name}""')
def step_impl(context, new_name):
    pass

@when('removes Dev Server reports like ""{servers}""')
def step_impl(context, servers):
    pass

@then('the report should be updated and renamed successfully')
def step_impl(context):
    pass"
142,"As a User, I want to add Public User email address into Creator field for relevant alerts","Gherkin:
Feature: Append Public User Email to Creator Field

Scenario: Append email to 'Created By' field for public user
Given a database alert with a 'Created By' field
And the record was created by a public user
When the system identifies the public user's email ""user@example.com""
Then the 'Created By' field should display ""Public Access (user@example.com)""

Python:
from behave import given, when, then

@given('a database alert with a ""Created By"" field')
def step_impl(context):
    pass

@given('the record was created by a public user')
def step_impl(context):
    pass

@when('the system identifies the public user\'s email ""{email}""')
def step_impl(context, email):
    pass

@then('the ""Created By"" field should display ""Public Access ({email})""')
def step_impl(context, email):
    pass"
143,"As a User, I want to hide Left Menu (to hide Future Stage details) for Public Users in updated UI in Create Record","Gherkin:
Feature: Hide Left Menu for Public Users

Scenario: Hide left menu in Create Record for Public Users
Given the ""Databases - Briefs UI Uplift Phase 1"" is enabled in MCP
And the user is a Public User
When the user navigates to Create for Staged Databases
Then the left menu should be hidden

Python:
from behave import given, when, then

@given('the ""{feature}"" is enabled in MCP')
def step_impl(context, feature):
    pass

@given('the user is a Public User')
def step_impl(context):
    pass

@when('the user navigates to Create for Staged Databases')
def step_impl(context):
    pass

@then('the left menu should be hidden')
def step_impl(context):
    pass"
144,"As a user, I want to set a Custom limit to number of files allowed within a Multiple Upload Field - Updated handling for existing files that exceed new limit","Gherkin:
Feature: Custom File Upload Limit

Scenario: Set a new custom limit and handle existing files
Given a user has a record with a multiple upload field containing 5 files
When the user sets a new max limit of 3 files
And tries to add another file
Then the system should prevent adding the file and show a validation message

Python:
from behave import given, when, then

@given('a user has a record with a multiple upload field containing {existing_count:d} files')
def step_impl(context, existing_count):
    pass

@when('the user sets a new max limit of {new_limit:d} files')
def step_impl(context, new_limit):
    pass

@when('tries to add another file')
def step_impl(context):
    pass

@then('the system should prevent adding the file and show a validation message')
def step_impl(context):
    pass"
145,"As a user, I want to be able to be able to go the next record and previous record while in the record page","Gherkin:
Feature: Record Navigation

Scenario: Navigate to the next record
Given the user is on the record page
And the record is not the last in the list
When the user hovers over the navigation area
Then the next button should be visible
When the user clicks the next button
Then the user should be taken to the next record

Scenario: Navigate to the previous record
Given the user is on the record page
And the record is not the first in the list
When the user hovers over the navigation area
Then the previous button should be visible
When the user clicks the previous button
Then the user should be taken to the previous record

Scenario: First record navigation
Given the user is on the first record page
When the user hovers over the navigation area
Then the previous button should not be visible

Scenario: Last record navigation
Given the user is on the last record page
When the user hovers over the navigation area
Then the next button should not be visible

Python:
from behave import given, when, then

@given('the user is on the record page')
def step_impl(context):
    pass

@given('the record is not the last in the list')
def step_impl(context):
    pass

@given('the record is not the first in the list')
def step_impl(context):
    pass

@given('the user is on the first record page')
def step_impl(context):
    pass

@given('the user is on the last record page')
def step_impl(context):
    pass

@when('the user hovers over the navigation area')
def step_impl(context):
    pass

@then('the next button should be visible')
def step_impl(context):
    pass

@then('the previous button should be visible')
def step_impl(context):
    pass

@then('the previous button should not be visible')
def step_impl(context):
    pass

@then('the next button should not be visible')
def step_impl(context):
    pass

@when('the user clicks the next button')
def step_impl(context):
    pass

@when('the user clicks the previous button')
def step_impl(context):
    pass

@then('the user should be taken to the next record')
def step_impl(context):
    pass

@then('the user should be taken to the previous record')
def step_impl(context):
    pass"
146,"As a User, I want MCP Setting for V3 Move","Gherkin:
Feature: MCP Setting for V3 Move

Scenario: Add new setting under Development Use Only
Given the user is on the MCP Platform Settings page
When the user navigates to the Development Use Only section
And sees the setting ""Resources - Move Resource (V3)""
Then the setting should be disabled by default

Python:
from behave import given, when, then

@given('the user is on the MCP Platform Settings page')
def step_impl(context):
    pass

@when('the user navigates to the Development Use Only section')
def step_impl(context):
    pass

@when('sees the setting ""Resources - Move Resource (V3)""')
def step_impl(context):
    pass

@then('the setting should be disabled by default')
def step_impl(context):
    pass"
147,"As a user, I want to be able to see the workflow history of a record if there is one","Gherkin:
Feature: View Workflow History

Scenario: View workflow history of a record with existing history
Given the user is viewing a record with workflow history
When the user sees the ""Workflow History"" button in the footer of the side navigation panel
And clicks the ""Workflow History"" button
Then the workflow history table should be displayed

Python:
from behave import given, when, then

@given('the user is viewing a record with workflow history')
def step_impl(context):
    pass

@when('the user sees the ""Workflow History"" button in the footer of the side navigation panel')
def step_impl(context):
    pass

@when('clicks the ""Workflow History"" button')
def step_impl(context):
    pass

@then('the workflow history table should be displayed')
def step_impl(context):
    pass"
148,"As a User, I want new Auth Screens + Success Page - Add in Menu / Login Bar","Gherkin:
Feature: Auth Screens and Success Page

Scenario: Display logo without login or nav menu
Given the user is on the auth screen
When the page loads
Then the logo should be visible
And the login and nav menu should not be visible

Python:
from behave import given, when, then

@given('the user is on the auth screen')
def step_impl(context):
    pass

@when('the page loads')
def step_impl(context):
    pass

@then('the logo should be visible')
def step_impl(context):
    pass

@then('the login and nav menu should not be visible')
def step_impl(context):
    pass"
149,"As a User, I want to  end my Session automatically when I leave the page by default","Gherkin:
Feature: Automatic Session End

Scenario: End session automatically when leaving the page
Given the user is on a page with a session
When the user closes the markup overlay
Then the session should end automatically

Python:
from behave import given, when, then

@given('the user is on a page with a session')
def step_impl(context):
    pass

@when('the user closes the markup overlay')
def step_impl(context):
    pass

@then('the session should end automatically')
def step_impl(context):
    pass"
150,"As a User, For ""Ask AI Beta"" project I want Beta icon","Gherkin:
Feature: Ask AI Beta Icon

Scenario: Display Beta icon in Ask AI side panel
Given the user has opened the Ask AI side panel
When the side panel is displayed
Then a 'Beta' icon should appear after the panel name and help tooltip

Python:
from behave import given, when, then

@given('the user has opened the Ask AI side panel')
def step_impl(context):
    pass

@when('the side panel is displayed')
def step_impl(context):
    pass

@then(""a 'Beta' icon should appear after the panel name and help tooltip"")
def step_impl(context):
    pass"
151,"As a User, we expect to see updated email template for Session Based Digest Email once Session is completed","Gherkin:
Feature: Session Based Digest Email

Scenario: View updated email template after session completion
Given the session has been completed
When the user views the Session Based Digest Email
Then the email should display the updated summary as per design
And the email should include the session start and end time as per design

Python:
from behave import given, when, then

@given('the session has been completed')
def step_impl(context):
    pass

@when('the user views the Session Based Digest Email')
def step_impl(context):
    pass

@then('the email should display the updated summary as per design')
def step_impl(context):
    pass

@then('the email should include the session start and end time as per design')
def step_impl(context):
    pass"
152,"As a User, I want to click a button on the Markup screen to manually end my Session","Gherkin:
Feature: End Session

Scenario: Manually end session from Markup screen
Given the user is on the Markup screen
When the user clicks the ""End Session"" button under the Markup Comment Panel heading
Then the ""End Session"" button and message should disappear

Python:
from behave import given, when, then

@given('the user is on the Markup screen')
def step_impl(context):
    pass

@when('the user clicks the ""End Session"" button under the Markup Comment Panel heading')
def step_impl(context):
    pass

@then('the ""End Session"" button and message should disappear')
def step_impl(context):
    pass"
153,"As a User, I want to  end my Session automatically when I leave the page by default","Gherkin:
Feature: Automatic Session End

Scenario: End session automatically when leaving the page
Given the user is on the page with an active session
When the user closes the markup overlay
Then the session should end automatically

Python:
from behave import given, when, then

@given('the user is on the page with an active session')
def step_impl(context):
    pass

@when('the user closes the markup overlay')
def step_impl(context):
    pass

@then('the session should end automatically')
def step_impl(context):
    pass"
154,"As a User, I want Markup Page begins the session once the first activity on Mentions, New Comments, or New Replies gets sent to backend ","Gherkin:
Feature: Markup Page Session Start

Scenario: Start session on new activity
Given the user is on the Markup Page
When the user performs an action ""Mentions""
Then the session should start and be sent to the backend

Scenario: Start session on new comment
Given the user is on the Markup Page
When the user performs an action ""New Comments""
Then the session should start and be sent to the backend

Scenario: Start session on new reply
Given the user is on the Markup Page
When the user performs an action ""New Replies""
Then the session should start and be sent to the backend

Python:
from behave import given, when, then

@given('the user is on the Markup Page')
def step_impl(context):
    pass

@when('the user performs an action ""{action}""')
def step_impl(context, action):
    pass

@then('the session should start and be sent to the backend')
def step_impl(context):
    pass"
155,"As a User, I want Markup Page begins the session once the first activity on Updates to Comment Status, Edited Comments, Deleted Comments, or New Revisions gets sent to backend","Gherkin:
Feature: Markup Page Session Start

Scenario: Start session on new action
Given the user is on the Markup Page
When an update to comment status is sent to the backend
Then the session should start for the user

Scenario: Start session on edited comment
Given the user is on the Markup Page
When an edited comment is sent to the backend
Then the session should start for the user

Scenario: Start session on deleted comment
Given the user is on the Markup Page
When a deleted comment is sent to the backend
Then the session should start for the user

Python:
from behave import given, when, then

@given('the user is on the Markup Page')
def step_impl(context):
    pass

@when('an update to comment status is sent to the backend')
def step_impl(context):
    pass

@when('an edited comment is sent to the backend')
def step_impl(context):
    pass

@when('a deleted comment is sent to the backend')
def step_impl(context):
    pass

@then('the session should start for the user')
def step_impl(context):
    pass"
156,"As a User, I want to set up Session Based Digest Email in My Account Alerts (Markup) for Comment Status Updates, Edited Comments, Deleted Comments, and New Revisions","Gherkin:
Feature: Session Based Digest Email Setup

Scenario: Set up session based digest email for comment updates
Given the user is on the My Account Alerts (Markup) page
When the user selects ""Session"" from the Digest Frequency drop-down menu
And enables alerts for ""Updates to Comment status""
And enables alerts for ""Edited Comments""
Then the session based digest email should be configured successfully

Python:
from behave import given, when, then

@given('the user is on the My Account Alerts (Markup) page')
def step_impl(context):
    pass

@when('the user selects ""Session"" from the Digest Frequency drop-down menu')
def step_impl(context):
    pass

@when('enables alerts for ""Updates to Comment status""')
def step_impl(context):
    pass

@when('enables alerts for ""Edited Comments""')
def step_impl(context):
    pass

@then('the session based digest email should be configured successfully')
def step_impl(context):
    pass"
157,"As a User, I want to set up Session Based Digest Email in Admin Alerts (Markup) for Comment Status Updates, Edited Comments, Deleted Comments, and New Revisions","Gherkin:
Feature: Session Based Digest Email Setup

Scenario: Set up Session Based Digest Email for Comment Status Updates and Edited Comments
Given the user is on the Admin Alerts (Markup) page
When the user selects ""Session"" from the Digest Frequency drop-down menu
And chooses ""Updates to Comment status""
And chooses ""Edited Comments""
Then the Session Based Digest Email should be configured for the selected options

Python:
from behave import given, when, then

@given('the user is on the Admin Alerts (Markup) page')
def step_impl(context):
    pass

@when('the user selects ""Session"" from the Digest Frequency drop-down menu')
def step_impl(context):
    pass

@when('chooses ""Updates to Comment status""')
def step_impl(context):
    pass

@when('chooses ""Edited Comments""')
def step_impl(context):
    pass

@then('the Session Based Digest Email should be configured for the selected options')
def step_impl(context):
    pass"
158,"As a User, I want to set up Session Based Digest Email in My Account Alerts (Markup) for Mention & New Comment & New Reply","Gherkin:
Feature: Session Based Digest Email Setup

Scenario: Set up Session Based Digest Email with multiple frequencies
Given the user is on the My Account Alerts (Markup) page
When the user selects ""Session"" along with ""Hourly"", ""Daily"", and ""Weekly""
Then the alert settings should display ""Session, Hourly, Daily, Weekly"" as selected options

Python:
from behave import given, when, then

@given('the user is on the My Account Alerts (Markup) page')
def step_impl(context):
    pass

@when('the user selects ""Session"" along with ""Hourly"", ""Daily"", and ""Weekly""')
def step_impl(context):
    pass

@then('the alert settings should display ""Session, Hourly, Daily, Weekly"" as selected options')
def step_impl(context):
    pass"
159,"As a User, I want to set up Session Based Digest Email in Admin Alerts (Markup) for Mention & New Comment & New Reply","Gherkin:
Feature: Session Based Digest Email Setup

Scenario: Set up session based digest email for Mention and New Comment
Given the user is on the Admin Alerts (Markup) page
When the user selects ""Session"" from the Digest Frequency drop-down for ""Mention""
And selects ""Session"" from the Digest Frequency drop-down for ""New Comment""
Then the session based digest email should be configured for Mention and New Comment

Python:
from behave import given, when, then

@given('the user is on the Admin Alerts (Markup) page')
def step_impl(context):
    pass

@when('the user selects ""Session"" from the Digest Frequency drop-down for ""{alert_type}""')
def step_impl(context, alert_type):
    pass

@then('the session based digest email should be configured for Mention and New Comment')
def step_impl(context):
    pass"
160,"As a User, I want to have an Admin setting to enable that the Session can be manually ended","Gherkin:
Feature: Admin Settings

Scenario: Enable manual end trigger for Session Based Digest
Given the user is on the admin settings page
When the user enables the setting ""Session Based Digest""
Then the setting should be saved successfully

Python:
from behave import given, when, then

@given('the user is on the admin settings page')
def step_impl(context):
    pass

@when('the user enables the setting ""Session Based Digest""')
def step_impl(context):
    pass

@then('the setting should be saved successfully')
def step_impl(context):
    pass"
161,"As a User, I want to have an MCP setting for Session Based Digest under development-use only","Gherkin:
Feature: MCP Setting for Session Based Digest

Scenario: Enable Session Based Digest setting
Given the user is on the MCP settings page
When the user locates the ""Session Based Digest of Markup Comments"" setting under Development-use Only
And enables the setting
Then the setting should be enabled

Scenario: Disable Session Based Digest setting
Given the user is on the MCP settings page
When the user locates the ""Session Based Digest of Markup Comments"" setting under Development-use Only
And disables the setting
Then the setting should be disabled

Python:
from behave import given, when, then

@given('the user is on the MCP settings page')
def step_impl(context):
    pass

@when('the user locates the ""Session Based Digest of Markup Comments"" setting under Development-use Only')
def step_impl(context):
    pass

@when('enables the setting')
def step_impl(context):
    pass

@then('the setting should be enabled')
def step_impl(context):
    pass

@when('disables the setting')
def step_impl(context):
    pass

@then('the setting should be disabled')
def step_impl(context):
    pass"
162,"As a user, I want to see footer actions like cancel, save as draft, next and submit (Staged Database)","Gherkin:
Feature: Footer Actions

Scenario: Display footer actions when MCP is ON for staged database
Given MCP is ON
And the user is viewing the staged database
When the footer is displayed
Then the footer should show actions ""cancel"", ""save as draft"", ""next"", and ""submit""

Python:
from behave import given, when, then

@given('MCP is ON')
def step_impl(context):
    pass

@given('the user is viewing the staged database')
def step_impl(context):
    pass

@when('the footer is displayed')
def step_impl(context):
    pass

@then('the footer should show actions ""cancel"", ""save as draft"", ""next"", and ""submit""')
def step_impl(context):
    pass"
163,"As a User, I want to set Primary Font Size in Admin and reflect to page title font size in Page Nav (both left & right side)","Gherkin:
Feature: Primary Font Size Setting

Scenario: Set primary font size and reflect on page title font size in Page Nav
Given the user is on the Admin Template settings page
When the user sets the Primary Font Size to ""16px""
And saves the changes
Then the page title font size in the Page Nav should be ""16px"" on both the left and right sides

Python:
from behave import given, when, then

@given('the user is on the Admin Template settings page')
def step_impl(context):
    pass

@when('the user sets the Primary Font Size to ""{font_size}""')
def step_impl(context, font_size):
    pass

@when('saves the changes')
def step_impl(context):
    pass

@then('the page title font size in the Page Nav should be ""{font_size}"" on both the left and right sides')
def step_impl(context, font_size):
    pass"
164,"As an internal User, I want to set Drag & Drop Page limit via Custom Page limit in MCP","Gherkin:
Feature: Set Drag & Drop Page Limit

Scenario: Remove Drag & Drop limit from Restrictions tab
Given the user is on the MCP Restrictions tab
When the user removes the Drag & Drop limit
Then the Drag & Drop limit should no longer be present

Python:
from behave import given, when, then

@given('the user is on the MCP Restrictions tab')
def step_impl(context):
    pass

@when('the user removes the Drag & Drop limit')
def step_impl(context):
    pass

@then('the Drag & Drop limit should no longer be present')
def step_impl(context):
    pass"
165,"As a User, I want Permission updates/options: allow all platform users to Ask AI from documents they can Preview (or above)","Gherkin:
Feature: Permission Updates

Scenario: Allow all platform users to Ask AI from documents they can Preview
Given the user is on the settings page
When the user navigates to the ""Enable vector search - text (V3) (development use only)"" section
And sees the sub-setting ""Main Admin only (Beta)""
Then all platform users should be able to Ask AI from documents they can Preview

Python:
from behave import given, when, then

@given('the user is on the settings page')
def step_impl(context):
    pass

@when('the user navigates to the ""Enable vector search - text (V3) (development use only)"" section')
def step_impl(context):
    pass

@when('sees the sub-setting ""Main Admin only (Beta)""')
def step_impl(context):
    pass

@then('all platform users should be able to Ask AI from documents they can Preview')
def step_impl(context):
    pass"
166,"As a User, Ignore documents that are in Pending / Declined / Cancelled ","Gherkin:
Feature: Document Handling

Scenario: Ignore documents in Pending status on initial upload
Given a document is uploaded with status ""Pending""
When the document is sent for publish approval
Then the document should not be vectorized
And support for Ask AI should be dropped

Python:
from behave import given, when, then

@given('a document is uploaded with status ""{status}""')
def step_impl(context, status):
    pass

@when('the document is sent for publish approval')
def step_impl(context):
    pass

@then('the document should not be vectorized')
def step_impl(context):
    pass

@then('support for Ask AI should be dropped')
def step_impl(context):
    pass"
167,"As a User, I want to allow users to rate the answer with thumbs up / thumbs down","Gherkin:
Feature: Rate Answer

Scenario: Display thumbs up and thumbs down icons for a fully formed answer
Given an answer is fully formed
When the user views the answer
Then the thumbs up and thumbs down icons should be displayed underneath the answer

Scenario: Thumbs up icon hover text
Given the thumbs up icon is displayed
When the user hovers over the thumbs up icon
Then the hover text should be ""Click if you found this response helpful.""

Scenario: Thumbs down icon hover text
Given the thumbs down icon is displayed
When the user hovers over the thumbs down icon
Then the hover text should be ""Click if you found this response unhelpful.""

Python:
from behave import given, when, then

@given('an answer is fully formed')
def step_impl(context):
    pass

@when('the user views the answer')
def step_impl(context):
    pass

@then('the thumbs up and thumbs down icons should be displayed underneath the answer')
def step_impl(context):
    pass

@given('the thumbs up icon is displayed')
def step_impl(context):
    pass

@when('the user hovers over the thumbs up icon')
def step_impl(context):
    pass

@then('the hover text should be ""Click if you found this response helpful.""')
def step_impl(context):
    pass

@given('the thumbs down icon is displayed')
def step_impl(context):
    pass

@when('the user hovers over the thumbs down icon')
def step_impl(context):
    pass

@then('the hover text should be ""Click if you found this response unhelpful.""')
def step_impl(context):
    pass"
168,Guest Upload MVP: Add local workflow info banners to note these wont apply for public users,"Gherkin:
Feature: Info Banner for Public Databases

Scenario: Display info banner for public databases
Given the user is on the Edit Database Settings page
And the database has public permissions enabled
When the user views the database settings
Then an info banner should be displayed noting local workflow info won't apply for public users

Python:
from behave import given, when, then

@given('the user is on the Edit Database Settings page')
def step_impl(context):
    pass

@given('the database has public permissions enabled')
def step_impl(context):
    pass

@when('the user views the database settings')
def step_impl(context):
    pass

@then('an info banner should be displayed noting local workflow info won\'t apply for public users')
def step_impl(context):
    pass"
169,"PB - (Misc UX) As a User, I want to go back to Resource Lookup overlay after clicking to go to Resource Preview in Page Builder","Gherkin:
Feature: Resource Lookup Navigation

Scenario: Return to Resource Lookup after closing Info Preview
Given the user is on the Resource Preview overlay in Page Builder
When the user clicks the close icon on the Info Preview overlay
Then the user should be taken back to the Resources view they were on

Python:
from behave import given, when, then

@given('the user is on the Resource Preview overlay in Page Builder')
def step_impl(context):
    pass

@when('the user clicks the close icon on the Info Preview overlay')
def step_impl(context):
    pass

@then('the user should be taken back to the Resources view they were on')
def step_impl(context):
    pass"
170,"As a user, I want to be able to see integrated fields","Gherkin:
Feature: Integrated Fields Display

Scenario: Display integrated fields when MCP is ON
Given MCP is ON
When the user views a normal section
Then integrated fields should be displayed according to design

Scenario: Display integrated fields in normal section for Edit
Given MCP is ON
When the user edits a normal section
Then integrated fields should be displayed according to design

Scenario: Display integrated fields in normal section for Update
Given MCP is ON
When the user updates a normal section
Then integrated fields should be displayed according to design

Scenario: Display integrated fields in duplicable section for View
Given MCP is ON
When the user views a duplicable section
Then integrated fields should be displayed according to design

Scenario: Display integrated fields in duplicable section for Edit
Given MCP is ON
When the user edits a duplicable section
Then integrated fields should be displayed according to design

Scenario: Display integrated fields in duplicable section for Update
Given MCP is ON
When the user updates a duplicable section
Then integrated fields should be displayed according to design

Python:
from behave import given, when, then

@given('MCP is ON')
def step_impl(context):
    pass

@when('the user views a normal section')
def step_impl(context):
    pass

@when('the user edits a normal section')
def step_impl(context):
    pass

@when('the user updates a normal section')
def step_impl(context):
    pass

@when('the user views a duplicable section')
def step_impl(context):
    pass

@when('the user edits a duplicable section')
def step_impl(context):
    pass

@when('the user updates a duplicable section')
def step_impl(context):
    pass

@then('integrated fields should be displayed according to design')
def step_impl(context):
    pass"
171,MCP Front End - As a User when I click Server from the main menu it will open the server page,"Gherkin:
Feature: Server Page Navigation

Scenario: Open server page from main menu
Given the user is on the main menu
When the user clicks ""Server"" from the main menu
Then the server page should open
And the server page should display the title
And the server list should be in an AdvanceTable

Python:
from behave import given, when, then

@given('the user is on the main menu')
def step_impl(context):
    pass

@when('the user clicks ""Server"" from the main menu')
def step_impl(context):
    pass

@then('the server page should open')
def step_impl(context):
    pass

@then('the server page should display the title')
def step_impl(context):
    pass

@then('the server list should be in an AdvanceTable')
def step_impl(context):
    pass"
172,"MCP Front End - As a user, I can delete a server","Gherkin:
Feature: Server Management

Scenario: Delete a server from the Servers table
Given the user is on the Servers table page
When the user clicks the delete icon for a server
Then a confirmation message should be displayed
And the server should be removed from the table

Python:
from behave import given, when, then

@given('the user is on the Servers table page')
def step_impl(context):
    pass

@when('the user clicks the delete icon for a server')
def step_impl(context):
    pass

@then('a confirmation message should be displayed')
def step_impl(context):
    pass

@then('the server should be removed from the table')
def step_impl(context):
    pass"
173,"MCP Front End - As a user, I can update server details","Gherkin:
Feature: Update Server Details

Scenario: Open server form in update mode
Given the user is on the Servers table
When the user clicks the Edit icon for a server
Then the Servers form should open in update mode

Scenario: Warning message on cancel after updates
Given the user has updated server details in the form
When the user clicks the Cancel button
Then a warning message should be displayed

Python:
from behave import given, when, then

@given('the user is on the Servers table')
def step_impl(context):
    pass

@when('the user clicks the Edit icon for a server')
def step_impl(context):
    pass

@then('the Servers form should open in update mode')
def step_impl(context):
    pass

@given('the user has updated server details in the form')
def step_impl(context):
    pass

@when('the user clicks the Cancel button')
def step_impl(context):
    pass

@then('a warning message should be displayed')
def step_impl(context):
    pass"
174,"MCP Front End - As a User, I can View details of a server","Gherkin:
Feature: View Server Details

Scenario: View server details from the servers table
Given the user is on the servers table page
When the user clicks the view icon for a server
Then the server details form should open in view mode

Python:
from behave import given, when, then

@given('the user is on the servers table page')
def step_impl(context):
    pass

@when('the user clicks the view icon for a server')
def step_impl(context):
    pass

@then('the server details form should open in view mode')
def step_impl(context):
    pass"
175,Guest Upload MVP - Email verification: New Email Template + Send Email,"Gherkin:
Feature: Email Verification

Scenario: Send verification email to public user
Given the public user is on the initial screen
When the public user submits a valid email address ""user@example.com""
Then a verification code is generated
And an email is sent to ""user@example.com""

Python:
from behave import given, when, then

@given('the public user is on the initial screen')
def step_impl(context):
    pass

@when('the public user submits a valid email address ""{email}""')
def step_impl(context, email):
    pass

@then('a verification code is generated')
def step_impl(context):
    pass

@then('an email is sent to ""{email}""')
def step_impl(context, email):
    pass"
176,Guest Upload MVP - Email verification: New Auth Screens (core),"Gherkin:
Feature: Email Verification

Scenario: Request access code via email
Given the user has passed the public concurrent queue check
When the user sees the email request modal
And enters their email ""user@example.com""
And requests an access code
Then the modal should cover the full screen
And the user should not see any create record details

Python:
from behave import given, when, then

@given('the user has passed the public concurrent queue check')
def step_impl(context):
    pass

@when('the user sees the email request modal')
def step_impl(context):
    pass

@when('enters their email ""{email}""')
def step_impl(context, email):
    pass

@when('requests an access code')
def step_impl(context):
    pass

@then('the modal should cover the full screen')
def step_impl(context):
    pass

@then('the user should not see any create record details')
def step_impl(context):
    pass"
177,"CMD - As a User, I want to see Markup Comments removed from Dashboard automatically for removed / archived Assets","Gherkin:
Feature: Dashboard Markup Comments

Scenario: Automatically hide markup comments for removed assets
Given the user is viewing the dashboard
And there are markup comments associated with assets
When an associated asset is deleted
Then the markup comments should be hidden in the dashboard widget

Python:
from behave import given, when, then

@given('the user is viewing the dashboard')
def step_impl(context):
    pass

@given('there are markup comments associated with assets')
def step_impl(context):
    pass

@when('an associated asset is deleted')
def step_impl(context):
    pass

@then('the markup comments should be hidden in the dashboard widget')
def step_impl(context):
    pass"
178,Guest Upload MVP: Add Email address into Public Usage Create Action,"Gherkin:
Feature: Public User Record Creation

Scenario: Append email address to public user record
Given a public user creates a record
When the user provides their email address ""email@address.com""
Then the user details should be updated to ""Public Access (email@address.com)""

Python:
from behave import given, when, then

@given('a public user creates a record')
def step_impl(context):
    pass

@when('the user provides their email address ""{email}""')
def step_impl(context, email):
    pass

@then('the user details should be updated to ""Public Access ({email})""')
def step_impl(context, email):
    pass"
179,"As a user, I want to see clearly identify that a section is part of a duplicable section","Gherkin:
Feature: Duplicable Section Identification

Scenario: Indent duplicable sections for clear identification
Given the user is viewing a page with duplicable sections
When the page is loaded
Then the duplicable sections should be indented

Python:
from behave import given, when, then

@given('the user is viewing a page with duplicable sections')
def step_impl(context):
    pass

@when('the page is loaded')
def step_impl(context):
    pass

@then('the duplicable sections should be indented')
def step_impl(context):
    pass"
180,"As a user, I want to be able to jump to fields with errors if form is invalid ","Gherkin:
Feature: Form Error Navigation

Scenario: Navigate to fields with errors in an invalid form
Given the user is on a form page with errors
When the user views the footer
Then they should see the number of errors per page

Scenario: Navigate through errors using arrow buttons
Given the user is on a form page with errors
When the user clicks the arrow down button
Then the next field with an error should be highlighted

When the user clicks the arrow up button
Then the previous field with an error should be highlighted

Python:
from behave import given, when, then

@given('the user is on a form page with errors')
def step_impl(context):
    pass

@when('the user views the footer')
def step_impl(context):
    pass

@then('they should see the number of errors per page')
def step_impl(context):
    pass

@when('the user clicks the arrow down button')
def step_impl(context):
    pass

@then('the next field with an error should be highlighted')
def step_impl(context):
    pass

@when('the user clicks the arrow up button')
def step_impl(context):
    pass

@then('the previous field with an error should be highlighted')
def step_impl(context):
    pass"
181,"As a user, I want to freely navigate between stages (Staged)","Gherkin:
Feature: Stage Navigation

Scenario: Navigate between stages
Given the user is on the stage navigation page
When the user views the available stages
And selects a stage to navigate to
Then the selected stage should be displayed
And the status of the stages should be shown

Python:
from behave import given, when, then

@given('the user is on the stage navigation page')
def step_impl(context):
    pass

@when('the user views the available stages')
def step_impl(context):
    pass

@when('selects a stage to navigate to')
def step_impl(context):
    pass

@then('the selected stage should be displayed')
def step_impl(context):
    pass

@then('the status of the stages should be shown')
def step_impl(context):
    pass"
182,"As a user, I want to freely navigate between sections and pages (Single)","Gherkin:
Feature: Navigation Panel

Scenario: Open and close the left navigation panel
Given the user is on the main page
When the user opens the left navigation panel
Then the left navigation panel should be visible
When the user closes the left navigation panel
Then the left navigation panel should not be visible

Python:
from behave import given, when, then

@given('the user is on the main page')
def step_impl(context):
    pass

@when('the user opens the left navigation panel')
def step_impl(context):
    pass

@then('the left navigation panel should be visible')
def step_impl(context):
    pass

@when('the user closes the left navigation panel')
def step_impl(context):
    pass

@then('the left navigation panel should not be visible')
def step_impl(context):
    pass"
183,"PB - As a User, I want to have previous 'Block' background colour setting embedded in Text Widget toolbar after combining these two","Gherkin:
Feature: Text Widget Background Colour

Scenario: Embed previous 'Block' background colour setting in Text Widget toolbar
Given the user has a Text Widget with a previous 'Block' background colour setting
When the user combines the 'Block' with the Text Widget
Then the previous 'Block' background colour setting should be embedded in the Text Widget toolbar

Scenario: Set background colour for Text Widget
Given the user is viewing the Text Widget toolbar
When the user clicks on the background colour setting
And opens the colour swatch popover
And sets the colour for the Text Widget background
Then the Text Widget background should reflect the new colour

Python:
from behave import given, when, then

@given('the user has a Text Widget with a previous \'Block\' background colour setting')
def step_impl(context):
    pass

@when('the user combines the \'Block\' with the Text Widget')
def step_impl(context):
    pass

@then('the previous \'Block\' background colour setting should be embedded in the Text Widget toolbar')
def step_impl(context):
    pass

@given('the user is viewing the Text Widget toolbar')
def step_impl(context):
    pass

@when('the user clicks on the background colour setting')
def step_impl(context):
    pass

@when('opens the colour swatch popover')
def step_impl(context):
    pass

@when('sets the colour for the Text Widget background')
def step_impl(context):
    pass

@then('the Text Widget background should reflect the new colour')
def step_impl(context):
    pass"
184,"PB - As a User, I want to configure both Block and Video Widget properties","Gherkin:
Feature: Widget Configuration

Scenario: Configure Block and Video Widget properties
Given the user is on the widget configuration page
When the user selects the ""Block"" widget
And configures the settings
And selects the ""Video"" widget
And configures the settings
Then the new widget settings should be saved successfully

Python:
from behave import given, when, then

@given('the user is on the widget configuration page')
def step_impl(context):
    pass

@when('the user selects the ""{widget_type}"" widget')
def step_impl(context, widget_type):
    pass

@when('configures the settings')
def step_impl(context):
    pass

@then('the new widget settings should be saved successfully')
def step_impl(context):
    pass"
185,"PB - As a User, I want to configure both Block and Image Widget properties","Gherkin:
Feature: Widget Configuration

Scenario: Configure Block and Image Widget properties
Given the user is on the widget configuration page
When the user selects a widget from the navigation
And configures the Block and Image Widget properties
Then the widget settings should be updated successfully

Python:
from behave import given, when, then

@given('the user is on the widget configuration page')
def step_impl(context):
    pass

@when('the user selects a widget from the navigation')
def step_impl(context):
    pass

@when('configures the Block and Image Widget properties')
def step_impl(context):
    pass

@then('the widget settings should be updated successfully')
def step_impl(context):
    pass"
186,"PB - As a User, I want to configure both Block and Text Widget properties","Gherkin:
Feature: Widget Configuration

Scenario: Configure Block and Text Widget properties
Given the user is on the widget configuration page
When the user selects a widget from the navigation
And configures the Block and Text Widget properties
Then the widget settings should be updated successfully

Python:
from behave import given, when, then

@given('the user is on the widget configuration page')
def step_impl(context):
    pass

@when('the user selects a widget from the navigation')
def step_impl(context):
    pass

@when('configures the Block and Text Widget properties')
def step_impl(context):
    pass

@then('the widget settings should be updated successfully')
def step_impl(context):
    pass"
187,"PB - As a User, I want to configure both Block and Button Widget properties","Gherkin:
Feature: Widget Configuration

Scenario: Configure Block and Button Widget properties
Given the user is on the widget configuration page
When the user selects a widget from the navigation
And configures the Block and Button Widget properties
Then the widget settings should be updated successfully

Python:
from behave import given, when, then

@given('the user is on the widget configuration page')
def step_impl(context):
    pass

@when('the user selects a widget from the navigation')
def step_impl(context):
    pass

@when('configures the Block and Button Widget properties')
def step_impl(context):
    pass

@then('the widget settings should be updated successfully')
def step_impl(context):
    pass"
188,"4-1. As a User, I want to resize Image Widget by Width slider from Nav","Gherkin:
Feature: Resize Image Widget

Scenario: Resize image widget by width slider
Given the user is on the dashboard with an image widget
When the user adjusts the width slider from the nav panel
Then the image widget's block width should change according to the design
And the image should maintain the same horizontal percentage of its block
And the user can resize the widget by dragging the dot line

Python:
from behave import given, when, then

@given('the user is on the dashboard with an image widget')
def step_impl(context):
    pass

@when('the user adjusts the width slider from the nav panel')
def step_impl(context):
    pass

@then(""the image widget's block width should change according to the design"")
def step_impl(context):
    pass

@then('the image should maintain the same horizontal percentage of its block')
def step_impl(context):
    pass

@then('the user can resize the widget by dragging the dot line')
def step_impl(context):
    pass"
189,"3-2. As a User, I want to reposition Image Widget by dragging image itself when create/editing a Page","Gherkin:
Feature: Image Widget Repositioning

Scenario: Reposition Image Widget by dragging
Given the user is creating or editing a page
And the Image Widget is in a Section
When the user drags the Image Widget
Then the dotted line of the Image and bounding box for the entire Widget should be visible with 8px padding

Scenario: Image Widget bounding box visibility after resizing
Given the Image Widget is resized
Then the outer bounding box border line should always be visible as per design

Scenario: Reposition Image Widget after resizing
Given the Image Widget is resized to a smaller size
When the user repositions the Image Widget
Then the Image should maintain the same percentage of 'Block' after resizing

Python:
from behave import given, when, then

@given('the user is creating or editing a page')
def step_impl(context):
    pass

@given('the Image Widget is in a Section')
def step_impl(context):
    pass

@when('the user drags the Image Widget')
def step_impl(context):
    pass

@then('the dotted line of the Image and bounding box for the entire Widget should be visible with 8px padding')
def step_impl(context):
    pass

@given('the Image Widget is resized')
def step_impl(context):
    pass

@then('the outer bounding box border line should always be visible as per design')
def step_impl(context):
    pass

@given('the Image Widget is resized to a smaller size')
def step_impl(context):
    pass

@when('the user repositions the Image Widget')
def step_impl(context):
    pass

@then('the Image should maintain the same percentage of ""Block"" after resizing')
def step_impl(context):
    pass"
190,"4-2. As a User, I want the position and size that I set of the image to still work in different responsive modes","Gherkin:
Feature: Responsive Image Position and Size

Scenario: Maintain image position and size across responsive modes
Given the user is on the image editing page
When the user resizes the image by dragging the dots
And repositions the image by dragging it
Then the image should maintain the same horizontal percentage with the block in mobile, tablet, and desktop modes

Python:
from behave import given, when, then

@given('the user is on the image editing page')
def step_impl(context):
    pass

@when('the user resizes the image by dragging the dots')
def step_impl(context):
    pass

@when('repositions the image by dragging it')
def step_impl(context):
    pass

@then('the image should maintain the same horizontal percentage with the block in mobile, tablet, and desktop modes')
def step_impl(context):
    pass"
191,"2-3. As a User, I want to Undo & Redo resizing & repositioning","Gherkin:
Feature: Undo and Redo Resizing and Repositioning

Scenario: Undo and redo resizing an image
Given the user has resized an image by dragging the dots
When the user clicks ""Undo"" from the top bar
Then the image should revert to its previous size

Scenario: Redo resizing an image
Given the user has undone a resize action
When the user clicks ""Redo"" from the top bar
Then the image should return to the resized state

Scenario: Undo and redo repositioning an image
Given the user has repositioned an image by dragging
When the user clicks ""Undo"" from the top bar
Then the image should revert to its previous position

Scenario: Redo repositioning an image
Given the user has undone a reposition action
When the user clicks ""Redo"" from the top bar
Then the image should return to the repositioned state

Python:
from behave import given, when, then

@given('the user has resized an image by dragging the dots')
def step_impl(context):
    pass

@when('the user clicks ""Undo"" from the top bar')
def step_impl(context):
    pass

@then('the image should revert to its previous size')
def step_impl(context):
    pass

@given('the user has undone a resize action')
def step_impl(context):
    pass

@when('the user clicks ""Redo"" from the top bar')
def step_impl(context):
    pass

@then('the image should return to the resized state')
def step_impl(context):
    pass

@given('the user has repositioned an image by dragging')
def step_impl(context):
    pass

@then('the image should revert to its previous position')
def step_impl(context):
    pass

@given('the user has undone a reposition action')
def step_impl(context):
    pass

@then('the image should return to the repositioned state')
def step_impl(context):
    pass"
192,"PB - As a User, I want to see Drag & Drop Page thumbnails as preview in Custom Page v2 index page","Gherkin:
Feature: Drag & Drop Page Thumbnails

Scenario: Preview Drag & Drop Page thumbnails in List view
Given the user is on the Custom Page v2 index page in List view
When the user navigates to a Drag & Drop Page
Then they should see the page thumbnails as previews

Scenario: Preview Drag & Drop Page thumbnails in Thumb view
Given the user is on the Custom Page v2 index page in Thumb view
When the user navigates to a Drag & Drop Page
Then they should see the page thumbnails as previews

Python:
from behave import given, when, then

@given('the user is on the Custom Page v2 index page in List view')
def step_impl(context):
    pass

@given('the user is on the Custom Page v2 index page in Thumb view')
def step_impl(context):
    pass

@when('the user navigates to a Drag & Drop Page')
def step_impl(context):
    pass

@then('they should see the page thumbnails as previews')
def step_impl(context):
    pass"
193,"PB - (Misc) As a User, I want to set auto-play as default or not for Video Widgets when viewing a Smart Page","Gherkin:
Feature: Video Widget Auto-Play Setting

Scenario: Set auto-play as default for Video Widgets
Given the user is viewing a Smart Page
When the user adds a Video Widget
And sets the auto-play option to ""enabled""
Then the Video Widget should auto-play on viewing

Scenario: Default auto-play setting for Video Widgets
Given the user is viewing a Smart Page
When the user adds a Video Widget
Then the auto-play option should be ""disabled"" by default

Python:
from behave import given, when, then

@given('the user is viewing a Smart Page')
def step_impl(context):
    pass

@when('the user adds a Video Widget')
def step_impl(context):
    pass

@when('sets the auto-play option to ""{status}""')
def step_impl(context, status):
    pass

@then('the Video Widget should auto-play on viewing')
def step_impl(context):
    pass

@then('the auto-play option should be ""{status}"" by default')
def step_impl(context, status):
    pass"
194,"BP - (Misc) As a User, I want to Replace resources via Resource Lookup from Nav Panel","Gherkin:
Feature: Resource Replacement via Resource Lookup

Scenario: Replace resource using Resource Lookup from Nav Panel
Given the user is on the Page Builder with a selected resource
When the user clicks the ""Replace"" button in the Nav Panel
Then the Resource Lookup should be displayed
And the tooltip for the ""Replace"" button should be ""Select an image from your Resourcecustomsingular area"" for Page background
And the tooltip for the ""Replace"" button should be ""Select a video from your Resourcecustomsingular area"" for Video Widget

Python:
from behave import given, when, then

@given('the user is on the Page Builder with a selected resource')
def step_impl(context):
    pass

@when('the user clicks the ""Replace"" button in the Nav Panel')
def step_impl(context):
    pass

@then('the Resource Lookup should be displayed')
def step_impl(context):
    pass

@then('the tooltip for the ""Replace"" button should be ""Select an image from your Resourcecustomsingular area"" for Page background')
def step_impl(context):
    pass

@then('the tooltip for the ""Replace"" button should be ""Select a video from your Resourcecustomsingular area"" for Video Widget')
def step_impl(context):
    pass"
195,"PB - As an Internal User, I want to have MCP(development use only) settings to enable/disable features per Epic for Drag & Drop Page MVP ","Gherkin:
Feature: MCP Settings Management

Scenario: Enable/Disable MCP settings for Drag & Drop Page MVP
Given the user is on the MCP settings page
When the user enables the setting ""Smart Page: Widgets combining Block""
And enables the setting ""Smart Page: Image Resizing""
And enables the setting ""Smart Pages - Page Templates (development use only)""
And enables the setting ""Smart Page: Page Grouping""
Then the settings should be saved successfully

Python:
from behave import given, when, then

@given('the user is on the MCP settings page')
def step_impl(context):
    pass

@when('the user enables the setting ""{setting_name}""')
def step_impl(context, setting_name):
    pass

@then('the settings should be saved successfully')
def step_impl(context):
    pass"
196,"PB - As a User, I want to see a Smart Page  template popup after click on V2 create","Gherkin:
Feature: Smart Page Template Popup

Scenario: Display Smart Page template popup after clicking on V2 create
Given the user is on the V2 Page creation popup
When the user clicks on ""Smart Page""
Then the Page Template popup should be displayed with the subject ""Popup Subject""
And the background page in Page Builder should be an empty default page with three empty sections

Python:
from behave import given, when, then

@given('the user is on the V2 Page creation popup')
def step_impl(context):
    pass

@when('the user clicks on ""Smart Page""')
def step_impl(context):
    pass

@then('the Page Template popup should be displayed with the subject ""Popup Subject""')
def step_impl(context):
    pass

@then('the background page in Page Builder should be an empty default page with three empty sections')
def step_impl(context):
    pass"
197,"PB - As a User, I want to create an empty  Smart Page from the template popup","Gherkin:
Feature: Create Smart Page

Scenario: Create an empty Smart Page from the template popup
Given the user is on the template popup
When the user clicks the button ""Start with a blank template""
Then the ""first_template"" effect should be selected
And a blank Smart Page should be created and loaded in the Page Builder with three empty sections

Python:
from behave import given, when, then

@given('the user is on the template popup')
def step_impl(context):
    pass

@when('the user clicks the button ""Start with a blank template""')
def step_impl(context):
    pass

@then('the ""first_template"" effect should be selected')
def step_impl(context):
    pass

@then('a blank Smart Page should be created and loaded in the Page Builder with three empty sections')
def step_impl(context):
    pass"
198,"PB - As a User, I want to select a Template from Template popup","Gherkin:
Feature: Template Selection

Scenario: Select a template from the template popup
Given the user is on the template popup
When the user hovers over a template
And clicks on the template
Then the template should be marked as selected

Python:
from behave import given, when, then

@given('the user is on the template popup')
def step_impl(context):
    pass

@when('the user hovers over a template')
def step_impl(context):
    pass

@when('clicks on the template')
def step_impl(context):
    pass

@then('the template should be marked as selected')
def step_impl(context):
    pass"
199,"PB - As a User, I want to see previews of Page templates as in thumbnails","Gherkin:
Feature: Page Template Previews

Scenario: View thumbnails of page templates
Given the user is on the page template popup
When the user views the available page templates
Then they should see thumbnails of the pre-defined page templates

Python:
from behave import given, when, then

@given('the user is on the page template popup')
def step_impl(context):
    pass

@when('the user views the available page templates')
def step_impl(context):
    pass

@then('they should see thumbnails of the pre-defined page templates')
def step_impl(context):
    pass"
200,"PB - As a User, I want to edit and save a Smart Page with template after it's loaded","Gherkin:
Feature: Edit and Save Smart Page

Scenario: Edit and save a Smart Page with a loaded template
Given the user has loaded a Smart Page with a template
When the user edits the Smart Page content
And saves the changes
Then the Smart Page should be updated with the new content

Python:
from behave import given, when, then

@given('the user has loaded a Smart Page with a template')
def step_impl(context):
    pass

@when('the user edits the Smart Page content')
def step_impl(context):
    pass

@when('saves the changes')
def step_impl(context):
    pass

@then('the Smart Page should be updated with the new content')
def step_impl(context):
    pass"
201,"PB - As a User, I want to apply/load a selected Smart Page template in Page Builder","Gherkin:
Feature: Smart Page Template Selection

Scenario: Load a selected Smart Page template in Page Builder
Given the user is on the template selection page
When the user clicks on a template
Then they should be redirected to the Page Builder
And the selected template should be loaded as an empty Smart Page

Python:
from behave import given, when, then

@given('the user is on the template selection page')
def step_impl(context):
    pass

@when('the user clicks on a template')
def step_impl(context):
    pass

@then('they should be redirected to the Page Builder')
def step_impl(context):
    pass

@then('the selected template should be loaded as an empty Smart Page')
def step_impl(context):
    pass"
202,"BP - (Misc) As a User, I want to see the Page Tree remain the same while switching Pages from Nav Panel","Gherkin:
Feature: Page Tree Consistency

Scenario: Page Tree remains the same while switching pages
Given the user is viewing or editing a page with an expanded Page Tree
When the user switches to another page from the Nav Panel
Then the Page Tree should remain the same with sub-pages displayed

Python:
from behave import given, when, then

@given('the user is viewing or editing a page with an expanded Page Tree')
def step_impl(context):
    pass

@when('the user switches to another page from the Nav Panel')
def step_impl(context):
    pass

@then('the Page Tree should remain the same with sub-pages displayed')
def step_impl(context):
    pass"
203,"PB - (Misc) As a User, I want to further have an option to hide / unhide the download button for Images / Video","Gherkin:
Feature: Hide/Unhide Download Button

Scenario: Hide the download button for an image widget
Given the user is viewing an image widget with the download button visible
When the user clicks the hide button
Then the download button should be hidden

Scenario: Unhide the download button for an image widget
Given the user is viewing an image widget with the download button hidden
When the user clicks the unhide button
Then the download button should be visible

Scenario: Hide the download button for a video widget
Given the user is viewing a video widget with the download button visible
When the user clicks the hide button
Then the download button should be hidden

Scenario: Unhide the download button for a video widget
Given the user is viewing a video widget with the download button hidden
When the user clicks the unhide button
Then the download button should be visible

Python:
from behave import given, when, then

@given('the user is viewing an image widget with the download button visible')
def step_impl(context):
    pass

@given('the user is viewing an image widget with the download button hidden')
def step_impl(context):
    pass

@given('the user is viewing a video widget with the download button visible')
def step_impl(context):
    pass

@given('the user is viewing a video widget with the download button hidden')
def step_impl(context):
    pass

@when('the user clicks the hide button')
def step_impl(context):
    pass

@when('the user clicks the unhide button')
def step_impl(context):
    pass

@then('the download button should be hidden')
def step_impl(context):
    pass

@then('the download button should be visible')
def step_impl(context):
    pass"
204,"PB - As a User, I want to add Widgets directly to a Section","Gherkin:
Feature: Add Widgets to Section

Scenario: Drag and drop Widgets to a Section
Given the user is in Page Builder on Create/Edit mode
And the user has an empty Section
When the user drags a Widget ""Spacer"" from Nav to the Section
Then the Section should contain 1 Widget ""Spacer""

Scenario: Maximum Widgets in a Section
Given the user is in Page Builder on Create/Edit mode
And the user has a Section with 5 Widgets
When the user attempts to drag another Widget from Nav to the Section
Then the Section should contain 6 Widgets
And the user should see a message ""Maximum Widgets reached""

Scenario: Drag Section without Block option
Given the user is in Page Builder on Create/Edit mode
When the user views the Nav under Core elements
Then the user should see only the Section option without ""Block""

Python:
from behave import given, when, then

@given('the user is in Page Builder on Create/Edit mode')
def step_impl(context):
    pass

@given('the user has an empty Section')
def step_impl(context):
    pass

@given('the user has a Section with {count:d} Widgets')
def step_impl(context, count):
    pass

@when('the user drags a Widget ""{widget_name}"" from Nav to the Section')
def step_impl(context, widget_name):
    pass

@when('the user attempts to drag another Widget from Nav to the Section')
def step_impl(context):
    pass

@when('the user views the Nav under Core elements')
def step_impl(context):
    pass

@then('the Section should contain {count:d} Widget ""{widget_name}""')
def step_impl(context, count, widget_name):
    pass

@then('the Section should contain {count:d} Widgets')
def step_impl(context, count):
    pass

@then('the user should see a message ""Maximum Widgets reached""')
def step_impl(context):
    pass

@then('the user should see only the Section option without ""Block""')
def step_impl(context):
    pass"
205,"PB - As a User, I want to add a new Widget ""Spacer""","Gherkin:
Feature: Widget Management

Scenario: Add and configure a new Spacer widget
Given the user is on the design page
When the user drags a new ""Spacer"" widget from the Nav to a Section
Then the ""Spacer"" widget should be visible in the Section
And the user should see the default settings for the ""Spacer"" widget
When the user configures the ""Spacer"" widget settings
Then the settings should include Colour ""#FFFFFF"", Padding ""0pt"", and Ratio ""12""
And the user can drag a Section into the ""Spacer"" widget

Python:
from behave import given, when, then

@given('the user is on the design page')
def step_impl(context):
    pass

@when('the user drags a new ""Spacer"" widget from the Nav to a Section')
def step_impl(context):
    pass

@then('the ""Spacer"" widget should be visible in the Section')
def step_impl(context):
    pass

@then('the user should see the default settings for the ""Spacer"" widget')
def step_impl(context):
    pass

@when('the user configures the ""Spacer"" widget settings')
def step_impl(context):
    pass

@then('the settings should include Colour ""{colour}"", Padding ""{padding}"", and Ratio ""{ratio}""')
def step_impl(context, colour, padding, ratio):
    pass

@then('the user can drag a Section into the ""Spacer"" widget')
def step_impl(context):
    pass"
206,"PB - As a User, I want to delete a Widget with the underlying Block","Gherkin:
Feature: Widget Deletion

Scenario: Delete a Widget with the underlying Block
Given the user is on the widget management page
When the user selects a widget to delete
And confirms the deletion
Then the widget and its underlying block should be removed

Python:
from behave import given, when, then

@given('the user is on the widget management page')
def step_impl(context):
    pass

@when('the user selects a widget to delete')
def step_impl(context):
    pass

@when('confirms the deletion')
def step_impl(context):
    pass

@then('the widget and its underlying block should be removed')
def step_impl(context):
    pass"
207,"PB - As a User, I want to have Text Box Widget toolbar as a whole for the combo of Block & Widget","Gherkin:
Feature: Text Box Widget Toolbar

Scenario: Select Text Box Widget and Block as a whole
Given the user has a Text Box Widget and Block
When the user selects the Text Box Widget and Block
Then the bounding box should be highlighted as the old Block's bounding box

Scenario: View text box toolbar with Up arrow
Given the user has a Text Box Widget and Block selected
When the bounding box is highlighted
Then the text box toolbar with Up arrow should be visible

Python:
from behave import given, when, then

@given('the user has a Text Box Widget and Block')
def step_impl(context):
    pass

@when('the user selects the Text Box Widget and Block')
def step_impl(context):
    pass

@then('the bounding box should be highlighted as the old Block\'s bounding box')
def step_impl(context):
    pass

@given('the user has a Text Box Widget and Block selected')
def step_impl(context):
    pass

@when('the bounding box is highlighted')
def step_impl(context):
    pass

@then('the text box toolbar with Up arrow should be visible')
def step_impl(context):
    pass"
208,"PB - As a User, I want to only select & see the combo of Widget and Block (bounding box experience) in Page Builder","Gherkin:
Feature: Page Builder Widget and Block Selection

Scenario: Select and highlight Widget and Block combo
Given the user is on the Page Builder
When the user selects a Widget and Block combo
Then the bounding box should be highlighted as the old Block's bounding box

Scenario: Navigate up to the Section
Given the user has selected a Widget and Block combo
When the user navigates up
Then the user should be taken back to the Section

Python:
from behave import given, when, then

@given('the user is on the Page Builder')
def step_impl(context):
    pass

@when('the user selects a Widget and Block combo')
def step_impl(context):
    pass

@then('the bounding box should be highlighted as the old Block\'s bounding box')
def step_impl(context):
    pass

@given('the user has selected a Widget and Block combo')
def step_impl(context):
    pass

@when('the user navigates up')
def step_impl(context):
    pass

@then('the user should be taken back to the Section')
def step_impl(context):
    pass"
209,"PB - As a User, I want to undo & redo actions for the combo of Widget & Block","Gherkin:
Feature: Undo and Redo Actions

Scenario: Undo adding a Widget with Block to the page
Given the user has added a Widget with Block to the page
When the user performs an undo action
Then the Widget with Block should be removed from the page

Scenario: Redo adding a Widget with Block to the page
Given the user has undone adding a Widget with Block to the page
When the user performs a redo action
Then the Widget with Block should be added back to the page

Scenario: Undo removing a Widget with Block from the page
Given the user has removed a Widget with Block from the page
When the user performs an undo action
Then the Widget with Block should be restored to the page

Scenario: Redo removing a Widget with Block from the page
Given the user has undone removing a Widget with Block from the page
When the user performs a redo action
Then the Widget with Block should be removed again from the page

Scenario: Undo moving a Widget with Block on the page
Given the user has moved a Widget with Block on the page
When the user performs an undo action
Then the Widget with Block should return to its original position

Scenario: Redo moving a Widget with Block on the page
Given the user has undone moving a Widget with Block on the page
When the user performs a redo action
Then the Widget with Block should move to the new position again

Python:
from behave import given, when, then

@given('the user has added a Widget with Block to the page')
def step_impl(context):
    pass

@when('the user performs an undo action')
def step_impl(context):
    pass

@then('the Widget with Block should be removed from the page')
def step_impl(context):
    pass

@given('the user has undone adding a Widget with Block to the page')
def step_impl(context):
    pass

@when('the user performs a redo action')
def step_impl(context):
    pass

@then('the Widget with Block should be added back to the page')
def step_impl(context):
    pass

@given('the user has removed a Widget with Block from the page')
def step_impl(context):
    pass

@then('the Widget with Block should be restored to the page')
def step_impl(context):
    pass

@given('the user has undone removing a Widget with Block from the page')
def step_impl(context):
    pass

@then('the Widget with Block should be removed again from the page')
def step_impl(context):
    pass

@given('the user has moved a Widget with Block on the page')
def step_impl(context):
    pass

@then('the Widget with Block should return to its original position')
def step_impl(context):
    pass

@given('the user has undone moving a Widget with Block on the page')
def step_impl(context):
    pass

@then('the Widget with Block should move to the new position again')
def step_impl(context):
    pass"
210,"PB - As a User, I want to see a new landing page","Gherkin:
Feature: Landing Page

Scenario: View new landing page with empty sections
Given the user is on the new landing page
Then the page should display empty sections with no blocks

Python:
from behave import given, then

@given('the user is on the new landing page')
def step_impl(context):
    pass

@then('the page should display empty sections with no blocks')
def step_impl(context):
    pass"
211,"PB - As a User, I want to report Resource Download (Preview) action in Usage Reporting for Custom Page Module","Gherkin:
Feature: Resource Download Reporting

Scenario: Report resource download action in usage reporting
Given the user is on the Custom Page Module
When the user performs a Resource Download action with ""Preview"" quality
Then the action should be tracked in the User's usage report
And the Custom Page Module should not appear in the Custom Page usage report

Python:
from behave import given, when, then

@given('the user is on the Custom Page Module')
def step_impl(context):
    pass

@when('the user performs a Resource Download action with ""{quality}"" quality')
def step_impl(context, quality):
    pass

@then('the action should be tracked in the User\'s usage report')
def step_impl(context):
    pass

@then('the Custom Page Module should not appear in the Custom Page usage report')
def step_impl(context):
    pass"
212,"PB - As a User, I want to report on Resource downloaded (Preview) separately than added in Smart Page for Resource Module (Usage)","Gherkin:
Feature: Resource Usage Reporting

Scenario: Track resource download action in Smart Pages
Given the user is on the Smart Page with a previously uploaded Resource
When the user performs a Resource download action for a ""Preview"" type Resource
Then the Resource usage reporting should reflect the download action

Python:
from behave import given, when, then

@given('the user is on the Smart Page with a previously uploaded Resource')
def step_impl(context):
    pass

@when('the user performs a Resource download action for a ""{resource_type}"" type Resource')
def step_impl(context, resource_type):
    pass

@then('the Resource usage reporting should reflect the download action')
def step_impl(context):
    pass"
213,"Rename ""Simple"" Page to ""Smart"" Page","Gherkin:
Feature: Rename Page

Scenario: Rename ""Simple"" Page to ""Smart"" Page
Given the user is on the Brand Page
When the page title is ""Simple Page""
Then the page title should be updated to ""Smart Page""

Python:
from behave import given, when, then

@given('the user is on the Brand Page')
def step_impl(context):
    pass

@when('the page title is ""Simple Page""')
def step_impl(context):
    pass

@then('the page title should be updated to ""Smart Page""')
def step_impl(context):
    pass"
214,"PB - (FE components) As a User, I want to move a sub page to become a standalone Simple Page (Parent)","Gherkin:
Feature: Page Management

Scenario: Move sub-page to standalone page
Given the user is in editing mode in Page Builder
And the user sees the sub-page ""SubPage1"" in the Navigation Panel
When the user drags ""SubPage1"" to become a standalone page
Then ""SubPage1"" should no longer be a sub-page
And the Navigation Panel should reflect the updated order

Python:
from behave import given, when, then

@given('the user is in editing mode in Page Builder')
def step_impl(context):
    pass

@given('the user sees the sub-page ""{sub_page}"" in the Navigation Panel')
def step_impl(context, sub_page):
    pass

@when('the user drags ""{sub_page}"" to become a standalone page')
def step_impl(context, sub_page):
    pass

@then('""{sub_page}"" should no longer be a sub-page')
def step_impl(context, sub_page):
    pass

@then('the Navigation Panel should reflect the updated order')
def step_impl(context):
    pass"
215,"PB - As a User, I want to re-order pages within the same parent/root via Nav - FE integration","Gherkin:
Feature: Page Re-ordering

Scenario: Re-order pages via drag-and-drop
Given the user is editing the navigation panel
When the user drags and drops a page to a new position
Then the page should be moved to the new position
And any sub-pages should move with the page
And sub-pages should be collapsed under the page

Scenario: Re-order sub-pages within the same parent
Given the user is editing the navigation panel
And the page has sub-pages
When the user drags and drops a sub-page to a new position within the same parent
Then the sub-page should be moved to the new position

Scenario: Re-order root pages via drag-and-drop
Given the user is editing the navigation panel
When the user drags and drops a root page to a new position
Then the root page should be moved to the new position

Python:
from behave import given, when, then

@given('the user is editing the navigation panel')
def step_impl(context):
    pass

@when('the user drags and drops a page to a new position')
def step_impl(context):
    pass

@then('the page should be moved to the new position')
def step_impl(context):
    pass

@then('any sub-pages should move with the page')
def step_impl(context):
    pass

@then('sub-pages should be collapsed under the page')
def step_impl(context):
    pass

@given('the page has sub-pages')
def step_impl(context):
    pass

@when('the user drags and drops a sub-page to a new position within the same parent')
def step_impl(context):
    pass

@then('the sub-page should be moved to the new position')
def step_impl(context):
    pass

@when('the user drags and drops a root page to a new position')
def step_impl(context):
    pass

@then('the root page should be moved to the new position')
def step_impl(context):
    pass"
216,"PB - As a User, I want to be able to download the resources added to the page, if I have permission to do so - Video widget","Gherkin:
Feature: Download Resources

Scenario: Download video resource with permission
Given the user is on the Simple Page with a Video Widget
And the user has permission to download resources
When the user hovers over the Video Widget
Then the download button should be visible
And the tooltip ""Download"" should be displayed when hovering over the download button

Python:
from behave import given, when, then

@given('the user is on the Simple Page with a Video Widget')
def step_impl(context):
    pass

@given('the user has permission to download resources')
def step_impl(context):
    pass

@when('the user hovers over the Video Widget')
def step_impl(context):
    pass

@then('the download button should be visible')
def step_impl(context):
    pass

@then('the tooltip ""Download"" should be displayed when hovering over the download button')
def step_impl(context):
    pass"
217,"PB - As a User, I want to move a sub page to become a standalone Smart Page (Parent)","Gherkin:
Feature: Page Management

Scenario: Move sub-page to standalone Smart Page
Given the user is in editing mode in Page Builder
And the user sees the sub-page in the Navigation Panel
When the user drags the sub-page to become a standalone page
Then the sub-page should be a standalone page without any sub-pages
And the Navigation Panel should reflect the updated page hierarchy
And the page list should remain in the order of Last Updated

Python:
from behave import given, when, then

@given('the user is in editing mode in Page Builder')
def step_impl(context):
    pass

@given('the user sees the sub-page in the Navigation Panel')
def step_impl(context):
    pass

@when('the user drags the sub-page to become a standalone page')
def step_impl(context):
    pass

@then('the sub-page should be a standalone page without any sub-pages')
def step_impl(context):
    pass

@then('the Navigation Panel should reflect the updated page hierarchy')
def step_impl(context):
    pass

@then('the page list should remain in the order of Last Updated')
def step_impl(context):
    pass"
218,"PB - As a User, I want the status of  Resource added via Resource Lookup to be linked with Resource module - resource permission lost scenario","Gherkin:
Feature: Resource Permission Check

Scenario: Display permission lost icon for resources without permission
Given the user is viewing a page with resources
When the user has no permission for a specific resource
Then a placeholder icon should be displayed in the middle
And a permission lost icon should be displayed as per design
And a tooltip should appear when hovering over the permission lost icon

Python:
from behave import given, when, then

@given('the user is viewing a page with resources')
def step_impl(context):
    pass

@when('the user has no permission for a specific resource')
def step_impl(context):
    pass

@then('a placeholder icon should be displayed in the middle')
def step_impl(context):
    pass

@then('a permission lost icon should be displayed as per design')
def step_impl(context):
    pass

@then('a tooltip should appear when hovering over the permission lost icon')
def step_impl(context):
    pass"
219,"PB - As an internal User, I want to set Page limits via MCP settings","Gherkin:
Feature: MCP Page Limit Settings

Scenario: Set page limits for a new client
Given the user is on the MCP control panel
And the user is in the Platform Restriction area
When the user sets the page limit to 2 for a new client
Then the page limit should be set successfully

Python:
from behave import given, when, then

@given('the user is on the MCP control panel')
def step_impl(context):
    pass

@given('the user is in the Platform Restriction area')
def step_impl(context):
    pass

@when('the user sets the page limit to {limit:d} for a new client')
def step_impl(context, limit):
    pass

@then('the page limit should be set successfully')
def step_impl(context):
    pass"
220,"PB - As a User, I want to see sub-pages in Custom Page v2 index list (with a subtitle for parent)","Gherkin:
Feature: Custom Page v2 Index List

Scenario: View sub-pages with parent subtitle
Given the user is on the Custom Page v2 index list
When the user clicks the ""+"" button for a sub-page
Then a new row of information ""Parent: {parent_page_name}"" should be visible
And the Parent page info along with Added & Last Updated should be collapsed by default
When the user clicks on the parent simple page name ""{parent_simple_page_name}""
Then they should be redirected to view the parent page

Python:
from behave import given, when, then

@given('the user is on the Custom Page v2 index list')
def step_impl(context):
    pass

@when('the user clicks the ""+"" button for a sub-page')
def step_impl(context):
    pass

@then('a new row of information ""Parent: {parent_page_name}"" should be visible')
def step_impl(context, parent_page_name):
    pass

@then('the Parent page info along with Added & Last Updated should be collapsed by default')
def step_impl(context):
    pass

@when('the user clicks on the parent simple page name ""{parent_simple_page_name}""')
def step_impl(context, parent_simple_page_name):
    pass

@then('they should be redirected to view the parent page')
def step_impl(context):
    pass"
221,"PB - As a User, I want to configure permissions of sub-pages in Admin -> Group","Gherkin:
Feature: Configure Permissions

Scenario: Configure sub-page permissions
Given the user is on the Admin Group Permission page
When the user views the sub-pages under a parent page
And configures permissions for a sub-page
Then the permissions should be updated in line with the design

Scenario: Trigger permission propagation
Given the user is on the Admin Group Permission page
When the user triggers permission propagation for a parent page
Then the permissions should propagate to all sub-pages

Python:
from behave import given, when, then

@given('the user is on the Admin Group Permission page')
def step_impl(context):
    pass

@when('the user views the sub-pages under a parent page')
def step_impl(context):
    pass

@when('configures permissions for a sub-page')
def step_impl(context):
    pass

@then('the permissions should be updated in line with the design')
def step_impl(context):
    pass

@when('the user triggers permission propagation for a parent page')
def step_impl(context):
    pass

@then('the permissions should propagate to all sub-pages')
def step_impl(context):
    pass"
222,[Bulk Review] Same Template:  Needed until - cross date value handling,"Gherkin:
Feature: Bulk Review of Resource Download Requests

Scenario: Select requests for Bulk Review with the same Template
Given there are multiple Resource Download Requests with the same Template
When the user selects requests for Bulk Review
Then the requests should be selected regardless of the ""Needed until"" or ""Approved until"" values

Python:
from behave import given, when, then

@given('there are multiple Resource Download Requests with the same Template')
def step_impl(context):
    pass

@when('the user selects requests for Bulk Review')
def step_impl(context):
    pass

@then('the requests should be selected regardless of the ""Needed until"" or ""Approved until"" values')
def step_impl(context):
    pass"
223,Review Request' in footer should be plural  - change to 'Review Request(s)',"Gherkin:
Feature: Bulk Action Footer Text Update

Scenario: Update footer text to plural form
Given the user is on the bulk action page
When the footer displays the text ""Review Request""
Then it should be updated to ""Review Request(s)""

Python:
from behave import given, when, then

@given('the user is on the bulk action page')
def step_impl(context):
    pass

@when('the footer displays the text ""Review Request""')
def step_impl(context):
    pass

@then('it should be updated to ""Review Request(s)""')
def step_impl(context):
    pass"
224,[Bulk SBT] Staged requests: values carry over for staged requests in individual response (should be wiped after stage response is submitted),"Gherkin:
Feature: Bulk SBT Staged Requests

Scenario: Clear response fields after bulk response with pending requests
Given there are staged requests in the Bulk List
When the user responds in Bulk and requests remain pending
Then the response fields for those requests should be cleared

Python:
from behave import given, when, then

@given('there are staged requests in the Bulk List')
def step_impl(context):
    pass

@when('the user responds in Bulk and requests remain pending')
def step_impl(context):
    pass

@then('the response fields for those requests should be cleared')
def step_impl(context):
    pass"
225,"PB - (DND replace) As a User, I want to create a sub-page for an exisiting Smart Page via Nav","Gherkin:
Feature: Create Sub-Page

Scenario: Successfully create a sub-page via Nav
Given the user is on the Smart Page
When the user clicks on the settings button of a simple page
Then the sub-page popup should appear
When the user inputs the sub-page's title ""New Sub-Page""
And clicks the ""Save"" button
Then the sub-page name ""New Sub-Page"" should be displayed under the parent page
And the sub-page should be ordered by most recently updated

Python:
from behave import given, when, then

@given('the user is on the Smart Page')
def step_impl(context):
    pass

@when('the user clicks on the settings button of a simple page')
def step_impl(context):
    pass

@then('the sub-page popup should appear')
def step_impl(context):
    pass

@when('the user inputs the sub-page\'s title ""{title}""')
def step_impl(context, title):
    pass

@when('clicks the ""Save"" button')
def step_impl(context):
    pass

@then('the sub-page name ""{title}"" should be displayed under the parent page')
def step_impl(context, title):
    pass

@then('the sub-page should be ordered by most recently updated')
def step_impl(context):
    pass"
226,[X-Template] Bulk Approvals - Select logic: Advanced cross template/type select (excluding record requests) - Full support/logic,"Gherkin:
Feature: Bulk Approvals

Scenario: Advanced cross template/type select for bulk approvals
Given multiple templates have ""Enable Bulk Reviewing"" enabled
And the new admin setting is enabled
When the user selects an item from the approval list
Then other requests from the approval list should be selectable, excluding record requests

Python:
from behave import given, when, then

@given('multiple templates have ""Enable Bulk Reviewing"" enabled')
def step_impl(context):
    pass

@given('the new admin setting is enabled')
def step_impl(context):
    pass

@when('the user selects an item from the approval list')
def step_impl(context):
    pass

@then('other requests from the approval list should be selectable, excluding record requests')
def step_impl(context):
    pass"
227,"[RESTRICTIONS] Cross param handling of 'Complete Stage/Complete Request' (merge setting in bulk, apply to relevant in bulk action)","Gherkin:
Feature: Bulk Review Merge Settings

Scenario: Merge Complete Stage/Request settings for Bulk Review
Given the user is an Admin on the Bulk Review panel
And the selected requests have a mix of ""Complete Stage"" and ""Complete Request""
When the user selects ""Complete Stage / Request""
And applies the selection
Then the corresponding field should be updated for each request
And no pending items should remain with either option

Python:
from behave import given, when, then

@given('the user is an Admin on the Bulk Review panel')
def step_impl(context):
    pass

@given('the selected requests have a mix of ""Complete Stage"" and ""Complete Request""')
def step_impl(context):
    pass

@when('the user selects ""Complete Stage / Request""')
def step_impl(context):
    pass

@when('applies the selection')
def step_impl(context):
    pass

@then('the corresponding field should be updated for each request')
def step_impl(context):
    pass

@then('no pending items should remain with either option')
def step_impl(context):
    pass"
228,"[RESTRICTIONS] Cross param handling of 'Hide Decline' (hide Decline if all share param,  ignore Bulk Apply of Decline to items that don't apply)","Gherkin:
Feature: Bulk Review Decline Handling

Scenario: Handle mixed items with Hide Decline in Bulk Review
Given the user is on the Bulk Review page with mixed items
When the user selects Decline for bulk action
Then Decline should be applied only to items without Hide Decline
And items with Hide Decline should remain pending

Scenario: Skip items with Hide Decline during Bulk Apply
Given the user has selected items with Hide Decline for bulk Decline
When the user applies Decline in bulk
Then items with Hide Decline should not be declined
And they should fail submission validation

Scenario: Hide Decline when all items have Hide Decline
Given all items in the list have Hide Decline
When the user views the Bulk Response options
Then Decline should not be displayed as an option

Python:
from behave import given, when, then

@given('the user is on the Bulk Review page with mixed items')
def step_impl(context):
    pass

@when('the user selects Decline for bulk action')
def step_impl(context):
    pass

@then('Decline should be applied only to items without Hide Decline')
def step_impl(context):
    pass

@then('items with Hide Decline should remain pending')
def step_impl(context):
    pass

@given('the user has selected items with Hide Decline for bulk Decline')
def step_impl(context):
    pass

@when('the user applies Decline in bulk')
def step_impl(context):
    pass

@then('items with Hide Decline should not be declined')
def step_impl(context):
    pass

@then('they should fail submission validation')
def step_impl(context):
    pass

@given('all items in the list have Hide Decline')
def step_impl(context):
    pass

@when('the user views the Bulk Response options')
def step_impl(context):
    pass

@then('Decline should not be displayed as an option')
def step_impl(context):
    pass"
229,Bulk Approve Response UUID {createdInBulkId} condition in Stats - so we can see all requests responded to together,"Gherkin:
Feature: Bulk Approve Response UUID in Stats

Scenario: Display Bulk Response UUID in stats module
Given the user is in the stats module
When the tool is set to ""{{Workflow}} Responses""
And the column dropdown is opened
Then ""Bulk Response UUID"" should be displayed under ""Bulk Review""

Scenario: Filter by Bulk Response UUID
Given the user is in the stats module with tool ""{{Workflow}} Responses""
When the user selects ""Bulk Response UUID"" from the column dropdown
And applies a filter with condition ""equals"" and value ""{createdInBulkId}""
Then the stats should display requests matching the filter

Python:
from behave import given, when, then

@given('the user is in the stats module')
def step_impl(context):
    pass

@when('the tool is set to ""{{Workflow}} Responses""')
def step_impl(context):
    pass

@when('the column dropdown is opened')
def step_impl(context):
    pass

@then('""Bulk Response UUID"" should be displayed under ""Bulk Review""')
def step_impl(context):
    pass

@given('the user is in the stats module with tool ""{{Workflow}} Responses""')
def step_impl(context):
    pass

@when('the user selects ""Bulk Response UUID"" from the column dropdown')
def step_impl(context):
    pass

@when('applies a filter with condition ""equals"" and value ""{createdInBulkId}""')
def step_impl(context, createdInBulkId):
    pass

@then('the stats should display requests matching the filter')
def step_impl(context):
    pass"
230,[RESTRICTIONS] Cross param handling of Comment field (plain text on bulk page regardless of if rich on request),"Gherkin:
Feature: Bulk Review Comment Handling

Scenario: Display plain comments option for mixed comment types
Given the user is on the Bulk Review page
And the selected requests have a mix of rich and plain text comments
When the user views the Bulk Review response panel
Then only the plain comments option should be displayed

Scenario: Apply basic text to both comment types
Given the user is on the Bulk Review page
And the plain comments option is displayed
When the user enters text in the basic text field
And applies it to the requests
Then the text should be applied to both basic and rich text comment fields on individual requests

Scenario: Update to rich text on single request
Given the user is on the individual request page
And the request has a basic text comment
When the user updates the comment to rich text
Then the comment should be saved as rich text

Python:
from behave import given, when, then

@given('the user is on the Bulk Review page')
def step_impl(context):
    pass

@given('the selected requests have a mix of rich and plain text comments')
def step_impl(context):
    pass

@when('the user views the Bulk Review response panel')
def step_impl(context):
    pass

@then('only the plain comments option should be displayed')
def step_impl(context):
    pass

@given('the plain comments option is displayed')
def step_impl(context):
    pass

@when('the user enters text in the basic text field')
def step_impl(context):
    pass

@when('applies it to the requests')
def step_impl(context):
    pass

@then('the text should be applied to both basic and rich text comment fields on individual requests')
def step_impl(context):
    pass

@given('the user is on the individual request page')
def step_impl(context):
    pass

@given('the request has a basic text comment')
def step_impl(context):
    pass

@when('the user updates the comment to rich text')
def step_impl(context):
    pass

@then('the comment should be saved as rich text')
def step_impl(context):
    pass"
231,Bulk Approve action Tracking surfacing in Review Request - Responses,"Gherkin:
Feature: Bulk Approve Action Tracking

Scenario: Display bulk review indicator for responses
Given the user is viewing the Request Status page
When the response is submitted in bulk by the user
Then the response should display ""Bulk Review"" to the right of the status chip
And the chip should appear on its own line

Scenario: Display bulk review indicator for another user's response
Given the user is viewing another user's response on the Request Status page
When the response is submitted in bulk by the other user
Then the response should display ""Bulk Review"" aligned right of the user's name
And the chip should appear on its own line

Python:
from behave import given, when, then

@given('the user is viewing the Request Status page')
def step_impl(context):
    pass

@when('the response is submitted in bulk by the user')
def step_impl(context):
    pass

@then('the response should display ""Bulk Review"" to the right of the status chip')
def step_impl(context):
    pass

@then('the chip should appear on its own line')
def step_impl(context):
    pass

@given('the user is viewing another user\'s response on the Request Status page')
def step_impl(context):
    pass

@when('the response is submitted in bulk by the other user')
def step_impl(context):
    pass

@then('the response should display ""Bulk Review"" aligned right of the user\'s name')
def step_impl(context):
    pass"
232,[RESTRICTIONS] When we detect not all requests have same params we modify Response section (Overall check for non-matching params),"Gherkin:
Feature: Bulk Response Modification

Scenario: Modify response when requests have non-matching params
Given the BulkReview component is initialized with workflow settings
When the system detects requests with non-matching params
Then the bulk response section should be modified accordingly

Python:
from behave import given, when, then

@given('the BulkReview component is initialized with workflow settings')
def step_impl(context):
    pass

@when('the system detects requests with non-matching params')
def step_impl(context):
    pass

@then('the bulk response section should be modified accordingly')
def step_impl(context):
    pass"
233,"PB - As a User, I want to see Nav panel when viewing a Simple Page","Gherkin:
Feature: Navigation Panel

Scenario: View and interact with the navigation panel on a simple page
Given the user is viewing a simple page
When the user clicks the extend/collapse button icon on the top left
Then the Left Side Panel should open as Page Nav
And the user should see all saved Simple pages according to their permissions
And the pages should be listed in order of Last Updated
And the currently opened page should be highlighted with a grey-100 background and bold font
When the user clicks on a designated page in the Nav
Then they should switch to viewing that page

Python:
from behave import given, when, then

@given('the user is viewing a simple page')
def step_impl(context):
    pass

@when('the user clicks the extend/collapse button icon on the top left')
def step_impl(context):
    pass

@then('the Left Side Panel should open as Page Nav')
def step_impl(context):
    pass

@then('the user should see all saved Simple pages according to their permissions')
def step_impl(context):
    pass

@then('the pages should be listed in order of Last Updated')
def step_impl(context):
    pass

@then('the currently opened page should be highlighted with a grey-100 background and bold font')
def step_impl(context):
    pass

@when('the user clicks on a designated page in the Nav')
def step_impl(context):
    pass

@then('they should switch to viewing that page')
def step_impl(context):
    pass"
234,"BP - As a User, I want to single select resources from Resource Lookup with unchangeable filter based on file type in Page Builder","Gherkin:
Feature: Resource Selection in Page Builder

Scenario: Single select resources with unchangeable filter
Given the user is on the Resource Lookup page in Page Builder
When the user views the filtering options for Page/Section/Block background
Then the File Format filter should be locked with only ""Image"" enabled
When the user views the filtering options for Image Widgets
Then the File Format filter should be locked with only ""Image"" enabled
When the user selects a resource
Then the resource should be added to the Page Builder

Python:
from behave import given, when, then

@given('the user is on the Resource Lookup page in Page Builder')
def step_impl(context):
    pass

@when('the user views the filtering options for Page/Section/Block background')
def step_impl(context):
    pass

@then('the File Format filter should be locked with only ""{file_format}"" enabled')
def step_impl(context, file_format):
    pass

@when('the user views the filtering options for Image Widgets')
def step_impl(context):
    pass

@when('the user selects a resource')
def step_impl(context):
    pass

@then('the resource should be added to the Page Builder')
def step_impl(context):
    pass"
235,As a user I can only select a max of 300 items to Review in Bulk (FE),"Gherkin:
Feature: Bulk Review Selection

Scenario: Selecting maximum items for bulk review
Given the user has selected 300 items for review
When the user attempts to select another item
Then all other select icons for non-selected items become disabled
And the hover text displays ""A maximum of 300 Requests has been selected.""

Python:
from behave import given, when, then

@given('the user has selected 300 items for review')
def step_impl(context):
    pass

@when('the user attempts to select another item')
def step_impl(context):
    pass

@then('all other select icons for non-selected items become disabled')
def step_impl(context):
    pass

@then('the hover text displays ""A maximum of 300 Requests has been selected.""')
def step_impl(context):
    pass"
236,Need to add Stage icon in bulk review list for Staged requests,"Gherkin:
Feature: Bulk Review List Stage Icon

Scenario: Display stage icon in bulk review list for staged requests
Given the user is on the Bulk Review Page
When the user views the list of staged requests
Then each staged request should display the correct stage icon

Scenario: Update stage icon after bulk actions
Given the user has performed bulk actions on staged requests
When the stages of requests are updated
Then the list should reflect the updated stage icons

Python:
from behave import given, when, then

@given('the user is on the Bulk Review Page')
def step_impl(context):
    pass

@when('the user views the list of staged requests')
def step_impl(context):
    pass

@then('each staged request should display the correct stage icon')
def step_impl(context):
    pass

@given('the user has performed bulk actions on staged requests')
def step_impl(context):
    pass

@when('the stages of requests are updated')
def step_impl(context):
    pass

@then('the list should reflect the updated stage icons')
def step_impl(context):
    pass"
237,"As a user, I want to see added information saved to request when I click on Navigation buttons for Single Page","Gherkin:
Feature: Navigation and Information Retention

Scenario: Retain 'Complete Stage' selection across navigation
Given the user is on the single page view
And 'Complete Stage' is selected for an item
When the user navigates to another item
Then 'Complete Stage' should remain selected for the original item

Scenario: Restrict selection to 'Approve' or 'Approve with Comments' when 'Hide Decline' is enabled
Given the 'Hide Decline' feature is enabled
And the user is on the single page view
When the user selects 'Approve'
Then only 'Approve' or 'Approve with Comments' can be selected

Python:
from behave import given, when, then

@given('the user is on the single page view')
def step_impl(context):
    pass

@given(""'Complete Stage' is selected for an item"")
def step_impl(context):
    pass

@when('the user navigates to another item')
def step_impl(context):
    pass

@then(""'Complete Stage' should remain selected for the original item"")
def step_impl(context):
    pass

@given('the ""Hide Decline"" feature is enabled')
def step_impl(context):
    pass

@when('the user selects ""Approve""')
def step_impl(context):
    pass

@then('only ""Approve"" or ""Approve with Comments"" can be selected')
def step_impl(context):
    pass"
238,As a user I want to see 'Bulk Review' in bulk review page header (page name),"Gherkin:
Feature: Bulk Review Page

Scenario: Verify Bulk Review page header
Given the user is on the Bulk Review page
Then the page header should be ""Bulk Review""

Python:
from behave import given, then

@given('the user is on the Bulk Review page')
def step_impl(context):
    pass

@then('the page header should be ""{header_text}""')
def step_impl(context, header_text):
    pass"
239,As a user I can Bulk Submit (updates from Grouped work),"Gherkin:
Feature: Bulk Submit

Scenario: Successful bulk submit with grouped work
Given the user is on the Grouped Review page
When the user hovers over the ""Submit & Continue"" button
Then the tooltip text should be displayed
When the user clicks the ""Submit"" button
Then a snackbar should appear confirming the submission
And the item should be updated in the list
When the user completes a staged request multiple times
Then the stage should proceed until completed
When the user completes the last stage
Then the Complete Stage should work
When the user saves a staged request with mixed current stage
Then the request should be saved successfully

Python:
from behave import given, when, then

@given('the user is on the Grouped Review page')
def step_impl(context):
    pass

@when('the user hovers over the ""Submit & Continue"" button')
def step_impl(context):
    pass

@then('the tooltip text should be displayed')
def step_impl(context):
    pass

@when('the user clicks the ""Submit"" button')
def step_impl(context):
    pass

@then('a snackbar should appear confirming the submission')
def step_impl(context):
    pass

@then('the item should be updated in the list')
def step_impl(context):
    pass

@when('the user completes a staged request multiple times')
def step_impl(context):
    pass

@then('the stage should proceed until completed')
def step_impl(context):
    pass

@when('the user completes the last stage')
def step_impl(context):
    pass

@then('the Complete Stage should work')
def step_impl(context):
    pass

@when('the user saves a staged request with mixed current stage')
def step_impl(context):
    pass

@then('the request should be saved successfully')
def step_impl(context):
    pass"
240,As a user I can Bulk Apply (updates from Grouped work),"Gherkin:
Feature: Bulk Apply

Scenario: Bulk apply updates from Grouped work
Given the user is on the Grouped Review page
When the user selects multiple requests
And clicks the ""Bulk Apply"" button
Then the apply count should be displayed on the button
And the button should show the correct tooltip text based on its state
And a snackbar should appear confirming the action
And the requests should be updated according to their current stage

Python:
from behave import given, when, then

@given('the user is on the Grouped Review page')
def step_impl(context):
    pass

@when('the user selects multiple requests')
def step_impl(context):
    pass

@when('clicks the ""Bulk Apply"" button')
def step_impl(context):
    pass

@then('the apply count should be displayed on the button')
def step_impl(context):
    pass

@then('the button should show the correct tooltip text based on its state')
def step_impl(context):
    pass

@then('a snackbar should appear confirming the action')
def step_impl(context):
    pass

@then('the requests should be updated according to their current stage')
def step_impl(context):
    pass"
241,As a user I want to click 'Review Request' action in action dropdown in footer to open Bulk Approve Page (action redirect),"Gherkin:
Feature: Bulk Review Request

Scenario: Redirect to Bulk Review Request page
Given the user is on the Bulk List page with selected items
When the user clicks 'Review Request' in the action dropdown in the footer
Then the Bulk Review Request page should open

Scenario: Return to Approvals List after closing Bulk Review Request page
Given the user is on the Bulk Review Request page
When the user closes the page
Then they should be returned to the Approvals List
And previously selected items should still be selected
And the Bulk Footer should still display

Python:
from behave import given, when, then

@given('the user is on the Bulk List page with selected items')
def step_impl(context):
    pass

@when('the user clicks \'Review Request\' in the action dropdown in the footer')
def step_impl(context):
    pass

@then('the Bulk Review Request page should open')
def step_impl(context):
    pass

@given('the user is on the Bulk Review Request page')
def step_impl(context):
    pass

@when('the user closes the page')
def step_impl(context):
    pass

@then('they should be returned to the Approvals List')
def step_impl(context):
    pass

@then('previously selected items should still be selected')
def step_impl(context):
    pass

@then('the Bulk Footer should still display')
def step_impl(context):
    pass"
242,As a user I want to see 'Review Request' bulk action in action dropdown in footer,"Gherkin:
Feature: Bulk Action Dropdown

Scenario: Display 'Review Request' in bulk action dropdown
Given the user has selected one item's checkbox
When the bulk action footer bar is displayed
And the user clicks into 'Select Bulk Action' dropdown
Then the 'Review Request' action should be displayed

Python:
from behave import given, when, then

@given('the user has selected one item\'s checkbox')
def step_impl(context):
    pass

@when('the bulk action footer bar is displayed')
def step_impl(context):
    pass

@when('the user clicks into \'Select Bulk Action\' dropdown')
def step_impl(context):
    pass

@then('the \'Review Request\' action should be displayed')
def step_impl(context):
    pass"
243,As a user I want to check cancel in footer to clear the select of all selected requests,"Gherkin:
Feature: Cancel Selection in Footer

Scenario: Cancel action clears all selected requests
Given the user has selected one or more items
When the user clicks the ""Cancel"" action in the footer
Then all selected items should be de-selected
And the checkboxes for all items should be selectable again

Python:
from behave import given, when, then

@given('the user has selected one or more items')
def step_impl(context):
    pass

@when('the user clicks the ""Cancel"" action in the footer')
def step_impl(context):
    pass

@then('all selected items should be de-selected')
def step_impl(context):
    pass

@then('the checkboxes for all items should be selectable again')
def step_impl(context):
    pass"
244,As a user the Bulk Action Footer bar displays when one relevant item is selected,"Gherkin:
Feature: Bulk Action Footer Bar

Scenario: Display Bulk Action Footer Bar when one item is selected
Given the user is on the item list page
When the user selects one item's checkbox
Then the Bulk Action footer bar should display

Scenario: Hide 'Select All' and 'View Selected' in Beta
Given the user is on the item list page in Beta
When the Bulk Action footer bar is displayed
Then the 'Select All' action should be hidden
And the 'View Selected' feature should be hidden

Scenario: Hide Bulk Action Footer Bar when all items are deselected
Given the Bulk Action footer bar is displayed
When the user deselects all items
Then the Bulk Action footer bar should no longer display

Python:
from behave import given, when, then

@given('the user is on the item list page')
def step_impl(context):
    pass

@when('the user selects one item\'s checkbox')
def step_impl(context):
    pass

@then('the Bulk Action footer bar should display')
def step_impl(context):
    pass

@given('the user is on the item list page in Beta')
def step_impl(context):
    pass

@when('the Bulk Action footer bar is displayed')
def step_impl(context):
    pass

@then('the \'Select All\' action should be hidden')
def step_impl(context):
    pass

@then('the \'View Selected\' feature should be hidden')
def step_impl(context):
    pass

@given('the Bulk Action footer bar is displayed')
def step_impl(context):
    pass

@when('the user deselects all items')
def step_impl(context):
    pass

@then('the Bulk Action footer bar should no longer display')
def step_impl(context):
    pass"
245,As a user I only see the checkbox *column* when relevant (core mcp / template level check),"Gherkin:
Feature: Checkbox Column Visibility

Scenario: Display checkbox column when relevant settings are enabled
Given the MCP development setting is enabled
And at least one active Template has the new setting enabled
When the user views the page
Then the checkbox column should be visible

Scenario: Hide checkbox column when settings are disabled
Given the MCP development setting is disabled
Or the new setting in Admin > Templates is disabled for all Templates
When the user views the page
Then the checkbox column should not be visible

Python:
from behave import given, when, then

@given('the MCP development setting is enabled')
def step_impl(context):
    pass

@given('at least one active Template has the new setting enabled')
def step_impl(context):
    pass

@given('the MCP development setting is disabled')
def step_impl(context):
    pass

@given('the new setting in Admin > Templates is disabled for all Templates')
def step_impl(context):
    pass

@when('the user views the page')
def step_impl(context):
    pass

@then('the checkbox column should be visible')
def step_impl(context):
    pass

@then('the checkbox column should not be visible')
def step_impl(context):
    pass"
246,Bulk Approvals - MCP Development Setting,"Gherkin:
Feature: Bulk Approvals MCP Setting

Scenario: Add new MCP setting for Bulk Approvals in development
Given the user is on the MCP development settings page
When the user adds a new setting ""Approvals - Approvals List (V3) - Bulk Approvals""
Then the setting should be available for development use only

Python:
from behave import given, when, then

@given('the user is on the MCP development settings page')
def step_impl(context):
    pass

@when('the user adds a new setting ""{setting_name}""')
def step_impl(context, setting_name):
    pass

@then('the setting should be available for development use only')
def step_impl(context):
    pass"
247,"PB - As a User, I want to single-select resource from resource module overlay","Gherkin:
Feature: Resource Selection

Scenario: Single-select resource from resource module overlay
Given the user is on the resource module overlay
When the user selects a single resource of type ""Image""
And uploads it to the designated area in Page Builder
Then the resource should be set as the background for Page/Section/Block

Scenario: View tooltip on exit button
Given the user is on the resource module overlay
When the user hovers over the exit button
Then the tooltip should display ""Close overlay. No selections will be added.""

Python:
from behave import given, when, then

@given('the user is on the resource module overlay')
def step_impl(context):
    pass

@when('the user selects a single resource of type ""{resource_type}""')
def step_impl(context, resource_type):
    pass

@when('uploads it to the designated area in Page Builder')
def step_impl(context):
    pass

@then('the resource should be set as the background for Page/Section/Block')
def step_impl(context):
    pass

@when('the user hovers over the exit button')
def step_impl(context):
    pass

@then('the tooltip should display ""Close overlay. No selections will be added.""')
def step_impl(context):
    pass"
248,"PB - As a User, I want to report Create Page action in the usage reporting","Gherkin:
Feature: Usage Reporting

Scenario: Report Create Page action in usage reporting
Given the user is on the usage reporting page
When the user performs a Create Page action
Then the Simple Page reporting should display the Create action
And the User Usage Report should include the Create action
And the Custom Page Usage Report should include the Create action
And the user should be able to search and export the report on the Create action

Python:
from behave import given, when, then

@given('the user is on the usage reporting page')
def step_impl(context):
    pass

@when('the user performs a Create Page action')
def step_impl(context):
    pass

@then('the Simple Page reporting should display the Create action')
def step_impl(context):
    pass

@then('the User Usage Report should include the Create action')
def step_impl(context):
    pass

@then('the Custom Page Usage Report should include the Create action')
def step_impl(context):
    pass

@then('the user should be able to search and export the report on the Create action')
def step_impl(context):
    pass"
249,"PB - As a User, I want to report Edit Page action in the usage reporting","Gherkin:
Feature: Usage Reporting

Scenario: Report Edit Page action in usage reporting
Given the user is on the usage reporting page
When the user performs an Edit action on a Simple Page
Then the Simple Page Edit action should be reported in the User Usage Report
And the Simple Page Edit action should be reported in the Custom Page Usage Report
And the user can search and export the report on the Edit action

Python:
from behave import given, when, then

@given('the user is on the usage reporting page')
def step_impl(context):
    pass

@when('the user performs an Edit action on a Simple Page')
def step_impl(context):
    pass

@then('the Simple Page Edit action should be reported in the User Usage Report')
def step_impl(context):
    pass

@then('the Simple Page Edit action should be reported in the Custom Page Usage Report')
def step_impl(context):
    pass

@then('the user can search and export the report on the Edit action')
def step_impl(context):
    pass"
250,"PB - As a User, I want to report Delete Page action in the usage reporting","Gherkin:
Feature: Delete Page Usage Reporting

Scenario: Report Delete Page action in usage reporting
Given the user is on the usage reporting page
When the user performs a Delete Page action
Then the Simple Page report should display the Delete action
And the User Usage Report should include the Delete action
And the Custom Page Usage Report should include the Delete action
And the user can search and export the report on the Delete action

Python:
from behave import given, when, then

@given('the user is on the usage reporting page')
def step_impl(context):
    pass

@when('the user performs a Delete Page action')
def step_impl(context):
    pass

@then('the Simple Page report should display the Delete action')
def step_impl(context):
    pass

@then('the User Usage Report should include the Delete action')
def step_impl(context):
    pass

@then('the Custom Page Usage Report should include the Delete action')
def step_impl(context):
    pass

@then('the user can search and export the report on the Delete action')
def step_impl(context):
    pass"
251,"PB - As a User, I want to report View Page action in the usage reporting","Gherkin:
Feature: View Page Action Reporting

Scenario: Report View Page action in usage reports
Given the user is on the usage reporting page
When the user views the Simple Page report for View action
Then the report should display the View action in User Usage Report and Custom Page Usage Report

Scenario: Search and export View action report
Given the user is on the usage reporting page
When the user searches for the View action report
And exports the report
Then the report should be successfully exported

Scenario: View Simple Page counts in various reports
Given the user is on the usage reporting page
When the user views the Simple Page counts
Then the counts should appear in User/Group Reports, Top Groups by Page Views, Top Users by Page Views, Content Reports, and Top Viewed Custom Pages

Python:
from behave import given, when, then

@given('the user is on the usage reporting page')
def step_impl(context):
    pass

@when('the user views the Simple Page report for View action')
def step_impl(context):
    pass

@then('the report should display the View action in User Usage Report and Custom Page Usage Report')
def step_impl(context):
    pass

@when('the user searches for the View action report')
def step_impl(context):
    pass

@when('exports the report')
def step_impl(context):
    pass

@then('the report should be successfully exported')
def step_impl(context):
    pass

@when('the user views the Simple Page counts')
def step_impl(context):
    pass

@then('the counts should appear in User/Group Reports, Top Groups by Page Views, Top Users by Page Views, Content Reports, and Top Viewed Custom Pages')
def step_impl(context):
    pass"
252,"PB - As a User, I want to set Page/Section/Block/Widgets Colour in Opacity ","Gherkin:
Feature: Set Colour Opacity

Scenario: Set opacity for Page/Section/Block/Widgets
Given the user is on the design page
When the user selects a Page/Section/Block
And sets the background opacity using the opacity bar
And selects a Colour Palette Widget
And sets the Colour opacity using the opacity bar
And selects a Button Widget
And sets the Text & Background opacity using the opacity bar
Then the Hex code should be updated to 8 digits
And the content should be visible through the target background based on opacity

Python:
from behave import given, when, then

@given('the user is on the design page')
def step_impl(context):
    pass

@when('the user selects a Page/Section/Block')
def step_impl(context):
    pass

@when('sets the background opacity using the opacity bar')
def step_impl(context):
    pass

@when('selects a Colour Palette Widget')
def step_impl(context):
    pass

@when('sets the Colour opacity using the opacity bar')
def step_impl(context):
    pass

@when('selects a Button Widget')
def step_impl(context):
    pass

@when('sets the Text & Background opacity using the opacity bar')
def step_impl(context):
    pass

@then('the Hex code should be updated to 8 digits')
def step_impl(context):
    pass

@then('the content should be visible through the target background based on opacity')
def step_impl(context):
    pass"
253,"PB - (Misc) As a User, I want to have a standard Text Widget - Link input without a placeholder","Gherkin:
Feature: Text Widget Link Input

Scenario: Input valid web link without ""https://"" prefix
Given the user is on the text widget link popup
When the user inputs a valid web link ""example.com"" without ""https://""
And clicks the open link button
Then the link should open in a new browser tab with ""http://"" or ""https://""

Python:
from behave import given, when, then

@given('the user is on the text widget link popup')
def step_impl(context):
    pass

@when('the user inputs a valid web link ""{web_link}"" without ""https://""')
def step_impl(context, web_link):
    pass

@when('clicks the open link button')
def step_impl(context):
    pass

@then('the link should open in a new browser tab with ""http://"" or ""https://""')
def step_impl(context):
    pass"
254,"As a User, I want to access Reply action for New Replies in Daily Digest Email","Gherkin:
Feature: Reply to New Replies in Daily Digest Email

Scenario: Access Reply action for new replies
Given the user is viewing the Daily Digest Email
When the user sees the ""Reply"" action for a new reply
And clicks on ""Reply""
Then a new tab should open with the Reply page
And the applicable comment should be highlighted
And the text-box should be active for replying

Python:
from behave import given, when, then

@given('the user is viewing the Daily Digest Email')
def step_impl(context):
    pass

@when('the user sees the ""Reply"" action for a new reply')
def step_impl(context):
    pass

@when('clicks on ""Reply""')
def step_impl(context):
    pass

@then('a new tab should open with the Reply page')
def step_impl(context):
    pass

@then('the applicable comment should be highlighted')
def step_impl(context):
    pass

@then('the text-box should be active for replying')
def step_impl(context):
    pass"
255,"PB - (Misc) As a User, I want to differentiate page saving between creating a new and editing an existing Simple Page","Gherkin:
Feature: Simple Page Saving

Scenario: Save a new Simple Page and redirect to editing mode
Given the user is on the Simple Page Builder create page
When the user saves the new Simple Page
Then the user should be redirected to the editing page URL in editing mode

Scenario: Save an existing Simple Page and stay in editing mode
Given the user is on the Simple Page Builder update page
When the user saves the existing Simple Page
Then the page should remain in editing mode
And the user cannot continue to save without new edits

Scenario: Continue saving an edited Simple Page
Given the user has made new edits on the Simple Page
When the user saves the Simple Page
Then the page should be saved with the latest contents

Python:
from behave import given, when, then

@given('the user is on the Simple Page Builder create page')
def step_impl(context):
    pass

@when('the user saves the new Simple Page')
def step_impl(context):
    pass

@then('the user should be redirected to the editing page URL in editing mode')
def step_impl(context):
    pass

@given('the user is on the Simple Page Builder update page')
def step_impl(context):
    pass

@when('the user saves the existing Simple Page')
def step_impl(context):
    pass

@then('the page should remain in editing mode')
def step_impl(context):
    pass

@then('the user cannot continue to save without new edits')
def step_impl(context):
    pass

@given('the user has made new edits on the Simple Page')
def step_impl(context):
    pass

@then('the page should be saved with the latest contents')
def step_impl(context):
    pass"
256,"PB - (Misc) As a User, I want to have custom fonts in SPB text widget","Gherkin:
Feature: Custom Fonts in SPB Text Widget

Scenario: Support custom fonts in Text Widget
Given the user is editing a page with the Simple Page Builder
When the user opens the font drop-down menu
And selects a custom font ""CustomFont1""
Then the text widget should display the content in ""CustomFont1""

Python:
from behave import given, when, then

@given('the user is editing a page with the Simple Page Builder')
def step_impl(context):
    pass

@when('the user opens the font drop-down menu')
def step_impl(context):
    pass

@when('selects a custom font ""{font_name}""')
def step_impl(context, font_name):
    pass

@then('the text widget should display the content in ""{font_name}""')
def step_impl(context, font_name):
    pass"
257,"PB - (Misc) As a User, I want to set Spacing (aka. Gap) in between Blocks that added in a Section","Gherkin:
Feature: Set Spacing Between Blocks

Scenario: Set spacing for section from side panel
Given the user is on the section editor page
When the user opens the side panel
Then they should see ""Spacing"" as the title
And they should see ""GAP BETWEEN OBJECTS"" between the ""Spacing"" title and the slider
And the default spacing value should be 8px
And the spacing range should be from 0px to 512px

Python:
from behave import given, when, then

@given('the user is on the section editor page')
def step_impl(context):
    pass

@when('the user opens the side panel')
def step_impl(context):
    pass

@then('they should see ""Spacing"" as the title')
def step_impl(context):
    pass

@then('they should see ""GAP BETWEEN OBJECTS"" between the ""Spacing"" title and the slider')
def step_impl(context):
    pass

@then('the default spacing value should be 8px')
def step_impl(context):
    pass

@then('the spacing range should be from 0px to 512px')
def step_impl(context):
    pass"
258,"PB - As a User, I want to select a Simple Page in my Admin > Templates > Menu options","Gherkin:
Feature: Admin Template Navigation

Scenario: Select and save a Simple Page in Admin Templates
Given the user is on the Admin > Templates > Menu options page
When the user lists out created custom pages
And selects a Simple Page to add to Navigation
And saves the setting
Then the setting should be saved successfully

Scenario: Reset the setting in Admin Templates
Given the user has saved a Simple Page in Navigation
When the user resets the setting
Then the setting should be reset successfully

Python:
from behave import given, when, then

@given('the user is on the Admin > Templates > Menu options page')
def step_impl(context):
    pass

@when('the user lists out created custom pages')
def step_impl(context):
    pass

@when('selects a Simple Page to add to Navigation')
def step_impl(context):
    pass

@when('saves the setting')
def step_impl(context):
    pass

@then('the setting should be saved successfully')
def step_impl(context):
    pass

@given('the user has saved a Simple Page in Navigation')
def step_impl(context):
    pass

@when('the user resets the setting')
def step_impl(context):
    pass

@then('the setting should be reset successfully')
def step_impl(context):
    pass"
259,"PB - As a Admin User, I want to update the permission in the Admin - Group(include user as group) for individual pages in the module, incl. Simple Pages","Gherkin:
Feature: Update Permissions

Scenario: Update permissions for individual pages in the Admin module
Given the admin user is on the Admin - Group page
When the admin selects a user group
And updates the permissions for a page ""Simple Page""
Then the permissions should be updated successfully

Python:
from behave import given, when, then

@given('the admin user is on the Admin - Group page')
def step_impl(context):
    pass

@when('the admin selects a user group')
def step_impl(context):
    pass

@when('updates the permissions for a page ""{page_name}""')
def step_impl(context, page_name):
    pass

@then('the permissions should be updated successfully')
def step_impl(context):
    pass"
260,"PB - (Misc) As a User, I want to adjust Text colour simultaneously when interacting within the Text Widget's colour popup","Gherkin:
Feature: Text Colour Adjustment

Scenario: Adjust text colour using the colour swatch popup
Given the user is on the Text Widget with a toolbar
And the Text Colour icon is visible
When the user clicks on the Text Colour icon
And adjusts the text colour using the colour swatch popup
Then the text colour should change simultaneously

Scenario: Dismiss the colour swatch popup by clicking outside
Given the colour swatch popup is open
When the user clicks on any other area
Then the colour swatch popup should be dismissed

Scenario: Dismiss the colour swatch popup by clicking the icon again
Given the colour swatch popup is open
When the user clicks on the Text Colour icon again
Then the colour swatch popup should be dismissed

Python:
from behave import given, when, then

@given('the user is on the Text Widget with a toolbar')
def step_impl(context):
    pass

@given('the Text Colour icon is visible')
def step_impl(context):
    pass

@when('the user clicks on the Text Colour icon')
def step_impl(context):
    pass

@when('adjusts the text colour using the colour swatch popup')
def step_impl(context):
    pass

@then('the text colour should change simultaneously')
def step_impl(context):
    pass

@given('the colour swatch popup is open')
def step_impl(context):
    pass

@when('the user clicks on any other area')
def step_impl(context):
    pass

@then('the colour swatch popup should be dismissed')
def step_impl(context):
    pass

@when('the user clicks on the Text Colour icon again')
def step_impl(context):
    pass"
261,"PB - As a User, I want to edit a Block","Gherkin:
Feature: Edit Block

Scenario: Set padding for a block
Given the user is on the block editing page
When the user sets the padding to 20px for Left, Right, Top, Bottom
Then the block should have padding of 20px on all sides

Scenario: Set ratio for a block
Given the user is on the block editing page
When the user sets the ratio to 2
Then the block should have a ratio of 2

Scenario: Set background image for a block
Given the user is on the block editing page
When the user sets the background image to ""background.jpg""
Then the block should display ""background.jpg"" as the background

Scenario: Set background color for a block
Given the user is on the block editing page
When the user sets the background color to ""#FFFFFF""
Then the block should display ""#FFFFFF"" as the background color

Python:
from behave import given, when, then

@given('the user is on the block editing page')
def step_impl(context):
    pass

@when('the user sets the padding to {padding}px for Left, Right, Top, Bottom')
def step_impl(context, padding):
    pass

@then('the block should have padding of {padding}px on all sides')
def step_impl(context, padding):
    pass

@when('the user sets the ratio to {ratio}')
def step_impl(context, ratio):
    pass

@then('the block should have a ratio of {ratio}')
def step_impl(context, ratio):
    pass

@when('the user sets the background image to ""{image}""')
def step_impl(context, image):
    pass

@then('the block should display ""{image}"" as the background')
def step_impl(context, image):
    pass

@when('the user sets the background color to ""{color}""')
def step_impl(context, color):
    pass

@then('the block should display ""{color}"" as the background color')
def step_impl(context, color):
    pass"
262,"PB - As a User, I want to add a Section to a Simple Page","Gherkin:
Feature: Add Section to Simple Page

Scenario: Add a section with a background and direction
Given the user is on the Simple Page editor
When the user opens the Side Panel
And adds a new Section
And sets the background to ""blue"" and direction to ""vertical""
Then the Section should be added to the Simple Page with the specified settings

Python:
from behave import given, when, then

@given('the user is on the Simple Page editor')
def step_impl(context):
    pass

@when('the user opens the Side Panel')
def step_impl(context):
    pass

@when('adds a new Section')
def step_impl(context):
    pass

@when('sets the background to ""{background}"" and direction to ""{direction}""')
def step_impl(context, background, direction):
    pass

@then('the Section should be added to the Simple Page with the specified settings')
def step_impl(context):
    pass"
263,"PB - As a User, I want to delete a Block","Gherkin:
Feature: Block Deletion

Scenario: Successfully delete a block and its contents
Given the user has selected a block
When the user sees the toolbar
And clicks the delete icon
Then the block and its contents should be deleted
And the remaining blocks should be auto-aligned within the section

Scenario: Undo block deletion
Given the user has deleted a block
When the user clicks the undo button
Then the block and its contents should be restored

Python:
from behave import given, when, then

@given('the user has selected a block')
def step_impl(context):
    pass

@when('the user sees the toolbar')
def step_impl(context):
    pass

@when('clicks the delete icon')
def step_impl(context):
    pass

@then('the block and its contents should be deleted')
def step_impl(context):
    pass

@then('the remaining blocks should be auto-aligned within the section')
def step_impl(context):
    pass

@given('the user has deleted a block')
def step_impl(context):
    pass

@when('the user clicks the undo button')
def step_impl(context):
    pass

@then('the block and its contents should be restored')
def step_impl(context):
    pass"
264,"PB - As a User, I want to re-order  Blocks, so I can re-order the Widgets within","Gherkin:
Feature: Reorder Blocks

Scenario: Reorder blocks within the same section
Given the user is viewing the blocks in a section
When the user selects a block and sees the toolbar
And clicks and holds the reorder icon
And drags and drops the block to a new position within the same section
Then the blocks should be reordered within the section

Scenario: Reorder blocks across different sections
Given the user is viewing blocks in multiple sections
When the user selects a block and sees the toolbar
And clicks and holds the reorder icon
And drags and drops the block to a new position in a different section
Then the blocks should be reordered across sections

Python:
from behave import given, when, then

@given('the user is viewing the blocks in a section')
def step_impl(context):
    pass

@when('the user selects a block and sees the toolbar')
def step_impl(context):
    pass

@when('clicks and holds the reorder icon')
def step_impl(context):
    pass

@when('drags and drops the block to a new position within the same section')
def step_impl(context):
    pass

@then('the blocks should be reordered within the section')
def step_impl(context):
    pass

@given('the user is viewing blocks in multiple sections')
def step_impl(context):
    pass

@when('drags and drops the block to a new position in a different section')
def step_impl(context):
    pass

@then('the blocks should be reordered across sections')
def step_impl(context):
    pass"
265,"PB - As a User, I want to have an Image Widget (via URL)","Gherkin:
Feature: Image Widget

Scenario: Add Image Widget to a Block
Given the user is on the design page
When the user drags the Image Widget icon from the side panel to a block
Then the image placeholder icon should be visible in the block

Scenario: Display placeholder for invalid image URL
Given the Image Widget is added to a block
When the user inputs an invalid image URL
Then the image placeholder icon should still be visible

Scenario: Display image for valid image URL
Given the Image Widget is added to a block
When the user inputs a valid image URL
Then the image should be displayed in the block

Python:
from behave import given, when, then

@given('the user is on the design page')
def step_impl(context):
    pass

@when('the user drags the Image Widget icon from the side panel to a block')
def step_impl(context):
    pass

@then('the image placeholder icon should be visible in the block')
def step_impl(context):
    pass

@given('the Image Widget is added to a block')
def step_impl(context):
    pass

@when('the user inputs an invalid image URL')
def step_impl(context):
    pass

@then('the image placeholder icon should still be visible')
def step_impl(context):
    pass

@when('the user inputs a valid image URL')
def step_impl(context):
    pass

@then('the image should be displayed in the block')
def step_impl(context):
    pass"
266,"PB - As a User, I want to edit Colour in  Text Widget (excl. eye dropper)","Gherkin:
Feature: Edit Text Widget Colour

Scenario: Change text colour using Colour Swatch
Given the user is editing a Text Widget
When the user opens the Colour Swatch in the Rich Text Editor
And selects a new colour
Then the text colour should change to the selected colour

Python:
from behave import given, when, then

@given('the user is editing a Text Widget')
def step_impl(context):
    pass

@when('the user opens the Colour Swatch in the Rich Text Editor')
def step_impl(context):
    pass

@when('selects a new colour')
def step_impl(context):
    pass

@then('the text colour should change to the selected colour')
def step_impl(context):
    pass"
267,"PB - As a User, I want to have a Text Widget","Gherkin:
Feature: Text Widget

Scenario: Use rich text editor within the Block
Given the user is on the custom page V3
When the user calls the rich text editor within the Block
Then the editor should have default functionalities including Size, Bold, Italic, Strike-through, Underline, and Alignment

Scenario: Auto-extend text box height
Given the user is using the rich text editor
When the user inputs content
Then the text box should auto-extend its height without limitation

Scenario: Delete content in the text widget
Given the user has entered content in the text widget
When the user deletes the content
Then the text widget should be empty

Python:
from behave import given, when, then

@given('the user is on the custom page V3')
def step_impl(context):
    pass

@when('the user calls the rich text editor within the Block')
def step_impl(context):
    pass

@then('the editor should have default functionalities including Size, Bold, Italic, Strike-through, Underline, and Alignment')
def step_impl(context):
    pass

@given('the user is using the rich text editor')
def step_impl(context):
    pass

@when('the user inputs content')
def step_impl(context):
    pass

@then('the text box should auto-extend its height without limitation')
def step_impl(context):
    pass

@given('the user has entered content in the text widget')
def step_impl(context):
    pass

@when('the user deletes the content')
def step_impl(context):
    pass

@then('the text widget should be empty')
def step_impl(context):
    pass"
268,"PB - As a User, I want to add a Widget to Block","Gherkin:
Feature: Widget Management

Scenario: Add a widget to a block
Given the user is on the widget toolbar
When the user drags a widget to an existing block
Then the widget should be added to the block

Scenario: Edit a widget after adding to a block
Given a widget is added to a block
When the user edits the widget size for ""Image""
Then the widget size should be updated for ""Image""

Scenario: Remove widget when dragged outside any blocks
Given a widget is being dragged
When the widget is dragged outside any blocks
Then the widget should disappear

Python:
from behave import given, when, then

@given('the user is on the widget toolbar')
def step_impl(context):
    pass

@when('the user drags a widget to an existing block')
def step_impl(context):
    pass

@then('the widget should be added to the block')
def step_impl(context):
    pass

@given('a widget is added to a block')
def step_impl(context):
    pass

@when('the user edits the widget size for ""{widget_type}""')
def step_impl(context, widget_type):
    pass

@then('the widget size should be updated for ""{widget_type}""')
def step_impl(context, widget_type):
    pass

@given('a widget is being dragged')
def step_impl(context):
    pass

@when('the widget is dragged outside any blocks')
def step_impl(context):
    pass

@then('the widget should disappear')
def step_impl(context):
    pass"
269,"PB - As a User, I want to move Widgets across Blocks","Gherkin:
Feature: Reorder Widgets

Scenario: Reorder widget across blocks in the same section
Given the user is viewing a section with multiple blocks
And a widget is added to a block
When the user clicks and holds the reorder icon on the widget
And drags it to an empty target block in the same section
Then the widget should be moved to the target block

Scenario: Reorder widget across blocks to a different section
Given the user is viewing multiple sections with blocks
And a widget is added to a block in one section
When the user clicks and holds the reorder icon on the widget
And drags it to an empty target block in a different section
Then the widget should be moved to the target block

Scenario: Visual feedback while dragging widget
Given the user is dragging a widget across blocks
When the widget is being dragged
Then selecting and hovering effects should be visible

Python:
from behave import given, when, then

@given('the user is viewing a section with multiple blocks')
def step_impl(context):
    pass

@given('a widget is added to a block')
def step_impl(context):
    pass

@when('the user clicks and holds the reorder icon on the widget')
def step_impl(context):
    pass

@when('drags it to an empty target block in the same section')
def step_impl(context):
    pass

@then('the widget should be moved to the target block')
def step_impl(context):
    pass

@given('the user is viewing multiple sections with blocks')
def step_impl(context):
    pass

@given('a widget is added to a block in one section')
def step_impl(context):
    pass

@when('drags it to an empty target block in a different section')
def step_impl(context):
    pass

@given('the user is dragging a widget across blocks')
def step_impl(context):
    pass

@when('the widget is being dragged')
def step_impl(context):
    pass

@then('selecting and hovering effects should be visible')
def step_impl(context):
    pass"
270,"PB - As a User, I want to Undo & Redo any editing actions on Simple Page","Gherkin:
Feature: Undo and Redo Editing Actions

Scenario: Undo the last edit action
Given the user is on the Simple Page Builder
And has made an edit to a section
When the user clicks the Undo button
Then the last edit action should be undone

Scenario: Redo the last undone action
Given the user is on the Simple Page Builder
And has undone an edit action
When the user clicks the Redo button
Then the last undone action should be reapplied

Scenario: Hover over Undo button
Given the user is on the Simple Page Builder
When the user hovers over the Undo button
Then a tooltip should be displayed with the text ""Undo""

Scenario: Hover over Redo button
Given the user is on the Simple Page Builder
When the user hovers over the Redo button
Then a tooltip should be displayed with the text ""Redo""

Python:
from behave import given, when, then

@given('the user is on the Simple Page Builder')
def step_impl(context):
    pass

@given('has made an edit to a section')
def step_impl(context):
    pass

@when('the user clicks the Undo button')
def step_impl(context):
    pass

@then('the last edit action should be undone')
def step_impl(context):
    pass

@given('has undone an edit action')
def step_impl(context):
    pass

@when('the user clicks the Redo button')
def step_impl(context):
    pass

@then('the last undone action should be reapplied')
def step_impl(context):
    pass

@when('the user hovers over the Undo button')
def step_impl(context):
    pass

@then('a tooltip should be displayed with the text ""Undo""')
def step_impl(context):
    pass

@when('the user hovers over the Redo button')
def step_impl(context):
    pass

@then('a tooltip should be displayed with the text ""Redo""')
def step_impl(context):
    pass"
271,"PB - As a User, I want to edit an existing Simple page in Simple Page Builder","Gherkin:
Feature: Edit Simple Page

Scenario: Edit an existing Simple page with pre-saved contents
Given the user is on the Simple Page Builder with a loaded page
When the user updates the page with pre-saved contents
And updates the page with a new URL ""http://example.com/new-page""
And clicks the save/publish button
Then the changes should be saved successfully

Python:
from behave import given, when, then

@given('the user is on the Simple Page Builder with a loaded page')
def step_impl(context):
    pass

@when('the user updates the page with pre-saved contents')
def step_impl(context):
    pass

@when('updates the page with a new URL ""{url}""')
def step_impl(context, url):
    pass

@when('clicks the save/publish button')
def step_impl(context):
    pass

@then('the changes should be saved successfully')
def step_impl(context):
    pass"
272,"PB - As a Dev, I want to have a dev only MCP setting to control the feature of Simple Page Builder","Gherkin:
Feature: Dev Only MCP Setting

Scenario: View and toggle dev-use only MCP setting
Given the user is in the Development Use Only Area
When the user views the MCP setting for Simple Page Builder
Then they should see the option to enable or disable it

Scenario: Disable Simple Page Builder
Given the MCP setting for Simple Page Builder is disabled
When the user opens the page creation popup
Then the Simple Page option should not be visible

Python:
from behave import given, when, then

@given('the user is in the Development Use Only Area')
def step_impl(context):
    pass

@when('the user views the MCP setting for Simple Page Builder')
def step_impl(context):
    pass

@then('they should see the option to enable or disable it')
def step_impl(context):
    pass

@given('the MCP setting for Simple Page Builder is disabled')
def step_impl(context):
    pass

@when('the user opens the page creation popup')
def step_impl(context):
    pass

@then('the Simple Page option should not be visible')
def step_impl(context):
    pass"
273,"As a user, I want to see footer actions like cancel, save as draft, next and submit (Single Database)","Gherkin:
Feature: Footer Actions

Scenario: Display footer actions when MCP is ON
Given MCP is ON
When the user is on a page with workflow
Then the footer should display actions ""cancel"", ""save as draft"", ""next"", and ""submit""

Scenario: Display footer actions on a page without workflow
Given MCP is ON
When the user is on a page without workflow
Then the footer should display actions ""cancel"", ""save as draft"", ""next"", and ""submit""

Scenario: Display footer actions with no pages and workflow
Given MCP is ON
When there are no pages with workflow
Then the footer should display actions ""cancel"", ""save as draft"", ""next"", and ""submit""

Scenario: Display footer actions with no pages and no workflow
Given MCP is ON
When there are no pages without workflow
Then the footer should display actions ""cancel"", ""save as draft"", ""next"", and ""submit""

Python:
from behave import given, when, then

@given('MCP is ON')
def step_impl(context):
    pass

@when('the user is on a page with workflow')
def step_impl(context):
    pass

@when('the user is on a page without workflow')
def step_impl(context):
    pass

@when('there are no pages with workflow')
def step_impl(context):
    pass

@when('there are no pages without workflow')
def step_impl(context):
    pass

@then('the footer should display actions ""cancel"", ""save as draft"", ""next"", and ""submit""')
def step_impl(context):
    pass"
274,"As a user, I want to easily identify where a section starts and ends","Gherkin:
Feature: Section Identification

Scenario: Visual identification of sections with MCP setting on
Given the MCP setting is enabled
When the user views a section
Then the section should have a background color
And the section should have a border-radius
And there should be a border around the section

Python:
from behave import given, when, then

@given('the MCP setting is enabled')
def step_impl(context):
    pass

@when('the user views a section')
def step_impl(context):
    pass

@then('the section should have a background color')
def step_impl(context):
    pass

@then('the section should have a border-radius')
def step_impl(context):
    pass

@then('there should be a border around the section')
def step_impl(context):
    pass"
275,"As a user, I want to be able to change the width of the form","Gherkin:
Feature: Form Width Adjustment

Scenario: Change form width using expand/collapse icon
Given the user is viewing a form
When the user clicks the expand/collapse icon
Then the width of the form should change
And the width of the footer should change
And the expand/collapse state should reset when the record is closed

Python:
from behave import given, when, then

@given('the user is viewing a form')
def step_impl(context):
    pass

@when('the user clicks the expand/collapse icon')
def step_impl(context):
    pass

@then('the width of the form should change')
def step_impl(context):
    pass

@then('the width of the footer should change')
def step_impl(context):
    pass

@then('the expand/collapse state should reset when the record is closed')
def step_impl(context):
    pass"
276,"As a user, I want to be able to close the record","Gherkin:
Feature: Close Record

Scenario: Close record with unsaved changes
Given the user is in Edit mode with unsaved changes
When the user clicks the ""X"" button on the header
Or clicks the ""Close"" button in the footer
Then a dialog should be displayed warning of unsaved changes

Python:
from behave import given, when, then

@given('the user is in Edit mode with unsaved changes')
def step_impl(context):
    pass

@when('the user clicks the ""X"" button on the header')
def step_impl(context):
    pass

@when('clicks the ""Close"" button in the footer')
def step_impl(context):
    pass

@then('a dialog should be displayed warning of unsaved changes')
def step_impl(context):
    pass"
277,"As a user, I want to be able to see the actions when in view and update mode","Gherkin:
Feature: View and Update Mode Actions

Scenario: Display actions in view and update mode
Given the user is in view mode
When the user switches to update mode
Then the actions should be visible in both view and update mode

Python:
from behave import given, when, then

@given('the user is in view mode')
def step_impl(context):
    pass

@when('the user switches to update mode')
def step_impl(context):
    pass

@then('the actions should be visible in both view and update mode')
def step_impl(context):
    pass"
278,"As a user, I want to see the seq ID of the record in the header","Gherkin:
Feature: Display Sequence ID

Scenario: View and copy sequence ID in the header
Given the user is on the record page
When the sequence ID is displayed in a Chip component
Then the sequence ID should be truncated with a tooltip to display the full value
And a copy icon should be present to copy the sequence ID

Python:
from behave import given, when, then

@given('the user is on the record page')
def step_impl(context):
    pass

@when('the sequence ID is displayed in a Chip component')
def step_impl(context):
    pass

@then('the sequence ID should be truncated with a tooltip to display the full value')
def step_impl(context):
    pass

@then('a copy icon should be present to copy the sequence ID')
def step_impl(context):
    pass"
279,"As a user, I want to see the status of the record in the header","Gherkin:
Feature: Record Status Display

Scenario: Display record status in the header
Given the user is viewing a record
When the record status is ""Draft""
Then the header should display ""Draft""

Scenario: Display archived record status in the header
Given the user is viewing a record
When the record status is ""Archived""
Then the header should display ""Archived""

Python:
from behave import given, when, then

@given('the user is viewing a record')
def step_impl(context):
    pass

@when('the record status is ""{status}""')
def step_impl(context, status):
    pass

@then('the header should display ""{status}""')
def step_impl(context, status):
    pass"
280,"As a user, I want to see the database name and record name in the header","Gherkin:
Feature: Display Header Information

Scenario: Display database and record name in the header
Given the user is on the page with the header
When the header is displayed
Then the header should show the clickable database name ""SampleDB""
And the header should show the record name ""Record123""
And the database name and record name should be truncated with a tooltip to display the full value

Python:
from behave import given, when, then

@given('the user is on the page with the header')
def step_impl(context):
    pass

@when('the header is displayed')
def step_impl(context):
    pass

@then('the header should show the clickable database name ""{database_name}""')
def step_impl(context, database_name):
    pass

@then('the header should show the record name ""{record_name}""')
def step_impl(context, record_name):
    pass

@then('the database name and record name should be truncated with a tooltip to display the full value')
def step_impl(context):
    pass"
281,"PB - As a User, I want the status of background Image added via Resource Lookup to be linked with Resource module","Gherkin:
Feature: Background Image Resource Linking

Scenario: Link background image status with Resource Module
Given the user has added a background image via Resource Lookup in Page Builder
When the image is set as a ""Page"" or ""Section"" background
Then the status of the background image should be linked with the derived Image resources in the Resource Module

Python:
from behave import given, when, then

@given('the user has added a background image via Resource Lookup in Page Builder')
def step_impl(context):
    pass

@when('the image is set as a ""{background_type}"" background')
def step_impl(context, background_type):
    pass

@then('the status of the background image should be linked with the derived Image resources in the Resource Module')
def step_impl(context):
    pass"
282,"PB - (Misc) As a User, I want to select and upload more file formats via Resource Lookup in Page Builder","Gherkin:
Feature: File Upload in Page Builder

Scenario: Upload file formats with default quality
Given the user is on the Resource Lookup page
When the user selects a file format to upload
Then the file should be uploaded with Good quality automatically

Python:
from behave import given, when, then

@given('the user is on the Resource Lookup page')
def step_impl(context):
    pass

@when('the user selects a file format to upload')
def step_impl(context):
    pass

@then('the file should be uploaded with Good quality automatically')
def step_impl(context):
    pass"
283,Guest Upload MVP: Add in new temporary MCP settings for this project,"Gherkin:
Feature: Guest Upload MVP

Scenario: Display new child settings when parent is enabled
Given the parent setting ""Database - Public Records & Uploads (development use only)"" is enabled
When the user accesses the settings page
Then the new child settings should be displayed

Python:
from behave import given, when, then

@given('the parent setting ""{parent_setting}"" is enabled')
def step_impl(context, parent_setting):
    pass

@when('the user accesses the settings page')
def step_impl(context):
    pass

@then('the new child settings should be displayed')
def step_impl(context):
    pass"
284,Guest Upload MVP: All Save/Submit buttons to say 'Submit' for Public User and redirect to success message,"Gherkin:
Feature: Guest Upload

Scenario: Submit button for public user
Given the public user is on the upload page
When the public user sees the button
Then the button should display ""Submit""
And clicking the button should redirect to a success message

Python:
from behave import given, when, then

@given('the public user is on the upload page')
def step_impl(context):
    pass

@when('the public user sees the button')
def step_impl(context):
    pass

@then('the button should display ""Submit""')
def step_impl(context):
    pass

@then('clicking the button should redirect to a success message')
def step_impl(context):
    pass"
285,"PB - (Misc UI) As a User, I want to have tooltips around Widgets after combining with Blocks","Gherkin:
Feature: Tooltip Display

Scenario: Display updated tooltips on Image Resizing
Given the user is on the Image Widget page
When the user hovers over the resize button
Then the tooltip should display ""Image Resizing""

Scenario: Display updated tooltips on Image Fit
Given the user is on the Image Widget page
When the user hovers over the fit button
Then the tooltip should display ""Image Fit""

Python:
from behave import given, when, then

@given('the user is on the Image Widget page')
def step_impl(context):
    pass

@when('the user hovers over the resize button')
def step_impl(context):
    pass

@then('the tooltip should display ""Image Resizing""')
def step_impl(context):
    pass

@when('the user hovers over the fit button')
def step_impl(context):
    pass

@then('the tooltip should display ""Image Fit""')
def step_impl(context):
    pass"
286,"PB - As a User, I want to edit (rename) an existing Page Category in Page Builder","Gherkin:
Feature: Edit Page Category

Scenario: Rename an existing Page Category
Given the user is on the Page Builder with an existing category
When the user clicks on the kebab button for the category
And selects ""Edit Page Category""
Then the ""Edit Page Category"" pop-up should appear
And an info message ""Rename Page Category."" should be displayed

Python:
from behave import given, when, then

@given('the user is on the Page Builder with an existing category')
def step_impl(context):
    pass

@when('the user clicks on the kebab button for the category')
def step_impl(context):
    pass

@when('selects ""Edit Page Category""')
def step_impl(context):
    pass

@then('the ""Edit Page Category"" pop-up should appear')
def step_impl(context):
    pass

@then('an info message ""Rename Page Category."" should be displayed')
def step_impl(context):
    pass"
287,"PB - As a User, I should not see the Page Category dropdown when viewing Pages if none of them are assigned to Category","Gherkin:
Feature: Page Category Visibility

Scenario: Do not display Page Category dropdown when no pages are assigned to a category
Given the user is viewing a page
And all pages are not associated with any Page Category
When the user checks the page interface
Then the Page Category dropdown should not be visible

Python:
from behave import given, when, then

@given('the user is viewing a page')
def step_impl(context):
    pass

@given('all pages are not associated with any Page Category')
def step_impl(context):
    pass

@when('the user checks the page interface')
def step_impl(context):
    pass

@then('the Page Category dropdown should not be visible')
def step_impl(context):
    pass"
288,"PB - As a User, I want to switch Page Categories when viewing a Page if there are multiple Page Categories","Gherkin:
Feature: Page Category Switching

Scenario: Switch between multiple Page Categories
Given the user is viewing a page with multiple Page Categories
And the user has permission to view these Page Categories
When the user opens the Page Categories dropdown
And selects the ""All Pages"" category
Then the pages under ""All Pages"" should be loaded

Python:
from behave import given, when, then

@given('the user is viewing a page with multiple Page Categories')
def step_impl(context):
    pass

@given('the user has permission to view these Page Categories')
def step_impl(context):
    pass

@when('the user opens the Page Categories dropdown')
def step_impl(context):
    pass

@when('selects the ""{category}"" category')
def step_impl(context, category):
    pass

@then('the pages under ""{category}"" should be loaded')
def step_impl(context, category):
    pass"
289,"PB - As a User, I want to see Page Category being selected by default when viewing a Page as it's been assign to one","Gherkin:
Feature: Page Category Selection

Scenario: Default page category is selected when viewing a page
Given the user is viewing a page
When the page is loaded
Then the page category should be selected by default
And the pages under the category should be loaded to the left side from Nav

Python:
from behave import given, when, then

@given('the user is viewing a page')
def step_impl(context):
    pass

@when('the page is loaded')
def step_impl(context):
    pass

@then('the page category should be selected by default')
def step_impl(context):
    pass

@then('the pages under the category should be loaded to the left side from Nav')
def step_impl(context):
    pass"
290,"PB - As a User, I want to un-assign a Page Category from an existing parent / standalone page","Gherkin:
Feature: Un-assign Page Category

Scenario: Un-assign a Page Category from a standalone page
Given the user is on the page management interface
When the user selects a standalone page
And clicks the ""Assign Page Category"" button
And chooses to un-assign the current Page Category
Then the page should no longer be associated with the previous Page Category

Scenario: Un-assign a Page Category from a parent page including sub-pages
Given the user is on the page management interface
When the user selects a parent page with sub-pages
And clicks the ""Assign Page Category"" button
And chooses to un-assign the current Page Category
Then the parent page and its sub-pages should no longer be associated with the previous Page Category

Python:
from behave import given, when, then

@given('the user is on the page management interface')
def step_impl(context):
    pass

@when('the user selects a standalone page')
def step_impl(context):
    pass

@when('clicks the ""Assign Page Category"" button')
def step_impl(context):
    pass

@when('chooses to un-assign the current Page Category')
def step_impl(context):
    pass

@then('the page should no longer be associated with the previous Page Category')
def step_impl(context):
    pass

@when('the user selects a parent page with sub-pages')
def step_impl(context):
    pass

@then('the parent page and its sub-pages should no longer be associated with the previous Page Category')
def step_impl(context):
    pass"
291,"PB - As a User, I want to assign / re-assign an existing parent / standalone page to an existing Page Category","Gherkin:
Feature: Page Category Assignment

Scenario: Assign a standalone page to a Page Category
Given the user is on the page management interface
When the user selects a standalone page ""About Us""
And clicks the ""Assign Page Category"" button
And chooses the Page Category ""Company Info""
Then the standalone page ""About Us"" should be assigned to the Page Category ""Company Info""

Scenario: Re-assign a parent page with sub-pages to a new Page Category
Given the user is on the page management interface
When the user selects a parent page ""Services"" with sub-pages
And clicks the ""Assign Page Category"" button
And chooses the new Page Category ""Business Solutions""
Then the parent page ""Services"" and its sub-pages should be assigned to the Page Category ""Business Solutions""

Python:
from behave import given, when, then

@given('the user is on the page management interface')
def step_impl(context):
    pass

@when('the user selects a standalone page ""{page_name}""')
def step_impl(context, page_name):
    pass

@when('clicks the ""Assign Page Category"" button')
def step_impl(context):
    pass

@when('chooses the Page Category ""{category_name}""')
def step_impl(context, category_name):
    pass

@then('the standalone page ""{page_name}"" should be assigned to the Page Category ""{category_name}""')
def step_impl(context, page_name, category_name):
    pass

@when('the user selects a parent page ""{parent_page_name}"" with sub-pages')
def step_impl(context, parent_page_name):
    pass

@when('chooses the new Page Category ""{new_category_name}""')
def step_impl(context, new_category_name):
    pass

@then('the parent page ""{parent_page_name}"" and its sub-pages should be assigned to the Page Category ""{new_category_name}""')
def step_impl(context, parent_page_name, new_category_name):
    pass"
292,"PB - As a User, I want to customise the order of pages under All Pages and the order of pages under each Page Category","Gherkin:
Feature: Customise Page Order

Scenario: Customise order of pages under All Pages
Given the user is on the All Pages section
When the user drags and drops a page to a new position
Then the order of pages should be updated accordingly

Scenario: Customise order of pages under a Page Category
Given the user is viewing a specific Page Category
When the user drags and drops a page to a new position within the category
Then the order of pages in the category should be updated accordingly

Python:
from behave import given, when, then

@given('the user is on the All Pages section')
def step_impl(context):
    pass

@when('the user drags and drops a page to a new position')
def step_impl(context):
    pass

@then('the order of pages should be updated accordingly')
def step_impl(context):
    pass

@given('the user is viewing a specific Page Category')
def step_impl(context):
    pass

@when('the user drags and drops a page to a new position within the category')
def step_impl(context):
    pass

@then('the order of pages in the category should be updated accordingly')
def step_impl(context):
    pass"
293,"PB - As a User, I want to delete an existing Page Category in Page Builder","Gherkin:
Feature: Delete Page Category

Scenario: Successfully delete an existing Page Category
Given the user is on the Page Builder with a Page Category selected
When the user clicks on the kebab button next to the Page Category dropdown menu
And selects ""Delete Page Category""
Then the Page Category should be removed from the Page Builder

Python:
from behave import given, when, then

@given('the user is on the Page Builder with a Page Category selected')
def step_impl(context):
    pass

@when('the user clicks on the kebab button next to the Page Category dropdown menu')
def step_impl(context):
    pass

@when('selects ""Delete Page Category""')
def step_impl(context):
    pass

@then('the Page Category should be removed from the Page Builder')
def step_impl(context):
    pass"
294,"PB - As a User, I want to create a new Page Category in Page Builder","Gherkin:
Feature: Page Category Creation

Scenario: Create a new Page Category
Given the user is on the Page Builder
When the user clicks on the kebab button
And selects ""Add Page Category""
Then the ""Add Page Category"" pop-up should be displayed

Python:
from behave import given, when, then

@given('the user is on the Page Builder')
def step_impl(context):
    pass

@when('the user clicks on the kebab button')
def step_impl(context):
    pass

@when('selects ""Add Page Category""')
def step_impl(context):
    pass

@then('the ""Add Page Category"" pop-up should be displayed')
def step_impl(context):
    pass"
295,"PB - As a User, I want to see & select Page Category in Page Builder","Gherkin:
Feature: Page Category Selection

Scenario: Default Page Category selection in Page Builder
Given the user is in the Page Builder via any page Edit action button
When the user views the Page Category drop-down menu
Then the drop-down menu should be visible
And ""All Pages"" should be selected by default

Python:
from behave import given, when, then

@given('the user is in the Page Builder via any page Edit action button')
def step_impl(context):
    pass

@when('the user views the Page Category drop-down menu')
def step_impl(context):
    pass

@then('the drop-down menu should be visible')
def step_impl(context):
    pass

@then('""All Pages"" should be selected by default')
def step_impl(context):
    pass"
296,"PB - [4/4] As an Internal User, I want to have MCP(development use only) settings to enable/disable features per Epic for Drag & Drop Page MVP ","Gherkin:
Feature: MCP Settings

Scenario: Enable/Disable Drag & Drop Pages setting
Given the user is on the Platform Settings page
When the user navigates to the Development Use only section
And adds the MCP setting ""Drag & Drop Pages - Page Category (development use only)""
Then the setting should be available for enabling or disabling features per Epic

Python:
from behave import given, when, then

@given('the user is on the Platform Settings page')
def step_impl(context):
    pass

@when('the user navigates to the Development Use only section')
def step_impl(context):
    pass

@when('adds the MCP setting ""Drag & Drop Pages - Page Category (development use only)""')
def step_impl(context):
    pass

@then('the setting should be available for enabling or disabling features per Epic')
def step_impl(context):
    pass"
297,Guest Upload MVP: Mandatory Anti-Virus for all public uploads (even when not enabled in MCP),"Gherkin:
Feature: Guest Upload Anti-Virus Scan

Scenario: Scan uploaded items for viruses when user is not logged in
Given the user is not logged in
And the user is on the upload page
When the user uploads a file ""example_file.txt""
Then the file should be scanned for viruses
And if a virus is detected, an error message should be displayed with an explanation

Python:
from behave import given, when, then

@given('the user is not logged in')
def step_impl(context):
    pass

@given('the user is on the upload page')
def step_impl(context):
    pass

@when('the user uploads a file ""{file_name}""')
def step_impl(context, file_name):
    pass

@then('the file should be scanned for viruses')
def step_impl(context):
    pass

@then('if a virus is detected, an error message should be displayed with an explanation')
def step_impl(context):
    pass"
298,"PB - (Misc) As a User, I want to be informed why the Page cannot be saved in Page Builder if it's beyond the set Page limit in MCP","Gherkin:
Feature: Page Builder Save Limit

Scenario: Display warning when page limit is reached
Given the user is in Page Builder
And the page limit in MCP has been reached
When the user clicks the Save button on the top bar
Then a warning snack bar should appear with message ""Page limit of {number} reached.""

Python:
from behave import given, when, then

@given('the user is in Page Builder')
def step_impl(context):
    pass

@given('the page limit in MCP has been reached')
def step_impl(context):
    pass

@when('the user clicks the Save button on the top bar')
def step_impl(context):
    pass

@then('a warning snack bar should appear with message ""Page limit of {number} reached.""')
def step_impl(context, number):
    pass"
299,[Ask AI Alpha] As a user I want to choose to search whole platform or current location (Logic: Filter/Search results limit),"Gherkin:
Feature: Search Filter

Scenario: Search with default current view limitation
Given the user is on the search panel
When the panel is opened
Then the ""Limit to current view"" checkbox should be enabled by default

Scenario: Search whole platform by deselecting current view limitation
Given the user is on the search panel
When the user deselects the ""Limit to current view"" checkbox
And asks a question
Then the search should cover the whole platform

Python:
from behave import given, when, then

@given('the user is on the search panel')
def step_impl(context):
    pass

@when('the panel is opened')
def step_impl(context):
    pass

@then('the ""Limit to current view"" checkbox should be enabled by default')
def step_impl(context):
    pass

@when('the user deselects the ""Limit to current view"" checkbox')
def step_impl(context):
    pass

@when('asks a question')
def step_impl(context):
    pass

@then('the search should cover the whole platform')
def step_impl(context):
    pass"
300,"[V3 Move] Resources - Info/Preview Page: When Resource is Pending, hide Move action in this page","Gherkin:
Feature: Resource Info/Preview Page

Scenario: Hide Move action when resource is pending
Given a resource is in a pending publish request
When the user accesses the Info Preview action via the Workflow actions
Then the Move action should not appear in Info Preview actions for any user

Python:
from behave import given, when, then

@given('a resource is in a pending publish request')
def step_impl(context):
    pass

@when('the user accesses the Info Preview action via the Workflow actions')
def step_impl(context):
    pass

@then('the Move action should not appear in Info Preview actions for any user')
def step_impl(context):
    pass"
301,"PB - As a User, I want to have previous 'Block' background colour setting embedded in Text Widget toolbar after combining these two","Gherkin:
Feature: Text Widget Background Colour

Scenario: Embed previous 'Block' background colour in Text Widget toolbar
Given the user has a 'Block' with a background colour set
When the user combines the 'Block' with the Text Widget
Then the previous 'Block' background colour should be embedded in the Text Widget toolbar

Scenario: Set background colour in Text Widget toolbar
Given the user is viewing the Text Widget toolbar
When the user clicks on the background colour setting
And opens the colour swatch popover
And sets a new colour for the Text Widget background
Then the Text Widget background should reflect the new colour

Python:
from behave import given, when, then

@given('the user has a \'Block\' with a background colour set')
def step_impl(context):
    pass

@when('the user combines the \'Block\' with the Text Widget')
def step_impl(context):
    pass

@then('the previous \'Block\' background colour should be embedded in the Text Widget toolbar')
def step_impl(context):
    pass

@given('the user is viewing the Text Widget toolbar')
def step_impl(context):
    pass

@when('the user clicks on the background colour setting')
def step_impl(context):
    pass

@when('opens the colour swatch popover')
def step_impl(context):
    pass

@when('sets a new colour for the Text Widget background')
def step_impl(context):
    pass

@then('the Text Widget background should reflect the new colour')
def step_impl(context):
    pass"
302,"PB - As a User, I want to configure both Block and Video Widget properties","Gherkin:
Feature: Configure Widget Properties

Scenario: Configure Video Widget properties
Given the user is on the widget configuration page
When the user selects the ""Video"" widget
And enters a video URL ""http://example.com/video""
And performs a resource lookup
Then the video widget settings should be updated with the new URL

Python:
from behave import given, when, then

@given('the user is on the widget configuration page')
def step_impl(context):
    pass

@when('the user selects the ""{widget_type}"" widget')
def step_impl(context, widget_type):
    pass

@when('enters a video URL ""{video_url}""')
def step_impl(context, video_url):
    pass

@when('performs a resource lookup')
def step_impl(context):
    pass

@then('the video widget settings should be updated with the new URL')
def step_impl(context):
    pass"
303,"PB - As a User, I want to configure both Block and Image Widget properties","Gherkin:
Feature: Configure Widget Properties

Scenario: Configure Image Widget properties
Given the user is on the widget configuration page
When the user selects the ""Image"" widget
And enters an image URL ""http://example.com/image.jpg""
And performs a resource lookup
Then the widget should display the configured image settings

Python:
from behave import given, when, then

@given('the user is on the widget configuration page')
def step_impl(context):
    pass

@when('the user selects the ""Image"" widget')
def step_impl(context):
    pass

@when('enters an image URL ""{image_url}""')
def step_impl(context, image_url):
    pass

@when('performs a resource lookup')
def step_impl(context):
    pass

@then('the widget should display the configured image settings')
def step_impl(context):
    pass"
304,"PB - As a User, I want to configure both Block and Text Widget properties","Gherkin:
Feature: Configure Widget Properties

Scenario: Configure Text Widget Padding
Given the user is on the widget configuration page
When the user selects the ""Text Widget""
And sets the padding to ""10px""
Then the Text Widget should have a padding of ""10px""

Python:
from behave import given, when, then

@given('the user is on the widget configuration page')
def step_impl(context):
    pass

@when('the user selects the ""Text Widget""')
def step_impl(context):
    pass

@when('sets the padding to ""{padding}""')
def step_impl(context, padding):
    pass

@then('the Text Widget should have a padding of ""{padding}""')
def step_impl(context, padding):
    pass"
305,"PB - As a User, I want to configure both Block and Button Widget properties","Gherkin:
Feature: Widget Configuration

Scenario: Configure Button Widget properties
Given the user is on the widget configuration page
When the user selects the ""Button"" widget
And enters ""Submit"" as the Button Text
And enters ""http://example.com"" as the Button Link
Then the Button widget should be configured with the specified properties

Python:
from behave import given, when, then

@given('the user is on the widget configuration page')
def step_impl(context):
    pass

@when('the user selects the ""{widget_type}"" widget')
def step_impl(context, widget_type):
    pass

@when('enters ""{button_text}"" as the Button Text')
def step_impl(context, button_text):
    pass

@when('enters ""{button_link}"" as the Button Link')
def step_impl(context, button_link):
    pass

@then('the Button widget should be configured with the specified properties')
def step_impl(context):
    pass"
306,[Ask AI Alpha] As a user I want to choose to search whole platform or current location (Logic: Folder location limit),"Gherkin:
Feature: Search Scope Selection

Scenario: Default search scope is limited to current view
Given the user is on the search panel
When the panel is opened
Then the ""Limit to current view"" checkbox should be visible
And the ""Limit to current view"" checkbox should be enabled by default

Python:
from behave import given, when, then

@given('the user is on the search panel')
def step_impl(context):
    pass

@when('the panel is opened')
def step_impl(context):
    pass

@then('the ""Limit to current view"" checkbox should be visible')
def step_impl(context):
    pass

@then('the ""Limit to current view"" checkbox should be enabled by default')
def step_impl(context):
    pass"
307,"3-1. As a User, I want to resize Image Widget by dragging image itself when creating/editing a Page","Gherkin:
Feature: Resize Image Widget

Scenario: Resize Image Widget by dragging
Given the user has dragged an Image Widget into a Section
When the user sees the dotted line of the Image and bounding box with 8px padding
And the user drags the Image Widget to resize
Then the Image Widget’s outer bounding box border line should be visible
And the user can click on all eight dots to change the size of the Image within the 'Block'

Python:
from behave import given, when, then

@given('the user has dragged an Image Widget into a Section')
def step_impl(context):
    pass

@when('the user sees the dotted line of the Image and bounding box with 8px padding')
def step_impl(context):
    pass

@when('the user drags the Image Widget to resize')
def step_impl(context):
    pass

@then('the Image Widget’s outer bounding box border line should be visible')
def step_impl(context):
    pass

@then('the user can click on all eight dots to change the size of the Image within the ""Block""')
def step_impl(context):
    pass"
308,"4-1. As a User, I want to resize Image Widget by Width slider from Nav","Gherkin:
Feature: Resize Image Widget

Scenario: Resize image widget by width slider
Given the user is on the dashboard with an image widget
When the user adjusts the width slider from the nav panel
Then the image widget's block width should change according to the design
And the image should maintain the same horizontal percentage of its block
And the user can resize the widget by dragging the dot line

Python:
from behave import given, when, then

@given('the user is on the dashboard with an image widget')
def step_impl(context):
    pass

@when('the user adjusts the width slider from the nav panel')
def step_impl(context):
    pass

@then(""the image widget's block width should change according to the design"")
def step_impl(context):
    pass

@then('the image should maintain the same horizontal percentage of its block')
def step_impl(context):
    pass

@then('the user can resize the widget by dragging the dot line')
def step_impl(context):
    pass"
309,"3-2. As a User, I want to reposition Image Widget by dragging image itself when create/editing a Page","Gherkin:
Feature: Reposition Image Widget

Scenario: Reposition Image Widget by dragging
Given the user is creating or editing a page
And an Image Widget is in a Section
When the user drags the Image Widget
Then the dotted line of the Image and bounding box for the entire Widget should be visible with 8px padding
And the Image Widget’s outer bounding box border line should always be visible

Python:
from behave import given, when, then

@given('the user is creating or editing a page')
def step_impl(context):
    pass

@given('an Image Widget is in a Section')
def step_impl(context):
    pass

@when('the user drags the Image Widget')
def step_impl(context):
    pass

@then('the dotted line of the Image and bounding box for the entire Widget should be visible with 8px padding')
def step_impl(context):
    pass

@then('the Image Widget’s outer bounding box border line should always be visible')
def step_impl(context):
    pass"
310,"4-2. As a User, I want the position and size that I set of the image to still work in different responsive modes","Gherkin:
Feature: Responsive Image Position and Size

Scenario: Maintain image position and size across responsive modes
Given the user is on the image editing page
When the user resizes the image by dragging the dots
And repositions the image by dragging it
Then the image should maintain the same horizontal percentage with the block in mobile mode
And the image should maintain the same horizontal percentage with the block in tablet mode
And the image should maintain the same horizontal percentage with the block in desktop mode

Python:
from behave import given, when, then

@given('the user is on the image editing page')
def step_impl(context):
    pass

@when('the user resizes the image by dragging the dots')
def step_impl(context):
    pass

@when('repositions the image by dragging it')
def step_impl(context):
    pass

@then('the image should maintain the same horizontal percentage with the block in mobile mode')
def step_impl(context):
    pass

@then('the image should maintain the same horizontal percentage with the block in tablet mode')
def step_impl(context):
    pass

@then('the image should maintain the same horizontal percentage with the block in desktop mode')
def step_impl(context):
    pass"
311,"2-3. As a User, I want to Undo & Redo resizing & repositioning","Gherkin:
Feature: Undo and Redo Image Resizing and Repositioning

Scenario: Undo and redo resizing by dragging
Given the user has resized the image by dragging the dots
When the user clicks ""Undo"" from the top bar
Then the image should revert to its previous size
When the user clicks ""Redo"" from the top bar
Then the image should return to the resized state

Scenario: Undo and redo resizing by changing the ratio
Given the user has resized the image by changing the ratio
When the user clicks ""Undo"" from the top bar
Then the image should revert to its previous ratio
When the user clicks ""Redo"" from the top bar
Then the image should return to the resized ratio

Python:
from behave import given, when, then

@given('the user has resized the image by dragging the dots')
def step_impl(context):
    pass

@when('the user clicks ""Undo"" from the top bar')
def step_impl(context):
    pass

@then('the image should revert to its previous size')
def step_impl(context):
    pass

@when('the user clicks ""Redo"" from the top bar')
def step_impl(context):
    pass

@then('the image should return to the resized state')
def step_impl(context):
    pass

@given('the user has resized the image by changing the ratio')
def step_impl(context):
    pass

@then('the image should revert to its previous ratio')
def step_impl(context):
    pass

@then('the image should return to the resized ratio')
def step_impl(context):
    pass"
312,"2-4. As a User, I want to set Image Fit & Position via Nav Panel","Gherkin:
Feature: Image Fit & Position

Scenario: Set Image Fit to Cover mode
Given the user is on the image widget settings page
When the user enters a valid image URL or selects an image via Resource Lookup
And sets the Image Fit to ""Cover""
Then the image should be resized and cropped in cover mode

Python:
from behave import given, when, then

@given('the user is on the image widget settings page')
def step_impl(context):
    pass

@when('the user enters a valid image URL or selects an image via Resource Lookup')
def step_impl(context):
    pass

@when('sets the Image Fit to ""{mode}""')
def step_impl(context, mode):
    pass

@then('the image should be resized and cropped in cover mode')
def step_impl(context):
    pass"
313,"PB - As a User, I want to see Drag & Drop Page thumbnails as preview in Custom Page v2 index page","Gherkin:
Feature: Drag & Drop Page Thumbnails

Scenario: Preview Drag & Drop Page thumbnails in List view
Given the user is on the Custom Page v2 index page in List view
When the user navigates to a Drag & Drop Page
Then they should see the page thumbnails as previews

Scenario: Preview Drag & Drop Page thumbnails in Thumb view
Given the user is on the Custom Page v2 index page in Thumb view
When the user navigates to a Drag & Drop Page
Then they should see the page thumbnails as previews

Python:
from behave import given, when, then

@given('the user is on the Custom Page v2 index page in List view')
def step_impl(context):
    pass

@given('the user is on the Custom Page v2 index page in Thumb view')
def step_impl(context):
    pass

@when('the user navigates to a Drag & Drop Page')
def step_impl(context):
    pass

@then('they should see the page thumbnails as previews')
def step_impl(context):
    pass"
314,Conditional Reviewers: Re-assign should only be supported when Condition Set has 'Required Approvals' set to 'One',"Gherkin:
Feature: Conditional Reviewers

Scenario: Attempt to re-assign when 'Required Approvals' is set to 'One'
Given the Condition Set has 'Required Approvals' set to 'One'
When the user attempts to re-assign a reviewer
Then an alert message ""Re-assign is not supported as all selected Reviewer(s) are required to approve."" should be displayed

Python:
from behave import given, when, then

@given('the Condition Set has \'Required Approvals\' set to \'One\'')
def step_impl(context):
    pass

@when('the user attempts to re-assign a reviewer')
def step_impl(context):
    pass

@then('an alert message ""Re-assign is not supported as all selected Reviewer(s) are required to approve."" should be displayed')
def step_impl(context):
    pass"
315,"[Ask AI Alpha] As a user, I want the Q&A system not to include any deleted documents ","Gherkin:
Feature: Exclude Deleted Documents

Scenario: Ensure deleted documents are not used in Q&A
Given the Q&A system is operational
When a user asks a question
And the system retrieves sources for the answer
Then the sources should not include any deleted documents

Python:
from behave import given, when, then

@given('the Q&A system is operational')
def step_impl(context):
    pass

@when('a user asks a question')
def step_impl(context):
    pass

@when('the system retrieves sources for the answer')
def step_impl(context):
    pass

@then('the sources should not include any deleted documents')
def step_impl(context):
    pass"
316,"[Ask AI Alpha] As a user, I want my newly uploaded documents to be ingested by the Q&A system","Gherkin:
Feature: Document Ingestion

Scenario: Ingest newly uploaded documents when vector search is enabled
Given the user has uploaded a new document
And the ""Enable vector search - text (V3) (development use only)"" setting is enabled
When the document is added to the system
Then the document should be ingested and indexed for search

Python:
from behave import given, when, then

@given('the user has uploaded a new document')
def step_impl(context):
    pass

@given('the ""Enable vector search - text (V3) (development use only)"" setting is enabled')
def step_impl(context):
    pass

@when('the document is added to the system')
def step_impl(context):
    pass

@then('the document should be ingested and indexed for search')
def step_impl(context):
    pass"
317,"PB - (Misc) As a User, I want to set auto-play as default or not for Video Widgets when viewing a Smart Page","Gherkin:
Feature: Video Widget Auto-Play Setting

Scenario: Set auto-play for Video Widgets
Given the user is viewing a Smart Page
And a Video Widget is present
When the user clicks the auto-play button
Then the Video Widget should be set to auto-play

Scenario: Default auto-play setting for Video Widgets
Given the user is viewing a Smart Page
And a Video Widget is present
Then the auto-play button should be unchecked by default

Python:
from behave import given, when, then

@given('the user is viewing a Smart Page')
def step_impl(context):
    pass

@given('a Video Widget is present')
def step_impl(context):
    pass

@when('the user clicks the auto-play button')
def step_impl(context):
    pass

@then('the Video Widget should be set to auto-play')
def step_impl(context):
    pass

@then('the auto-play button should be unchecked by default')
def step_impl(context):
    pass"
318,"[Ask AI Alpha] As a Main Admin user, only I and other Main Admins can use 'Ask AI' in Alpha phase","Gherkin:
Feature: AI Assist Access Control

Scenario: Main Admin can see AI Assist button
Given the user is a Main Admin
When the user is on the dashboard
Then the user should see the ""AI Assist"" button

Scenario: Non-Main Admin cannot see AI Assist button
Given the user is not a Main Admin
When the user is on the dashboard
Then the user should not see the ""AI Assist"" button

Scenario: Main Admin emulating non-Main Admin cannot see AI Assist button
Given the user is a Main Admin emulating a non-Main Admin
When the user is on the dashboard
Then the user should not see the ""AI Assist"" button

Python:
from behave import given, when, then

@given('the user is a Main Admin')
def step_impl(context):
    pass

@given('the user is not a Main Admin')
def step_impl(context):
    pass

@given('the user is a Main Admin emulating a non-Main Admin')
def step_impl(context):
    pass

@when('the user is on the dashboard')
def step_impl(context):
    pass

@then('the user should see the ""AI Assist"" button')
def step_impl(context):
    pass

@then('the user should not see the ""AI Assist"" button')
def step_impl(context):
    pass"
319,[Ask AI Alpha] As a user when button is clicked the 'Ask AI' side panel slides in (overall side panel component),"Gherkin:
Feature: Ask AI Side Panel

Scenario: Open side panel on button click
Given the user is on the desktop view
When the user clicks the ""Ask AI"" button
Then the side panel should slide in from the right side of the screen

Scenario: Close side panel on mobile view
Given the side panel is open
When the screen size changes to a mobile breakpoint
Then the side panel should close

Python:
from behave import given, when, then

@given('the user is on the desktop view')
def step_impl(context):
    pass

@when('the user clicks the ""Ask AI"" button')
def step_impl(context):
    pass

@then('the side panel should slide in from the right side of the screen')
def step_impl(context):
    pass

@given('the side panel is open')
def step_impl(context):
    pass

@when('the screen size changes to a mobile breakpoint')
def step_impl(context):
    pass

@then('the side panel should close')
def step_impl(context):
    pass"
320,[Ask AI Alpha] As a user I want to see the 'Ask AI' side panel header and see help tooltip there,"Gherkin:
Feature: Ask AI Side Panel

Scenario: Display of Ask AI side panel header and help tooltip
Given the user is on the application page with the side panel
When the user views the side panel header
Then the header should display ""Ask AI""
And a help tooltip icon should be displayed next to the header
When the user hovers over the help tooltip icon
Then the tooltip text should display ""Ask AI to summarize an answer from your documents. Enable 'Current view' to narrow your search to your current folder location and search only.""

Python:
from behave import given, when, then

@given('the user is on the application page with the side panel')
def step_impl(context):
    pass

@when('the user views the side panel header')
def step_impl(context):
    pass

@then('the header should display ""Ask AI""')
def step_impl(context):
    pass

@then('a help tooltip icon should be displayed next to the header')
def step_impl(context):
    pass

@when('the user hovers over the help tooltip icon')
def step_impl(context):
    pass

@then('the tooltip text should display ""Ask AI to summarize an answer from your documents. Enable \'Current view\' to narrow your search to your current folder location and search only.""')
def step_impl(context):
    pass"
321,[Ask AI Alpha] As a user I want to close the 'Ask AI' side panel,"Gherkin:
Feature: Close Ask AI Side Panel

Scenario: Close the Ask AI side panel using the close icon
Given the user has the Ask AI side panel open
When the user clicks the close icon in the header section
Then the Ask AI side panel should be closed

Python:
from behave import given, when, then

@given('the user has the Ask AI side panel open')
def step_impl(context):
    pass

@when('the user clicks the close icon in the header section')
def step_impl(context):
    pass

@then('the Ask AI side panel should be closed')
def step_impl(context):
    pass"
322,[Ask AI Alpha] As a user I want to enter a question in 'Ask AI' field,"Gherkin:
Feature: Ask AI Question

Scenario: Enter a question in the 'Ask AI' field
Given the user is on the Ask AI page
When the user sees the question field under the panel header
And the placeholder text is ""Ask me a question""
Then the user can enter a question in the text field

Python:
from behave import given, when, then

@given('the user is on the Ask AI page')
def step_impl(context):
    pass

@when('the user sees the question field under the panel header')
def step_impl(context):
    pass

@when('the placeholder text is ""Ask me a question""')
def step_impl(context):
    pass

@then('the user can enter a question in the text field')
def step_impl(context):
    pass"
323,[Ask AI Alpha] As a user I can click 'Ask' button to trigger search AI (or can click enter),"Gherkin:
Feature: Ask AI Alpha

Scenario: Trigger search AI by clicking 'Ask' button
Given the user is on the AI search panel
And the 'Ask' button is disabled
When the user enters a question
Then the 'Ask' button should be enabled
And the hover text should be ""Click or hit enter to ask your question.""
When the user clicks the 'Ask' button
Then the search AI should be triggered

Python:
from behave import given, when, then

@given('the user is on the AI search panel')
def step_impl(context):
    pass

@given('the ""Ask"" button is disabled')
def step_impl(context):
    pass

@when('the user enters a question')
def step_impl(context):
    pass

@then('the ""Ask"" button should be enabled')
def step_impl(context):
    pass

@then('the hover text should be ""Click or hit enter to ask your question.""')
def step_impl(context):
    pass

@when('the user clicks the ""Ask"" button')
def step_impl(context):
    pass

@then('the search AI should be triggered')
def step_impl(context):
    pass"
324,[Ask AI Alpha] As a user I want to choose to search whole platform or current location (UI + pendo),"Gherkin:
Feature: Search Scope Selection

Scenario: Default search scope is limited to current view
Given the user is on the search panel
When the search panel is opened
Then the ""Limit to current view"" checkbox should be visible
And the ""Limit to current view"" checkbox should be enabled by default

Python:
from behave import given, when, then

@given('the user is on the search panel')
def step_impl(context):
    pass

@when('the search panel is opened')
def step_impl(context):
    pass

@then('the ""Limit to current view"" checkbox should be visible')
def step_impl(context):
    pass

@then('the ""Limit to current view"" checkbox should be enabled by default')
def step_impl(context):
    pass"
325,[Ask AI Alpha] As a user I can tell when results are being loaded,"Gherkin:
Feature: Loading Indicator

Scenario: Display loading wheel while results are being loaded
Given the user is on the Ask AI Alpha page
When the user submits a question
Then the loading wheel should appear on the disabled 'Ask' button
And the loading wheel should disappear when the answer is fully built

Python:
from behave import given, when, then

@given('the user is on the Ask AI Alpha page')
def step_impl(context):
    pass

@when('the user submits a question')
def step_impl(context):
    pass

@then('the loading wheel should appear on the disabled \'Ask\' button')
def step_impl(context):
    pass

@then('the loading wheel should disappear when the answer is fully built')
def step_impl(context):
    pass"
326,[Ask AI Alpha] As a user I get informed if there is no answer and advised to update my question to try again,"Gherkin:
Feature: AI Assistance

Scenario: Inform user when no answer is found
Given the user has submitted a query
When the system cannot find an answer
Then the user should see a message ""We are unable to assist with that query at the moment. Try asking something else.""

Python:
from behave import given, when, then

@given('the user has submitted a query')
def step_impl(context):
    pass

@when('the system cannot find an answer')
def step_impl(context):
    pass

@then('the user should see a message ""We are unable to assist with that query at the moment. Try asking something else.""')
def step_impl(context):
    pass"
327,[Ask AI Alpha] As a user I get informed if there is an tech error (generic error handling),"Gherkin:
Feature: Error Handling

Scenario: Display error message on technical error
Given the user is performing an action
When an unexpected technical error occurs
Then the user should see the error message ""We are having some technical issues. Try again later.""

Python:
from behave import given, when, then

@given('the user is performing an action')
def step_impl(context):
    pass

@when('an unexpected technical error occurs')
def step_impl(context):
    pass

@then('the user should see the error message ""{error_message}""')
def step_impl(context, error_message):
    pass"
328,[Ask AI Alpha] As a user I can see the answer (in scrollable field),"Gherkin:
Feature: Display Answer Field

Scenario: Display answer field under search bar
Given the user has entered a query in the search bar
When the system has an answer to return
Then the answer field should display under the search bar
And the answer field should be scrollable if the content exceeds the fixed height

Python:
from behave import given, when, then

@given('the user has entered a query in the search bar')
def step_impl(context):
    pass

@when('the system has an answer to return')
def step_impl(context):
    pass

@then('the answer field should display under the search bar')
def step_impl(context):
    pass

@then('the answer field should be scrollable if the content exceeds the fixed height')
def step_impl(context):
    pass"
329,[Ask AI Alpha] As a user I can see the Sources listed below the answer and click to open in new tab,"Gherkin:
Feature: Display Sources

Scenario: Display and open sources in a new tab
Given the user has received an answer
When the sources are displayed below the answer
And the user clicks on a source link
Then the source should open in a new tab

Python:
from behave import given, when, then

@given('the user has received an answer')
def step_impl(context):
    pass

@when('the sources are displayed below the answer')
def step_impl(context):
    pass

@when('the user clicks on a source link')
def step_impl(context):
    pass

@then('the source should open in a new tab')
def step_impl(context):
    pass"
330,[Ask AI Alpha] As a user I want to copy the answer to my clipboard,"Gherkin:
Feature: Copy Answer to Clipboard

Scenario: Copy answer to clipboard successfully
Given the answer is complete
And the copy icon appears in the answer field
When the user hovers over the copy icon
Then the hover text should be 'Click to copy this answer to your clipboard.'
When the user clicks the copy icon
Then a success snackbar should confirm ""Copied to clipboard""

Python:
from behave import given, when, then

@given('the answer is complete')
def step_impl(context):
    pass

@given('the copy icon appears in the answer field')
def step_impl(context):
    pass

@when('the user hovers over the copy icon')
def step_impl(context):
    pass

@then('the hover text should be ""Click to copy this answer to your clipboard.""')
def step_impl(context):
    pass

@when('the user clicks the copy icon')
def step_impl(context):
    pass

@then('a success snackbar should confirm ""Copied to clipboard""')
def step_impl(context):
    pass"
331,[Ask AI Alpha] As a user I can clear my search to enter another (or cancel current search),"Gherkin:
Feature: Clear Search

Scenario: Clear search field to enter another query
Given the user has entered a query in the search field
When the 'x' button is displayed at the end of the search field
And the user clicks the 'x' button
Then the search field should be cleared

Python:
from behave import given, when, then

@given('the user has entered a query in the search field')
def step_impl(context):
    pass

@when(""the 'x' button is displayed at the end of the search field"")
def step_impl(context):
    pass

@when('the user clicks the ""x"" button')
def step_impl(context):
    pass

@then('the search field should be cleared')
def step_impl(context):
    pass"
332,[Ask AI Alpha] As a user I want to see/click on the 'Ask AI' button in Resources,"Gherkin:
Feature: AI Assist Button

Scenario: Display 'AI Assist' button when vector search is enabled
Given the vector search is enabled in MCP
When the user navigates to the Resources page
Then the 'AI Assist' button should be displayed to the right of the Search bar

Python:
from behave import given, when, then

@given('the vector search is enabled in MCP')
def step_impl(context):
    pass

@when('the user navigates to the Resources page')
def step_impl(context):
    pass

@then(""the 'AI Assist' button should be displayed to the right of the Search bar"")
def step_impl(context):
    pass"
333,"BP - (Misc) As a User, I want to Replace resources via Resource Lookup from Nav Panel","Gherkin:
Feature: Resource Replacement

Scenario: Replace resource via Resource Lookup from Nav Panel
Given the user is on the Page Builder with a selected resource
When the user clicks the ""Replace"" button in the Nav Panel
And selects another resource via Resource Lookup
Then the new resource should be displayed in the Page Builder

Python:
from behave import given, when, then

@given('the user is on the Page Builder with a selected resource')
def step_impl(context):
    pass

@when('the user clicks the ""Replace"" button in the Nav Panel')
def step_impl(context):
    pass

@when('selects another resource via Resource Lookup')
def step_impl(context):
    pass

@then('the new resource should be displayed in the Page Builder')
def step_impl(context):
    pass"
334,"PB - [1/4] As an Internal User, I want to have MCP(development use only) settings to enable/disable features per Epic for Drag & Drop Page MVP ","Gherkin:
Feature: MCP Settings

Scenario: Enable/Disable Smart Pages - Page Templates setting
Given the user is on the MCP settings page
When the user locates the ""Smart Pages - Page Templates (development use only)"" setting
And toggles the setting to ""enabled""
Then the setting should be saved as ""enabled""

Python:
from behave import given, when, then

@given('the user is on the MCP settings page')
def step_impl(context):
    pass

@when('the user locates the ""Smart Pages - Page Templates (development use only)"" setting')
def step_impl(context):
    pass

@when('toggles the setting to ""{state}""')
def step_impl(context, state):
    pass

@then('the setting should be saved as ""{state}""')
def step_impl(context, state):
    pass"
335,"PB - As a User, I want to create a Drag & Drop Page (as a standalone Page) from Nav","Gherkin:
Feature: Create Drag & Drop Page

Scenario: Create a Drag & Drop Page from Nav
Given the user is on the Page Builder under 'All Pages'
When the user clicks the creation button at the bottom
Or clicks the action button 'Page' from the kebab icon
Then a new Drag & Drop Page should be created as a standalone page

Python:
from behave import given, when, then

@given('the user is on the Page Builder under \'All Pages\'')
def step_impl(context):
    pass

@when('the user clicks the creation button at the bottom')
def step_impl(context):
    pass

@when('clicks the action button \'Page\' from the kebab icon')
def step_impl(context):
    pass

@then('a new Drag & Drop Page should be created as a standalone page')
def step_impl(context):
    pass"
336,"PB - As a User, I want to see a Smart Page  template popup after click on V2 create","Gherkin:
Feature: Smart Page Template Popup

Scenario: Display Smart Page template popup after clicking on V2 create
Given the user is on the V3 Page Builder
When the user clicks on ""Smart Page"" from the V2 Page creation popup
Then a Page Template popup should be displayed

Python:
from behave import given, when, then

@given('the user is on the V3 Page Builder')
def step_impl(context):
    pass

@when('the user clicks on ""Smart Page"" from the V2 Page creation popup')
def step_impl(context):
    pass

@then('a Page Template popup should be displayed')
def step_impl(context):
    pass"
337,"PB - As a User, I want to create an empty  Smart Page from the template popup","Gherkin:
Feature: Create Smart Page

Scenario: Create an empty Smart Page from the template popup
Given the user is on the template popup
When the user sees the button ""Start with a blank template""
And clicks on the button ""Start with a blank template""
Then the selected effect should be visible

Python:
from behave import given, when, then

@given('the user is on the template popup')
def step_impl(context):
    pass

@when('the user sees the button ""Start with a blank template""')
def step_impl(context):
    pass

@when('clicks on the button ""Start with a blank template""')
def step_impl(context):
    pass

@then('the selected effect should be visible')
def step_impl(context):
    pass"
338,"PB - As a User, I want to select a Template from Template popup","Gherkin:
Feature: Template Selection

Scenario: Select a template from the template popup
Given the user is on the template popup
When the user hovers over a template
Then the template should display a dotted border line
When the user clicks on a template
Then the template should be marked as selected

Python:
from behave import given, when, then

@given('the user is on the template popup')
def step_impl(context):
    pass

@when('the user hovers over a template')
def step_impl(context):
    pass

@then('the template should display a dotted border line')
def step_impl(context):
    pass

@when('the user clicks on a template')
def step_impl(context):
    pass

@then('the template should be marked as selected')
def step_impl(context):
    pass"
339,"PB - As a User, I want to see previews of Page templates as in thumbnails","Gherkin:
Feature: Page Template Previews

Scenario: View thumbnails of page templates
Given the user is on the page template popup
When the user views the available page templates
Then they should see thumbnails of the pre-defined page templates

Python:
from behave import given, when, then

@given('the user is on the page template popup')
def step_impl(context):
    pass

@when('the user views the available page templates')
def step_impl(context):
    pass

@then('they should see thumbnails of the pre-defined page templates')
def step_impl(context):
    pass"
340,"PB - As a User, I want to edit and save a Smart Page with template after it's loaded","Gherkin:
Feature: Edit and Save Smart Page

Scenario: Edit and save a Smart Page with a loaded template
Given the user has loaded a Smart Page with a template
When the user edits the Smart Page
And saves the changes
Then the Smart Page should be updated with the new content

Python:
from behave import given, when, then

@given('the user has loaded a Smart Page with a template')
def step_impl(context):
    pass

@when('the user edits the Smart Page')
def step_impl(context):
    pass

@when('saves the changes')
def step_impl(context):
    pass

@then('the Smart Page should be updated with the new content')
def step_impl(context):
    pass"
341,"PB - As a User, I want to apply/load a selected Smart Page template in Page Builder","Gherkin:
Feature: Smart Page Template Selection

Scenario: Load a selected Smart Page template in Page Builder
Given the user is on the template selection page
When the user clicks on a template
Then they should be redirected to the Page Builder
And the selected template should be loaded as an empty Smart Page

Python:
from behave import given, when, then

@given('the user is on the template selection page')
def step_impl(context):
    pass

@when('the user clicks on a template')
def step_impl(context):
    pass

@then('they should be redirected to the Page Builder')
def step_impl(context):
    pass

@then('the selected template should be loaded as an empty Smart Page')
def step_impl(context):
    pass"
342,"BP - (Misc) As a User, I want to see the Page Tree remain the same while switching Pages from Nav Panel","Gherkin:
Feature: Page Tree Consistency

Scenario: Page Tree remains the same while switching pages
Given the user is viewing or editing a page with an expanded Page Tree
When the user switches to another page from the Nav Panel
Then the Page Tree should remain the same with sub-pages displayed

Python:
from behave import given, when, then

@given('the user is viewing or editing a page with an expanded Page Tree')
def step_impl(context):
    pass

@when('the user switches to another page from the Nav Panel')
def step_impl(context):
    pass

@then('the Page Tree should remain the same with sub-pages displayed')
def step_impl(context):
    pass"
343,"As a User, I want to see unsuccessfully added Markup Comments","Gherkin:
Feature: Markup Comments

Scenario: View unsuccessfully added markup comments
Given the user is on the markup page
When the user attempts to add a markup comment
And the addition is unsuccessful
Then the user should see the unsuccessfully added markup comment

Python:
from behave import given, when, then

@given('the user is on the markup page')
def step_impl(context):
    pass

@when('the user attempts to add a markup comment')
def step_impl(context):
    pass

@when('the addition is unsuccessful')
def step_impl(context):
    pass

@then('the user should see the unsuccessfully added markup comment')
def step_impl(context):
    pass"
344,"PB - As a User, I want to create a D&D Page by copying another D&D Page's content","Gherkin:
Feature: D&D Page Copy

Scenario: Copy a D&D Page content
Given the user is on the Page Builder Navigation Panel
And the user sees the ""Copy"" action button for a page under 'All Pages' or a specific Page Category
When the user clicks the ""Copy"" action button for the page
Then a new standalone page is created below the original page under 'All Pages'
And the new page is populated with the copied page content
And the new page appears under the specific Page Category

Python:
from behave import given, when, then

@given('the user is on the Page Builder Navigation Panel')
def step_impl(context):
    pass

@given('the user sees the ""Copy"" action button for a page under \'All Pages\' or a specific Page Category')
def step_impl(context):
    pass

@when('the user clicks the ""Copy"" action button for the page')
def step_impl(context):
    pass

@then('a new standalone page is created below the original page under \'All Pages\'')
def step_impl(context):
    pass

@then('the new page is populated with the copied page content')
def step_impl(context):
    pass

@then('the new page appears under the specific Page Category')
def step_impl(context):
    pass"
345,"PB - (Misc) As a User, I want to further have an option to hide / unhide the download button for Images / Video","Gherkin:
Feature: Hide/Unhide Download Button

Scenario: Hide the download button for an image widget
Given the user is viewing an image widget with the download button visible
When the user clicks the hide button for the download option
Then the download button should be hidden

Scenario: Unhide the download button for an image widget
Given the user is viewing an image widget with the download button hidden
When the user clicks the unhide button for the download option
Then the download button should be visible

Scenario: Default state of the download button for a video widget
Given the user is viewing a video widget
Then the download button should be visible

Python:
from behave import given, when, then

@given('the user is viewing an image widget with the download button visible')
def step_impl(context):
    pass

@when('the user clicks the hide button for the download option')
def step_impl(context):
    pass

@then('the download button should be hidden')
def step_impl(context):
    pass

@given('the user is viewing an image widget with the download button hidden')
def step_impl(context):
    pass

@when('the user clicks the unhide button for the download option')
def step_impl(context):
    pass

@then('the download button should be visible')
def step_impl(context):
    pass

@given('the user is viewing a video widget')
def step_impl(context):
    pass

@then('the download button should be visible')
def step_impl(context):
    pass"
346,"PB - As a User, I want to configure both Block and Colour Palette Widget properties","Gherkin:
Feature: Configure Widget Properties

Scenario: Configure Block and Colour Palette Widget properties
Given the user is on the widget configuration page
When the user selects the ""Block"" widget settings
And selects the ""Colour Palette"" widget settings
Then the user should be able to configure the Colour property

Python:
from behave import given, when, then

@given('the user is on the widget configuration page')
def step_impl(context):
    pass

@when('the user selects the ""Block"" widget settings')
def step_impl(context):
    pass

@when('selects the ""Colour Palette"" widget settings')
def step_impl(context):
    pass

@then('the user should be able to configure the Colour property')
def step_impl(context):
    pass"
347,"PB - As a User, I want to add Widgets directly to a Section","Gherkin:
Feature: Page Builder

Scenario: Add Widgets to a Section
Given the user is in Page Builder on Create/Edit mode
When the user drags a Widget from Nav
And drops it into a Section
Then the Section should contain the Widget

Python:
from behave import given, when, then

@given('the user is in Page Builder on Create/Edit mode')
def step_impl(context):
    pass

@when('the user drags a Widget from Nav')
def step_impl(context):
    pass

@when('drops it into a Section')
def step_impl(context):
    pass

@then('the Section should contain the Widget')
def step_impl(context):
    pass"
348,"PB - As a User, I want to add a new Widget ""Spacer""","Gherkin:
Feature: Add New Widget

Scenario: Add and drag a new Widget ""Spacer""
Given the user is on the section page
When the user sees the widget ""Spacer"" in the navigation
And drags the widget ""Spacer"" to the section
Then the widget ""Spacer"" should be added to the section

Python:
from behave import given, when, then

@given('the user is on the section page')
def step_impl(context):
    pass

@when('the user sees the widget ""{widget_name}"" in the navigation')
def step_impl(context, widget_name):
    pass

@when('drags the widget ""{widget_name}"" to the section')
def step_impl(context, widget_name):
    pass

@then('the widget ""{widget_name}"" should be added to the section')
def step_impl(context, widget_name):
    pass"
349,"PB - As a User, I want to delete a Widget with the underlying Block","Gherkin:
Feature: Widget Deletion

Scenario: Delete a Widget with its underlying Block
Given the user is on the widget management page
When the user selects a widget to delete
And confirms the deletion
Then the widget and its underlying block should be removed
And the undo and redo options should be available
And the unsaved changes trigger should be activated

Python:
from behave import given, when, then

@given('the user is on the widget management page')
def step_impl(context):
    pass

@when('the user selects a widget to delete')
def step_impl(context):
    pass

@when('confirms the deletion')
def step_impl(context):
    pass

@then('the widget and its underlying block should be removed')
def step_impl(context):
    pass

@then('the undo and redo options should be available')
def step_impl(context):
    pass

@then('the unsaved changes trigger should be activated')
def step_impl(context):
    pass"
350,"PB - As a User, I want to have Text Box Widget toolbar as a whole for the combo of Block & Widget","Gherkin:
Feature: Text Box Widget Toolbar

Scenario: Highlight bounding box for Text Box Widget and Block
Given the user has selected a Text Box Widget and Block
When the bounding box is displayed
Then it should be highlighted as the old Block's bounding box

Scenario: Display text box toolbar with Up arrow
Given the user has selected a Text Box Widget and Block
When the bounding box is displayed
Then the text box toolbar with Up arrow should be visible

Python:
from behave import given, when, then

@given('the user has selected a Text Box Widget and Block')
def step_impl(context):
    pass

@when('the bounding box is displayed')
def step_impl(context):
    pass

@then('it should be highlighted as the old Block\'s bounding box')
def step_impl(context):
    pass

@then('the text box toolbar with Up arrow should be visible')
def step_impl(context):
    pass"
351,"PB - As a User, I want to only select & see the combo of Widget and Block (bounding box experience) in Page Builder","Gherkin:
Feature: Page Builder Widget and Block Selection

Scenario: Select and highlight Widget and Block combo
Given the user is on the Page Builder
When the user selects a Widget and Block combo
Then the bounding box should be highlighted as the old Block's bounding box

Scenario: Navigate up to the Section
Given the user has selected a Widget and Block combo
When the user navigates up
Then the user should be taken back to the Section

Python:
from behave import given, when, then

@given('the user is on the Page Builder')
def step_impl(context):
    pass

@when('the user selects a Widget and Block combo')
def step_impl(context):
    pass

@then('the bounding box should be highlighted as the old Block\'s bounding box')
def step_impl(context):
    pass

@given('the user has selected a Widget and Block combo')
def step_impl(context):
    pass

@when('the user navigates up')
def step_impl(context):
    pass

@then('the user should be taken back to the Section')
def step_impl(context):
    pass"
352,"PB - As a User, I want to undo & redo actions for the combo of Widget & Block","Gherkin:
Feature: Undo and Redo Actions

Scenario: Undo adding a Widget with Block to the page
Given the user has added a Widget with Block to the page
When the user performs an undo action
Then the Widget with Block should be removed from the page

Scenario: Redo adding a Widget with Block to the page
Given the user has undone adding a Widget with Block to the page
When the user performs a redo action
Then the Widget with Block should be added back to the page

Scenario: Undo removing a Widget with Block from the page
Given the user has removed a Widget with Block from the page
When the user performs an undo action
Then the Widget with Block should be restored to the page

Scenario: Redo removing a Widget with Block from the page
Given the user has undone removing a Widget with Block from the page
When the user performs a redo action
Then the Widget with Block should be removed again from the page

Scenario: Undo moving a Widget with Block on the page
Given the user has moved a Widget with Block on the page
When the user performs an undo action
Then the Widget with Block should return to its original position

Scenario: Redo moving a Widget with Block on the page
Given the user has undone moving a Widget with Block on the page
When the user performs a redo action
Then the Widget with Block should move to the new position again

Python:
from behave import given, when, then

@given('the user has added a Widget with Block to the page')
def step_impl(context):
    pass

@when('the user performs an undo action')
def step_impl(context):
    pass

@then('the Widget with Block should be removed from the page')
def step_impl(context):
    pass

@given('the user has undone adding a Widget with Block to the page')
def step_impl(context):
    pass

@when('the user performs a redo action')
def step_impl(context):
    pass

@then('the Widget with Block should be added back to the page')
def step_impl(context):
    pass

@given('the user has removed a Widget with Block from the page')
def step_impl(context):
    pass

@then('the Widget with Block should be restored to the page')
def step_impl(context):
    pass

@given('the user has undone removing a Widget with Block from the page')
def step_impl(context):
    pass

@then('the Widget with Block should be removed again from the page')
def step_impl(context):
    pass

@given('the user has moved a Widget with Block on the page')
def step_impl(context):
    pass

@then('the Widget with Block should return to its original position')
def step_impl(context):
    pass

@given('the user has undone moving a Widget with Block on the page')
def step_impl(context):
    pass

@then('the Widget with Block should move to the new position again')
def step_impl(context):
    pass"
353,"PB - As a User, I want to see a new landing page","Gherkin:
Feature: Landing Page

Scenario: View new landing page with empty sections
Given the user is on the new landing page
Then the page should display empty sections with no blocks

Python:
from behave import given, then

@given('the user is on the new landing page')
def step_impl(context):
    pass

@then('the page should display empty sections with no blocks')
def step_impl(context):
    pass"
354,[QW 1/5] Requester Re-assign: MCP Setting for new updates,"Gherkin:
Feature: MCP Setting for Requester Re-assign

Scenario: Add new setting under Development Use Only
Given the user is in the MCP Development Use Only section
When the user adds a new setting ""Approvals - Approvals List (V3) - Requester Reassign""
Then the setting should be listed under other Approvals options

Python:
from behave import given, when, then

@given('the user is in the MCP Development Use Only section')
def step_impl(context):
    pass

@when('the user adds a new setting ""{setting_name}""')
def step_impl(context, setting_name):
    pass

@then('the setting should be listed under other Approvals options')
def step_impl(context):
    pass"
355,"PB - As a User, I want to report Resource Download (Preview) action in Usage Reporting for Custom Page Module","Gherkin:
Feature: Resource Download Reporting

Scenario: Report resource download action for preview type
Given the user is on a custom page module
When the user downloads a resource with preview type ""Good""
Then the action should be reported in the usage reporting system

Python:
from behave import given, when, then

@given('the user is on a custom page module')
def step_impl(context):
    pass

@when('the user downloads a resource with preview type ""{preview_type}""')
def step_impl(context, preview_type):
    pass

@then('the action should be reported in the usage reporting system')
def step_impl(context):
    pass"
356,"PB - As a User, I want to report on Resource downloaded (Preview) separately than added in Smart Page for Resource Module (Usage)","Gherkin:
Feature: Resource Usage Reporting

Scenario: Track resource download action in Smart Pages
Given the user is on the Smart Page with a previously uploaded Resource
When the user performs a Resource Lookup for a ""Good"" quality Resource
And downloads the Resource
Then the Resource usage report should reflect the download action separately

Python:
from behave import given, when, then

@given('the user is on the Smart Page with a previously uploaded Resource')
def step_impl(context):
    pass

@when('the user performs a Resource Lookup for a ""{quality}"" quality Resource')
def step_impl(context, quality):
    pass

@when('downloads the Resource')
def step_impl(context):
    pass

@then('the Resource usage report should reflect the download action separately')
def step_impl(context):
    pass"
357,"Related (V3) - Permission Handling, Updates, and other core existing logic (F.E.) - [1 of 4: Resource Permissions]","Gherkin:
Feature: Resource Permissions

Scenario: Update permission logic for V3 Related functionality
Given the user is using the V3 Related functionality
When the user accesses a resource with updated permission logic
Then the originally intended logic should be restored

Python:
from behave import given, when, then

@given('the user is using the V3 Related functionality')
def step_impl(context):
    pass

@when('the user accesses a resource with updated permission logic')
def step_impl(context):
    pass

@then('the originally intended logic should be restored')
def step_impl(context):
    pass"
358,Related (V3) - As a user I want to open View Related Items for Folder/Record/Databases (New Page ticket). [Design Ticket #3],"Gherkin:
Feature: View Related Items

Scenario: Open View Related Items page for a non-Resource item
Given the user is on the main page
When the user selects the Action or Icon for a non-Resource item ""Folder""
Then the View Related page should open with the title ""Related - Folder""

Python:
from behave import given, when, then

@given('the user is on the main page')
def step_impl(context):
    pass

@when('the user selects the Action or Icon for a non-Resource item ""{item_type}""')
def step_impl(context, item_type):
    pass

@then('the View Related page should open with the title ""Related - {item_type}""')
def step_impl(context, item_type):
    pass"
359,Related (V3) - As a user I want to open View Related Items for Resources (in existing Info Page). [Design Ticket #2],"Gherkin:
Feature: View Related Items

Scenario: Open View Related Items tab for a Resource
Given the user is on the Info Preview page for a Resource
When the user selects the ""View Related"" tab
Then the ""View Related"" screen should be displayed as a tab in Info Preview
And the 'x' icon and other existing elements should behave the same as other tabs

Python:
from behave import given, when, then

@given('the user is on the Info Preview page for a Resource')
def step_impl(context):
    pass

@when('the user selects the ""View Related"" tab')
def step_impl(context):
    pass

@then('the ""View Related"" screen should be displayed as a tab in Info Preview')
def step_impl(context):
    pass

@then('the \'x\' icon and other existing elements should behave the same as other tabs')
def step_impl(context):
    pass"
360,"Related (V3) -  As a user I want to ""Add Related Items"" (Core New Overlay) [Design Ticket #1A: Overall Page UI + Resource Tab]","Gherkin:
Feature: Add Related Items Overlay

Scenario: Open Add Related Items overlay
Given the user is on the 'View' related pages
When the user selects 'Add items'
Then the overlay should open with the header ""Add Related Items: {{itemname}}""

Python:
from behave import given, when, then

@given('the user is on the \'View\' related pages')
def step_impl(context):
    pass

@when('the user selects \'Add items\'')
def step_impl(context):
    pass

@then('the overlay should open with the header ""Add Related Items: {{itemname}}""')
def step_impl(context):
    pass"
361,Related (V3) - Development MCP Setting,"Gherkin:
Feature: MCP Development Setting

Scenario: Add new setting under Development Use Only
Given the user is on the MCP Settings page
When the user navigates to the Development Use Only section
And adds a new setting ""EnableFeatureX""
Then the setting ""EnableFeatureX"" should be visible under Development Use Only

Python:
from behave import given, when, then

@given('the user is on the MCP Settings page')
def step_impl(context):
    pass

@when('the user navigates to the Development Use Only section')
def step_impl(context):
    pass

@when('adds a new setting ""{setting_name}""')
def step_impl(context, setting_name):
    pass

@then('the setting ""{setting_name}"" should be visible under Development Use Only')
def step_impl(context, setting_name):
    pass"
362,"Rename ""Simple"" Page to ""Smart"" Page","Gherkin:
Feature: Rename Page

Scenario: Rename ""Simple"" Page to ""Smart"" Page
Given the user is on the V2 Index List
When the user navigates to ""Add a Page""
Then the page title should be updated to ""Smart Page""

Python:
from behave import given, when, then

@given('the user is on the V2 Index List')
def step_impl(context):
    pass

@when('the user navigates to ""Add a Page""')
def step_impl(context):
    pass

@then('the page title should be updated to ""Smart Page""')
def step_impl(context):
    pass"
363,"PB - (FE components) As a User, I want to move a sub page to become a standalone Simple Page (Parent)","Gherkin:
Feature: Page Management

Scenario: Move sub-page to standalone page
Given the user is in editing mode in Page Builder
And the user is viewing the Navigation Panel
When the user drags a sub-page ""SubPage1"" to become a standalone page
Then ""SubPage1"" should not contain any sub-pages
And the Navigation Panel should show the updated page hierarchy

Python:
from behave import given, when, then

@given('the user is in editing mode in Page Builder')
def step_impl(context):
    pass

@given('the user is viewing the Navigation Panel')
def step_impl(context):
    pass

@when('the user drags a sub-page ""{sub_page}"" to become a standalone page')
def step_impl(context, sub_page):
    pass

@then('""{sub_page}"" should not contain any sub-pages')
def step_impl(context, sub_page):
    pass

@then('the Navigation Panel should show the updated page hierarchy')
def step_impl(context):
    pass"
364,Guest Upload MVP: Send success / confirmation email receipt to public user ,"Gherkin:
Feature: Guest Upload Confirmation Email

Scenario: Send success email after public record submission
Given the user has successfully submitted their public record
When the system processes the submission
Then a success email should be sent to the user's email address

Python:
from behave import given, when, then

@given('the user has successfully submitted their public record')
def step_impl(context):
    pass

@when('the system processes the submission')
def step_impl(context):
    pass

@then('a success email should be sent to the user\'s email address')
def step_impl(context):
    pass"
365,Guest Upload MVP: Skip/Bypass Record Workflow handling for Public User/First Stage of Database,"Gherkin:
Feature: Guest Upload

Scenario: Bypass workflow for public user
Given a public user is on the record submission page
When the public user submits a record to the database
Then the workflow should be bypassed
And the record should be submitted directly

Python:
from behave import given, when, then

@given('a public user is on the record submission page')
def step_impl(context):
    pass

@when('the public user submits a record to the database')
def step_impl(context):
    pass

@then('the workflow should be bypassed')
def step_impl(context):
    pass

@then('the record should be submitted directly')
def step_impl(context):
    pass"
366,Guest Upload MVP: Updated success message,"Gherkin:
Feature: Guest Upload

Scenario: Display updated success message after record submission
Given the guest has submitted a record
When the submission is successful
Then a new tick icon should display
And the main text should be ""Your Record has been submitted""

Python:
from behave import given, when, then

@given('the guest has submitted a record')
def step_impl(context):
    pass

@when('the submission is successful')
def step_impl(context):
    pass

@then('a new tick icon should display')
def step_impl(context):
    pass

@then('the main text should be ""Your Record has been submitted""')
def step_impl(context):
    pass"
367,"Grouped Email Updates [existing designs]: Same Template Cross Folder Handling (different reviewers for different folders, but same template)","Gherkin:
Feature: Grouped Email Updates

Scenario: Handle cross folder bulk edit with same template but different reviewers
Given resources from different folders with the same workflow template
And each folder has different reviewers configured
When a cross folder bulk edit is performed
Then the system should handle the update using the same template
And notify the correct reviewers for each folder

Python:
from behave import given, when, then

@given('resources from different folders with the same workflow template')
def step_impl(context):
    pass

@given('each folder has different reviewers configured')
def step_impl(context):
    pass

@when('a cross folder bulk edit is performed')
def step_impl(context):
    pass

@then('the system should handle the update using the same template')
def step_impl(context):
    pass

@then('notify the correct reviewers for each folder')
def step_impl(context):
    pass"
368,Grouped Notifications: Record File/Resource Publish - Add options for users to continue to receive individual emails as well as Grouped ones (Core use case),"Gherkin:
Feature: Grouped Notifications

Scenario: User selects grouped notifications for Record File and Resource Publish
Given the user is on the notification settings page
When the user selects ""Enable Grouped Requests"" for Record File and Resource Publish
And sets ""User Notifications"" to ""Select""
Then the user should have the option to receive individual and grouped emails

Python:
from behave import given, when, then

@given('the user is on the notification settings page')
def step_impl(context):
    pass

@when('the user selects ""Enable Grouped Requests"" for Record File and Resource Publish')
def step_impl(context):
    pass

@when('sets ""User Notifications"" to ""Select""')
def step_impl(context):
    pass

@then('the user should have the option to receive individual and grouped emails')
def step_impl(context):
    pass"
369,[X-Template] Bulk Approvals - Select logic: Admin Level Setting for Cross-Template Handling (setting - logic in 41483),"Gherkin:
Feature: Bulk Approvals

Scenario: Select multiple requests for bulk approval
Given the admin is on the Approval List page
And multiple templates have ""Enable Bulk Reviewing"" enabled
When the admin selects one request
Then other requests from enabled templates should be automatically selected

Python:
from behave import given, when, then

@given('the admin is on the Approval List page')
def step_impl(context):
    pass

@given('multiple templates have ""Enable Bulk Reviewing"" enabled')
def step_impl(context):
    pass

@when('the admin selects one request')
def step_impl(context):
    pass

@then('other requests from enabled templates should be automatically selected')
def step_impl(context):
    pass"
370,Grouped Resource Publish/Record File - Future Stage Handling for Reviewer Grouped Request Email consolidation,"Gherkin:
Feature: Template UI Change for Staged Workflows

Scenario: Handle Staged Record File and Resource Publish Workflows
Given the admin is on the Template UI page
When the admin selects ""Record File"" or ""Resource Publish"" workflow
And sets the workflow as ""Staged"" during creation
Then the template should be marked as ""Staged""

Python:
from behave import given, when, then

@given('the admin is on the Template UI page')
def step_impl(context):
    pass

@when('the admin selects ""{workflow_type}"" workflow')
def step_impl(context, workflow_type):
    pass

@when('sets the workflow as ""Staged"" during creation')
def step_impl(context):
    pass

@then('the template should be marked as ""Staged""')
def step_impl(context):
    pass"
371,Staged Request 'Reviewer' data+component handling in Grouped Tab of Approvals List,"Gherkin:
Feature: Reviewer Data Handling in Grouped Tab

Scenario: Display all reviewers for staged requests
Given the user is on the Grouped Tab of the Approvals List
When the user views the Reviewers component for staged requests
Then all reviewers across all stages for all requests should be listed
And each reviewer should have their corresponding stage displayed

Python:
from behave import given, when, then

@given('the user is on the Grouped Tab of the Approvals List')
def step_impl(context):
    pass

@when('the user views the Reviewers component for staged requests')
def step_impl(context):
    pass

@then('all reviewers across all stages for all requests should be listed')
def step_impl(context):
    pass

@then('each reviewer should have their corresponding stage displayed')
def step_impl(context):
    pass"
372,"PB - As a User, I want to re-order pages within the same parent/root via Nav - FE integration","Gherkin:
Feature: Re-order Pages

Scenario: Re-order pages via drag-and-drop
Given the user is editing the navigation panel
When the user drags and drops a page to a new position
Then the page should be moved to the new position
And any sub-pages should move with the page
And the sub-pages should be collapsed under the page

Python:
from behave import given, when, then

@given('the user is editing the navigation panel')
def step_impl(context):
    pass

@when('the user drags and drops a page to a new position')
def step_impl(context):
    pass

@then('the page should be moved to the new position')
def step_impl(context):
    pass

@then('any sub-pages should move with the page')
def step_impl(context):
    pass

@then('the sub-pages should be collapsed under the page')
def step_impl(context):
    pass"
373,"PB - As a User, I want to delete pages via Nav - BE","Gherkin:
Feature: Page Deletion

Scenario: Delete a page via navigation
Given the user is on the navigation menu
When the user clicks on the settings button of a page
And clicks on ""Delete""
Then a deletion popup should appear
When the user clicks ""Yes"" on the popup
Then the page should be deleted

Python:
from behave import given, when, then

@given('the user is on the navigation menu')
def step_impl(context):
    pass

@when('the user clicks on the settings button of a page')
def step_impl(context):
    pass

@when('clicks on ""Delete""')
def step_impl(context):
    pass

@then('a deletion popup should appear')
def step_impl(context):
    pass

@when('the user clicks ""Yes"" on the popup')
def step_impl(context):
    pass

@then('the page should be deleted')
def step_impl(context):
    pass"
374,"PB - As a User, I want to re-order pages within the same parent via Nav - BE","Gherkin:
Feature: Re-order Pages

Scenario: Re-order pages via drag-and-drop
Given the user is editing the navigation panel
When the user drags and drops a page to a new position
Then the page should be moved to the new position
And any sub-pages should move with the page
And sub-pages should be collapsed under the page

Scenario: Re-order sub-pages within the same parent
Given the user is editing the navigation panel
And the page has sub-pages
When the user drags and drops a sub-page to a new position within the same parent
Then the sub-page should be moved to the new position

Python:
from behave import given, when, then

@given('the user is editing the navigation panel')
def step_impl(context):
    pass

@when('the user drags and drops a page to a new position')
def step_impl(context):
    pass

@then('the page should be moved to the new position')
def step_impl(context):
    pass

@then('any sub-pages should move with the page')
def step_impl(context):
    pass

@then('sub-pages should be collapsed under the page')
def step_impl(context):
    pass

@given('the page has sub-pages')
def step_impl(context):
    pass

@when('the user drags and drops a sub-page to a new position within the same parent')
def step_impl(context):
    pass

@then('the sub-page should be moved to the new position')
def step_impl(context):
    pass"
375,MCP setting for new Grouped Approval types,"Gherkin:
Feature: MCP Setting for Grouped Approval Types

Scenario: Verify new MCP setting for Grouped Approvals
Given the user is on the MCP settings page
When the user navigates to the ""Development Use Only"" section
And locates the setting ""Approvals - Approvals List (V3) - Grouped Approvals - Record File & Resource Publish (development use only)""
Then the setting should be visible and correctly listed

Python:
from behave import given, when, then

@given('the user is on the MCP settings page')
def step_impl(context):
    pass

@when('the user navigates to the ""Development Use Only"" section')
def step_impl(context):
    pass

@when('locates the setting ""Approvals - Approvals List (V3) - Grouped Approvals - Record File & Resource Publish (development use only)""')
def step_impl(context):
    pass

@then('the setting should be visible and correctly listed')
def step_impl(context):
    pass"
376,As a user I can enable Grouped Requests in New/Existing Workflow for Resource Publish Template setting,"Gherkin:
Feature: Enable Grouped Requests in Workflow

Scenario: Enable Grouped Requests for Resource Publish Template
Given the user is on the Admin Workflow settings page
When the MCP development setting form is enabled
Then a new setting for Grouped Requests should be added to the Resource Publish Workflow Templates

Python:
from behave import given, when, then

@given('the user is on the Admin Workflow settings page')
def step_impl(context):
    pass

@when('the MCP development setting form is enabled')
def step_impl(context):
    pass

@then('a new setting for Grouped Requests should be added to the Resource Publish Workflow Templates')
def step_impl(context):
    pass"
377,As a user I can enable Grouped Requests in New/Existing Workflow Template setting for Record File Approvals,"Gherkin:
Feature: Enable Grouped Requests

Scenario: Enable Grouped Requests in Workflow Template
Given the MCP development setting form is enabled
When the user navigates to Admin > Workflow location
And the user selects a Record File Approval Template
And the user enables the setting ""Enable Grouped Requests""
Then the tooltip should display ""If enabled, multiple Requests that are successfully made at the same time via the Bulk Request action will be Grouped together. Grouped requests can be reviewed together in the Grouped Tab in the {{Workflows}} List, as well as individually.""

Python:
from behave import given, when, then

@given('the MCP development setting form is enabled')
def step_impl(context):
    pass

@when('the user navigates to Admin > Workflow location')
def step_impl(context):
    pass

@when('the user selects a Record File Approval Template')
def step_impl(context):
    pass

@when('the user enables the setting ""Enable Grouped Requests""')
def step_impl(context):
    pass

@then('the tooltip should display ""If enabled, multiple Requests that are successfully made at the same time via the Bulk Request action will be Grouped together. Grouped requests can be reviewed together in the Grouped Tab in the {{Workflows}} List, as well as individually.""')
def step_impl(context):
    pass"
378,"PB - As a User, I want the status of  Resource added via Resource Lookup to be linked with Resource module - unsupported resource type scenario","Gherkin:
Feature: Resource Linking

Scenario: Link unsupported resource type
Given the user is on the Resource Lookup page
When the user adds an unsupported resource type
Then the resource should not be linked to the Resource module

Python:
from behave import given, when, then

@given('the user is on the Resource Lookup page')
def step_impl(context):
    pass

@when('the user adds an unsupported resource type')
def step_impl(context):
    pass

@then('the resource should not be linked to the Resource module')
def step_impl(context):
    pass"
379,"PB - As a User, I want to be able to download the resources added to the page, if I have permission to do so - Video widget","Gherkin:
Feature: Download Video Resource

Scenario: Download video resource with permission
Given the user is on the Simple Page
And the user has permission to download resources
When the user hovers over the Video Widget
Then the download button should be visible

Python:
from behave import given, when, then

@given('the user is on the Simple Page')
def step_impl(context):
    pass

@given('the user has permission to download resources')
def step_impl(context):
    pass

@when('the user hovers over the Video Widget')
def step_impl(context):
    pass

@then('the download button should be visible')
def step_impl(context):
    pass"
380,Guest Upload MVP: Hide Lookup Fields to Public Users,"Gherkin:
Feature: Hide Lookup Fields for Public Users

Scenario: Hide lookup fields for public users
Given the user is a public user
When the user views a page with lookup fields
Then the lookup fields should not be displayed
And mandatory requirements for these fields should be skipped

Python:
from behave import given, when, then

@given('the user is a public user')
def step_impl(context):
    pass

@when('the user views a page with lookup fields')
def step_impl(context):
    pass

@then('the lookup fields should not be displayed')
def step_impl(context):
    pass

@then('mandatory requirements for these fields should be skipped')
def step_impl(context):
    pass"
381,[QW 4/5] Requester Re-assign: Load group users(expand group > users) from workflow config - (v2 component approach),"Gherkin:
Feature: Requester Re-assign

Scenario: Load group users for re-assignment
Given the requester is on the V2 Approvals List
When the requester attempts to re-assign a request
Then the group users should be loaded from the workflow config
And the requester should not be able to re-assign unless they are a Workflow or Main Admin

Python:
from behave import given, when, then

@given('the requester is on the V2 Approvals List')
def step_impl(context):
    pass

@when('the requester attempts to re-assign a request')
def step_impl(context):
    pass

@then('the group users should be loaded from the workflow config')
def step_impl(context):
    pass

@then('the requester should not be able to re-assign unless they are a Workflow or Main Admin')
def step_impl(context):
    pass"
382,Guest Upload MVP: Hide Close/Cancel/databaseName/etc for public users,"Gherkin:
Feature: Guest Upload MVP

Scenario: Hide elements for public users creating a public record
Given the user is a Public user
When the user is creating a public record
Then the page header should display ""Create {{Record}}""
And the 'x' close icon should be hidden

Python:
from behave import given, when, then

@given('the user is a Public user')
def step_impl(context):
    pass

@when('the user is creating a public record')
def step_impl(context):
    pass

@then('the page header should display ""Create {{Record}}""')
def step_impl(context):
    pass

@then('the \'x\' close icon should be hidden')
def step_impl(context):
    pass"
383,"PB - As a User, I want to move a sub page to become a standalone Smart Page (Parent)","Gherkin:
Feature: Page Management

Scenario: Move sub-page to standalone Smart Page
Given the user is in editing mode in Page Builder
And the user sees the sub-page in the Navigation Panel
When the user drags the sub-page to become a standalone page
Then the sub-page should no longer have any sub-pages
And the Navigation Panel should reflect the updated page hierarchy
And the page list should be ordered by Last Updated

Python:
from behave import given, when, then

@given('the user is in editing mode in Page Builder')
def step_impl(context):
    pass

@given('the user sees the sub-page in the Navigation Panel')
def step_impl(context):
    pass

@when('the user drags the sub-page to become a standalone page')
def step_impl(context):
    pass

@then('the sub-page should no longer have any sub-pages')
def step_impl(context):
    pass

@then('the Navigation Panel should reflect the updated page hierarchy')
def step_impl(context):
    pass

@then('the page list should be ordered by Last Updated')
def step_impl(context):
    pass"
384,"PB - As a User, I want to move a page (sub-page or root-page) to a become a sub page via drag-drop","Gherkin:
Feature: Page Movement via Drag-and-Drop

Scenario: Move a sub-page to become a sub-page of another root page
Given the user is in editing mode in Page Builder
And the user has a sub-page ""SubPage1"" under root page ""RootPage1""
When the user drags ""SubPage1"" to ""RootPage2""
Then ""SubPage1"" should become a sub-page of ""RootPage2""

Scenario: Move a root page to become a sub-page of another root page
Given the user is in editing mode in Page Builder
And the user has a root page ""RootPage1""
When the user drags ""RootPage1"" to ""RootPage2""
Then ""RootPage1"" should become a sub-page of ""RootPage2""

Python:
from behave import given, when, then

@given('the user is in editing mode in Page Builder')
def step_impl(context):
    pass

@given('the user has a sub-page ""{sub_page}"" under root page ""{root_page}""')
def step_impl(context, sub_page, root_page):
    pass

@given('the user has a root page ""{root_page}""')
def step_impl(context, root_page):
    pass

@when('the user drags ""{page}"" to ""{target_root_page}""')
def step_impl(context, page, target_root_page):
    pass

@then('""{page}"" should become a sub-page of ""{target_root_page}""')
def step_impl(context, page, target_root_page):
    pass"
385,"PB - As a User, I want to re-order pages within the same parent/root via Nav - FE UI component","Gherkin:
Feature: Re-order Pages

Scenario: Re-order pages via drag-and-drop
Given the user is editing the navigation panel
And the user has a page with sub-pages
When the user drags and drops the page to a new position
Then the page and its sub-pages should be moved together
And the sub-pages should be collapsed under the page

Python:
from behave import given, when, then

@given('the user is editing the navigation panel')
def step_impl(context):
    pass

@given('the user has a page with sub-pages')
def step_impl(context):
    pass

@when('the user drags and drops the page to a new position')
def step_impl(context):
    pass

@then('the page and its sub-pages should be moved together')
def step_impl(context):
    pass

@then('the sub-pages should be collapsed under the page')
def step_impl(context):
    pass"
386,"PB - As a User, I want the status of  Resource added via Resource Lookup to be linked with Resource module - resource deleted scenario","Gherkin:
Feature: Resource Status Linking

Scenario: Link status of Image resource added via Resource Lookup
Given the user is on the Page Builder
When the user adds an Image resource via Resource Lookup
Then the status should be linked with the Image Widget

Scenario: Link status of Video resource added via Resource Lookup
Given the user is on the Page Builder
When the user adds a Video resource via Resource Lookup
Then the status should be linked with the Video Widget

Python:
from behave import given, when, then

@given('the user is on the Page Builder')
def step_impl(context):
    pass

@when('the user adds an Image resource via Resource Lookup')
def step_impl(context):
    pass

@then('the status should be linked with the Image Widget')
def step_impl(context):
    pass

@when('the user adds a Video resource via Resource Lookup')
def step_impl(context):
    pass

@then('the status should be linked with the Video Widget')
def step_impl(context):
    pass"
387,"PB - As a User, I want to be able to download the resources added to the page, if I have permission to do so - Image widget","Gherkin:
Feature: Download Resources

Scenario: Download image resource with permission
Given the user is on the Simple Page
And the user has permission to download resources
When the user hovers over the Image Widget
Then the download button should be visible

Python:
from behave import given, when, then

@given('the user is on the Simple Page')
def step_impl(context):
    pass

@given('the user has permission to download resources')
def step_impl(context):
    pass

@when('the user hovers over the Image Widget')
def step_impl(context):
    pass

@then('the download button should be visible')
def step_impl(context):
    pass"
388,"PB - As a User, I want the status of  Resource added via Resource Lookup to be linked with Resource module - resource permission lost scenario","Gherkin:
Feature: Resource Permission

Scenario: Display permission lost icon when user lacks resource permission
Given the user is viewing a page with resources
When the user has no permission on a specific resource
Then a permission lost icon should be displayed in the middle of the page
And a tooltip should appear when hovering over the permission lost icon

Python:
from behave import given, when, then

@given('the user is viewing a page with resources')
def step_impl(context):
    pass

@when('the user has no permission on a specific resource')
def step_impl(context):
    pass

@then('a permission lost icon should be displayed in the middle of the page')
def step_impl(context):
    pass

@then('a tooltip should appear when hovering over the permission lost icon')
def step_impl(context):
    pass"
389,"PB - As an internal User, I want to set Page limits via MCP settings","Gherkin:
Feature: MCP Page Limits

Scenario: Set page limits via MCP settings
Given the user is on the MCP control panel
When the user navigates to the settings for client sites
And sets the page limit to ""50""
Then the page limit should be updated to ""50"" for the client sites

Python:
from behave import given, when, then

@given('the user is on the MCP control panel')
def step_impl(context):
    pass

@when('the user navigates to the settings for client sites')
def step_impl(context):
    pass

@when('sets the page limit to ""{limit}""')
def step_impl(context, limit):
    pass

@then('the page limit should be updated to ""{limit}"" for the client sites')
def step_impl(context, limit):
    pass"
390,"[Bulk/Grouped] As a user, I cannot click Submit on single level unless I am on Response tab","Gherkin:
Feature: Submit Button Accessibility

Scenario: Submit button is disabled on Markup or Versions/Revisions tabs
Given the user accesses single view from the bulk review list
When the user clicks on the ""Markup"" tab
Then the ""Submit & Next"" button should be disabled

Scenario: Submit button is disabled on Versions/Revisions tab
Given the user accesses single view from the bulk review list
When the user clicks on the ""Versions/Revisions"" tab
Then the ""Submit & Next"" button should be disabled

Python:
from behave import given, when, then

@given('the user accesses single view from the bulk review list')
def step_impl(context):
    pass

@when('the user clicks on the ""{tab_name}"" tab')
def step_impl(context, tab_name):
    pass

@then('the ""Submit & Next"" button should be disabled')
def step_impl(context):
    pass"
391,[QW] Re-assign [Reporting]: Save & Display UUID of user who re-assigns,"Gherkin:
Feature: Re-assign Tracking

Scenario: Save and display UUID of user who re-assigns
Given a user is on the module page with an item
When the user re-assigns the item
Then the UUID of the user should be saved
And the UUID should be displayed in the re-assign history

Python:
from behave import given, when, then

@given('a user is on the module page with an item')
def step_impl(context):
    pass

@when('the user re-assigns the item')
def step_impl(context):
    pass

@then('the UUID of the user should be saved')
def step_impl(context):
    pass

@then('the UUID should be displayed in the re-assign history')
def step_impl(context):
    pass"
392,"[QW 3/5] Requester Re-assign: Load users (user list, load all users) from workflow config - (v2 component approach)","Gherkin:
Feature: Requester Re-assign

Scenario: Load users excluding V2 Approval List
Given the user is on the re-assign page
When the user loads the user list from the workflow config
Then the list should exclude users from the V2 Approval List
And only Workflow or Main Admins can be assigned requests

Python:
from behave import given, when, then

@given('the user is on the re-assign page')
def step_impl(context):
    pass

@when('the user loads the user list from the workflow config')
def step_impl(context):
    pass

@then('the list should exclude users from the V2 Approval List')
def step_impl(context):
    pass

@then('only Workflow or Main Admins can be assigned requests')
def step_impl(context):
    pass"
393,[Bulk SBT] As a user when I toggle next I want the tab to stay engaged (ie. Markup or Response) ,"Gherkin:
Feature: Bulk Review Tab Persistence

Scenario: Tab persistence when toggling to the next request
Given the user is on the Bulk review page
And opens an individual request
When the user selects the ""Markup"" tab
And clicks the ""Next"" toggle
Then the next request should open with the ""Markup"" tab engaged

Scenario: Default tab when returning to the list
Given the user is on the Bulk review page
And opens an individual request
When the user returns to the list
And clicks into another item
Then the request should open with the ""Response"" tab by default

Python:
from behave import given, when, then

@given('the user is on the Bulk review page')
def step_impl(context):
    pass

@given('opens an individual request')
def step_impl(context):
    pass

@when('the user selects the ""{tab_name}"" tab')
def step_impl(context, tab_name):
    pass

@when('clicks the ""Next"" toggle')
def step_impl(context):
    pass

@then('the next request should open with the ""{tab_name}"" tab engaged')
def step_impl(context, tab_name):
    pass

@when('the user returns to the list')
def step_impl(context):
    pass

@when('clicks into another item')
def step_impl(context):
    pass

@then('the request should open with the ""Response"" tab by default')
def step_impl(context):
    pass"
394,"PB - As a User, I want to see sub-pages in Custom Page v2 index list (with a subtitle for parent)","Gherkin:
Feature: Custom Page v2 Index List

Scenario: View sub-pages with parent subtitle
Given the user is on the Custom Page v2 index list
When the user clicks the ""+"" button for a sub-page
Then a new row of information ""Parent: {parent page name}"" should be visible

Python:
from behave import given, when, then

@given('the user is on the Custom Page v2 index list')
def step_impl(context):
    pass

@when('the user clicks the ""+"" button for a sub-page')
def step_impl(context):
    pass

@then('a new row of information ""Parent: {parent_page_name}"" should be visible')
def step_impl(context, parent_page_name):
    pass"
395,"PB - As a User, I want to configure permissions of sub-pages in Admin -> Group","Gherkin:
Feature: Configure Permissions

Scenario: Configure sub-page permissions
Given the user is on the Admin Group Permission page
When the user views the sub-pages under a parent page
And configures permissions for a sub-page
Then the permissions should be updated in line with the design

Scenario: Trigger permission propagation
Given the user is on the Admin Group Permission page
When the user triggers permission propagation for a parent page
Then the permissions should propagate to all sub-pages

Python:
from behave import given, when, then

@given('the user is on the Admin Group Permission page')
def step_impl(context):
    pass

@when('the user views the sub-pages under a parent page')
def step_impl(context):
    pass

@when('configures permissions for a sub-page')
def step_impl(context):
    pass

@then('the permissions should be updated in line with the design')
def step_impl(context):
    pass

@when('the user triggers permission propagation for a parent page')
def step_impl(context):
    pass

@then('the permissions should propagate to all sub-pages')
def step_impl(context):
    pass"
396,"PB - (BE) As a User, I want to create a sub-page for an exisiting Simple Page via Nav","Gherkin:
Feature: Create Sub-Page

Scenario: Create a sub-page for an existing Simple Page via Nav
Given the user is on the navigation menu
When the user clicks on the settings button of a simple page
Then the sub-page popup should be displayed

Python:
from behave import given, when, then

@given('the user is on the navigation menu')
def step_impl(context):
    pass

@when('the user clicks on the settings button of a simple page')
def step_impl(context):
    pass

@then('the sub-page popup should be displayed')
def step_impl(context):
    pass"
397,"PB - (FE integration) As a User, I want to create a sub-page for an exisiting Simple Page via Nav","Gherkin:
Feature: Create Sub-Page

Scenario: Create a sub-page for an existing Simple Page
Given the user is on the navigation menu
When the user clicks on the settings button of a simple page
Then the sub-page popup should be displayed

Python:
from behave import given, when, then

@given('the user is on the navigation menu')
def step_impl(context):
    pass

@when('the user clicks on the settings button of a simple page')
def step_impl(context):
    pass

@then('the sub-page popup should be displayed')
def step_impl(context):
    pass"
398,[RESTRICTIONS] Same Template - Require Approval for Feedback requests cross-handling,"Gherkin:
Feature: Bulk Review of Feedback Requests

Scenario: Select feedback requests for bulk review with same template
Given there are feedback requests tied to the same template
And the ""Require Approval Response"" setting is enabled
When the user selects multiple feedback requests
Then the requests should be available for bulk review

Python:
from behave import given, when, then

@given('there are feedback requests tied to the same template')
def step_impl(context):
    pass

@given('the ""Require Approval Response"" setting is enabled')
def step_impl(context):
    pass

@when('the user selects multiple feedback requests')
def step_impl(context):
    pass

@then('the requests should be available for bulk review')
def step_impl(context):
    pass"
399,[Bulk Review] Same Template:  Needed until - cross date value handling,"Gherkin:
Feature: Bulk Review of Resource Download Requests

Scenario: Select requests for bulk review with the same template
Given there are multiple resource download requests
And the requests are tied to the same template
When the user selects the requests for bulk review
Then the requests should be selected regardless of the ""Needed until"" or ""Approved until"" values

Python:
from behave import given, when, then

@given('there are multiple resource download requests')
def step_impl(context):
    pass

@given('the requests are tied to the same template')
def step_impl(context):
    pass

@when('the user selects the requests for bulk review')
def step_impl(context):
    pass

@then('the requests should be selected regardless of the ""Needed until"" or ""Approved until"" values')
def step_impl(context):
    pass"
400,[RESTRICTIONS] Allow same Template Staged requests to be selected together if number of stages *in config* doesn't match (or conditional requests with different stages),"Gherkin:
Feature: Bulk Review of Staged Requests

Scenario: Select same Template Staged requests for Bulk Review
Given there are staged pending requests tied to the same Template
And the requests are on the same current stage
When the user selects these requests for Bulk Review
Then the requests should be selected together regardless of the total number of stages in the config

Python:
from behave import given, when, then

@given('there are staged pending requests tied to the same Template')
def step_impl(context):
    pass

@given('the requests are on the same current stage')
def step_impl(context):
    pass

@when('the user selects these requests for Bulk Review')
def step_impl(context):
    pass

@then('the requests should be selected together regardless of the total number of stages in the config')
def step_impl(context):
    pass"
401,'Review Request' in footer should be plural  - change to 'Review Request(s)',"Gherkin:
Feature: Bulk Action Footer

Scenario: Update footer text to plural form
Given the user is on the bulk action page
When the footer displays ""Review Request""
Then it should be updated to ""Review Request(s)""

Python:
from behave import given, when, then

@given('the user is on the bulk action page')
def step_impl(context):
    pass

@when('the footer displays ""Review Request""')
def step_impl(context):
    pass

@then('it should be updated to ""Review Request(s)""')
def step_impl(context):
    pass"
402,[Bulk SBT] Staged requests: values carry over for staged requests in individual response (should be wiped after stage response is submitted),"Gherkin:
Feature: Bulk SBT Staged Requests

Scenario: Clear response fields after bulk response with pending stages
Given there are staged requests in the Bulk List
When the user responds in Bulk
And the request remains pending due to further stages
Then the response fields for that request should be cleared

Python:
from behave import given, when, then

@given('there are staged requests in the Bulk List')
def step_impl(context):
    pass

@when('the user responds in Bulk')
def step_impl(context):
    pass

@when('the request remains pending due to further stages')
def step_impl(context):
    pass

@then('the response fields for that request should be cleared')
def step_impl(context):
    pass"
403,"BP - As a User, I want to choose the best quality of single selected Image resource via Resource Lookup to appear as original file as a background image in the target area (download linkage)","Gherkin:
Feature: Image Resource Selection

Scenario: Select best quality image for background
Given the user is on the Resource Lookup overlay
When the user selects a single image resource
And proceeds to the Choose Image Quality popup
Then the Image Quality options should be displayed in the Page Builder

Python:
from behave import given, when, then

@given('the user is on the Resource Lookup overlay')
def step_impl(context):
    pass

@when('the user selects a single image resource')
def step_impl(context):
    pass

@when('proceeds to the Choose Image Quality popup')
def step_impl(context):
    pass

@then('the Image Quality options should be displayed in the Page Builder')
def step_impl(context):
    pass"
404,"BP - As a User, I want to choose the best quality of single selected Image resource via Resource Lookup to appear as original file in Image Widget (download linkage)","Gherkin:
Feature: Image Quality Selection

Scenario: Select best quality for a single image resource
Given the user is on the Resource Lookup overlay
When the user selects a single image resource
And proceeds to the Choose Image Quality popup
Then the Image Quality options should be displayed in the Page Builder

Python:
from behave import given, when, then

@given('the user is on the Resource Lookup overlay')
def step_impl(context):
    pass

@when('the user selects a single image resource')
def step_impl(context):
    pass

@when('proceeds to the Choose Image Quality popup')
def step_impl(context):
    pass

@then('the Image Quality options should be displayed in the Page Builder')
def step_impl(context):
    pass"
405,[QW] Option to access to the Usage Reporting of an object with any permission to it vs requiring the highest level [following research in IB-41918],"Gherkin:
Feature: Reports Access Restrictions

Scenario: Access Usage Reporting with any permission
Given the user is on the Admin Settings page
When the user navigates to the General section
And locates the ""Reports Access Restrictions"" option
Then the option should be available at the bottom of the section

Python:
from behave import given, when, then

@given('the user is on the Admin Settings page')
def step_impl(context):
    pass

@when('the user navigates to the General section')
def step_impl(context):
    pass

@when('locates the ""Reports Access Restrictions"" option')
def step_impl(context):
    pass

@then('the option should be available at the bottom of the section')
def step_impl(context):
    pass"
406,Record File Grouped Requests handled in Group Review Page,"Gherkin:
Feature: Group Review Page

Scenario: Record file grouped requests
Given the user is on the Group Review Page
When the user views the page design
Then the design should match Grouped Download handling with minor exceptions
And ""Bulk Download"" should not be displayed

Python:
from behave import given, when, then

@given('the user is on the Group Review Page')
def step_impl(context):
    pass

@when('the user views the page design')
def step_impl(context):
    pass

@then('the design should match Grouped Download handling with minor exceptions')
def step_impl(context):
    pass

@then('""Bulk Download"" should not be displayed')
def step_impl(context):
    pass"
407,Record File Grouped Requests added to Group tab,"Gherkin:
Feature: Grouped Requests Display

Scenario: Display Grouped Tab for new Grouped Record File request
Given the user is on the V3 Approval List
And the user has never seen the Grouped Tab
When the user requests their first Grouped Record File
Then the Grouped Tab should be displayed in the V3 Approval List

Python:
from behave import given, when, then

@given('the user is on the V3 Approval List')
def step_impl(context):
    pass

@given('the user has never seen the Grouped Tab')
def step_impl(context):
    pass

@when('the user requests their first Grouped Record File')
def step_impl(context):
    pass

@then('the Grouped Tab should be displayed in the V3 Approval List')
def step_impl(context):
    pass"
408,Publish Resource Grouped Requests handled in Group Review Page,"Gherkin:
Feature: Group Review Page

Scenario: Publish resource grouped requests
Given the user is on the Group Review Page
When the user views the page design and behaviour
Then it should match the Grouped Download handling with minor exceptions
And the Bulk Download should not be displayed

Python:
from behave import given, when, then

@given('the user is on the Group Review Page')
def step_impl(context):
    pass

@when('the user views the page design and behaviour')
def step_impl(context):
    pass

@then('it should match the Grouped Download handling with minor exceptions')
def step_impl(context):
    pass

@then('the Bulk Download should not be displayed')
def step_impl(context):
    pass"
409,Publish Resource Grouped Requests added to Group tab,"Gherkin:
Feature: Grouped Resource Publish Requests

Scenario: Display Grouped Tab for first-time requester
Given the user is on the V3 Approval List
And the user has never seen the Grouped Tab
When the user submits their first Grouped Resource Publish request
Then the Grouped Tab should be visible in the V3 Approval List

Python:
from behave import given, when, then

@given('the user is on the V3 Approval List')
def step_impl(context):
    pass

@given('the user has never seen the Grouped Tab')
def step_impl(context):
    pass

@when('the user submits their first Grouped Resource Publish request')
def step_impl(context):
    pass

@then('the Grouped Tab should be visible in the V3 Approval List')
def step_impl(context):
    pass"
410,Grouped Record Files - Grouped Completion Email to Requester,"Gherkin:
Feature: Grouped Record Files Notification

Scenario: Send grouped completion email when settings are enabled
Given the ""Enable Grouped Requests"" setting is enabled
And the ""Requester > Grouped Request has been completed"" notification setting is enabled
When a grouped record file request is made
Then a grouped completion email should be sent to the requester
And individual completion emails should not be sent

Python:
from behave import given, when, then

@given('the ""Enable Grouped Requests"" setting is enabled')
def step_impl(context):
    pass

@given('the ""Requester > Grouped Request has been completed"" notification setting is enabled')
def step_impl(context):
    pass

@when('a grouped record file request is made')
def step_impl(context):
    pass

@then('a grouped completion email should be sent to the requester')
def step_impl(context):
    pass

@then('individual completion emails should not be sent')
def step_impl(context):
    pass"
411,Grouped Record Files - Grouped Email Notification Settings added to Record File Templates,"Gherkin:
Feature: Grouped Email Notification Settings

Scenario: Enable Grouped Requests and view additional notification options
Given the MCP development setting form is enabled
And the ""Enable Grouped Requests"" setting is enabled in Admin > Workflow for Record File Approval Templates
When the user sets User Notifications to ""Select""
Then additional notification options should appear
And ""Requester Emails"" should be an option

Python:
from behave import given, when, then

@given('the MCP development setting form is enabled')
def step_impl(context):
    pass

@given('the ""Enable Grouped Requests"" setting is enabled in Admin > Workflow for Record File Approval Templates')
def step_impl(context):
    pass

@when('the user sets User Notifications to ""Select""')
def step_impl(context):
    pass

@then('additional notification options should appear')
def step_impl(context):
    pass

@then('""Requester Emails"" should be an option')
def step_impl(context):
    pass"
412,Grouped Resource Publish - Grouped Completion Email to Requester,"Gherkin:
Feature: Grouped Resource Publish Notification

Scenario: Send grouped completion email to requester
Given the ""Enable Grouped Requests"" setting is enabled
And the ""Requester > Grouped Request has been completed"" notification setting is enabled
When a group resource publish request is made
Then individual emails should not be sent for these requests

Python:
from behave import given, when, then

@given('the ""Enable Grouped Requests"" setting is enabled')
def step_impl(context):
    pass

@given('the ""Requester > Grouped Request has been completed"" notification setting is enabled')
def step_impl(context):
    pass

@when('a group resource publish request is made')
def step_impl(context):
    pass

@then('individual emails should not be sent for these requests')
def step_impl(context):
    pass"
413,Grouped Resource Publish - Grouped Email Notification Settings added to Resource Publish Templates,"Gherkin:
Feature: Grouped Resource Publish

Scenario: Enable Grouped Requests and view additional notification options
Given the MCP development setting form is enabled
And the ""Enable Grouped Requests"" setting is enabled in Admin > Workflow location for a Resource Publish Workflow Template
When the user sets User Notifications to ""Select""
Then additional notification options should appear

Python:
from behave import given, when, then

@given('the MCP development setting form is enabled')
def step_impl(context):
    pass

@given('the ""Enable Grouped Requests"" setting is enabled in Admin > Workflow location for a Resource Publish Workflow Template')
def step_impl(context):
    pass

@when('the user sets User Notifications to ""Select""')
def step_impl(context):
    pass

@then('additional notification options should appear')
def step_impl(context):
    pass"
414,"PB - As a User, I want to delete pages via Nav - FE","Gherkin:
Feature: Page Deletion

Scenario: Delete a page via navigation
Given the user is on the navigation menu
When the user clicks on the settings button of the page ""Sample Page""
And clicks on ""Delete""
Then the deletion popup should be displayed

Python:
from behave import given, when, then

@given('the user is on the navigation menu')
def step_impl(context):
    pass

@when('the user clicks on the settings button of the page ""{page_name}""')
def step_impl(context, page_name):
    pass

@when('clicks on ""Delete""')
def step_impl(context):
    pass

@then('the deletion popup should be displayed')
def step_impl(context):
    pass"
415,"PB - (DND replace) As a User, I want to create a sub-page for an exisiting Smart Page via Nav","Gherkin:
Feature: Create Sub-Page

Scenario: Create a sub-page for an existing Smart Page via Nav
Given the user is on the Smart Page
When the user clicks on the settings button of the Smart Page
Then the sub-page popup should appear
When the user inputs the sub-page's title ""New Sub-Page""
And clicks the ""Save"" button
Then the sub-page should be created successfully

Python:
from behave import given, when, then

@given('the user is on the Smart Page')
def step_impl(context):
    pass

@when('the user clicks on the settings button of the Smart Page')
def step_impl(context):
    pass

@then('the sub-page popup should appear')
def step_impl(context):
    pass

@when('the user inputs the sub-page\'s title ""{title}""')
def step_impl(context, title):
    pass

@when('clicks the ""Save"" button')
def step_impl(context):
    pass

@then('the sub-page should be created successfully')
def step_impl(context):
    pass"
416,[X-Template] Bulk Approvals - Select logic: Advanced cross template/type select (excluding record requests) - Full support/logic,"Gherkin:
Feature: Bulk Approvals

Scenario: Advanced cross template/type select for bulk approvals
Given multiple templates have ""Enable Bulk Reviewing"" enabled
When the user selects an item from the Approval List
Then other requests from the Approval List should be selectable
And record requests should be excluded

Python:
from behave import given, when, then

@given('multiple templates have ""Enable Bulk Reviewing"" enabled')
def step_impl(context):
    pass

@when('the user selects an item from the Approval List')
def step_impl(context):
    pass

@then('other requests from the Approval List should be selectable')
def step_impl(context):
    pass

@then('record requests should be excluded')
def step_impl(context):
    pass"
417,[RESTRICTIONS] Select logic: Extended same settings/ template across params for Selection,"Gherkin:
Feature: Bulk Review Selection

Scenario: Select items for bulk review based on template
Given the user is on the Approval List page
When the user selects an item with the template ""Workflow Template A""
Then all requests with the same template should be selected for bulk review

Python:
from behave import given, when, then

@given('the user is on the Approval List page')
def step_impl(context):
    pass

@when('the user selects an item with the template ""{template_name}""')
def step_impl(context, template_name):
    pass

@then('all requests with the same template should be selected for bulk review')
def step_impl(context):
    pass"
418,Bulk Approve Response action Tracking surfacing in Stats - new column in Responses (Bulk Review > in > Yes),"Gherkin:
Feature: Bulk Approve Response Tracking

Scenario: Display bulk approve response action in stats
Given the user is on the responses page
When the system captures bulk approve response data
Then a new column ""Bulk Review"" should display ""Yes"" in the stats

Python:
from behave import given, when, then

@given('the user is on the responses page')
def step_impl(context):
    pass

@when('the system captures bulk approve response data')
def step_impl(context):
    pass

@then('a new column ""Bulk Review"" should display ""Yes"" in the stats')
def step_impl(context):
    pass"
419,"[RESTRICTIONS] Cross param handling of 'Complete Stage/Complete Request' (merge setting in bulk, apply to relevant in bulk action)","Gherkin:
Feature: Bulk Review Panel

Scenario: Merge Complete Stage and Complete Request settings
Given the user is a Main Admin or Workflow Admin
And the user has selected requests for Bulk Review
When the selected requests contain a mix of ""Complete Stage"" and ""Complete Request""
Then the Bulk Review panel should display ""Complete Stage / Request""

Python:
from behave import given, when, then

@given('the user is a Main Admin or Workflow Admin')
def step_impl(context):
    pass

@given('the user has selected requests for Bulk Review')
def step_impl(context):
    pass

@when('the selected requests contain a mix of ""Complete Stage"" and ""Complete Request""')
def step_impl(context):
    pass

@then('the Bulk Review panel should display ""Complete Stage / Request""')
def step_impl(context):
    pass"
420,"[RESTRICTIONS] Cross param handling of 'Hide Decline' (hide Decline if all share param,  ignore Bulk Apply of Decline to items that don't apply)","Gherkin:
Feature: Bulk Review Decline Option

Scenario: Display Decline option when mixed items are selected
Given the user has selected multiple requests for Bulk Review
And some requests have Hide Decline enabled
And some requests do not have Hide Decline enabled
When the user views the Bulk Review response panel
Then the Decline option should be displayed

Python:
from behave import given, when, then

@given('the user has selected multiple requests for Bulk Review')
def step_impl(context):
    pass

@given('some requests have Hide Decline enabled')
def step_impl(context):
    pass

@given('some requests do not have Hide Decline enabled')
def step_impl(context):
    pass

@when('the user views the Bulk Review response panel')
def step_impl(context):
    pass

@then('the Decline option should be displayed')
def step_impl(context):
    pass"
421,[RESTRICTIONS] Cross param handling of 'Yes with Comments' (show when one request has this - ignore items on bulk that don't apply),"Gherkin:
Feature: Bulk Review Approval

Scenario: Display 'Approve with Comments' option for mixed bulk review items
Given a bulk review contains items with ""Approve with Comments"" and items without
When the user accesses the Bulk Review response panel
Then the option 'Approve with Comments' should be displayed

Python:
from behave import given, when, then

@given('a bulk review contains items with ""Approve with Comments"" and items without')
def step_impl(context):
    pass

@when('the user accesses the Bulk Review response panel')
def step_impl(context):
    pass

@then('the option \'Approve with Comments\' should be displayed')
def step_impl(context):
    pass"
422,Bulk Approve Response UUID {createdInBulkId} condition in Stats - so we can see all requests responded to together,"Gherkin:
Feature: Bulk Approve Response

Scenario: Display Bulk Approve Response UUID in Stats
Given the user is on the Stats page
When the user opens the column dropdown
Then ""Bulk Review"" should be listed before ""Bulk Approve Response UUID {createdInBulkId}""

Python:
from behave import given, when, then

@given('the user is on the Stats page')
def step_impl(context):
    pass

@when('the user opens the column dropdown')
def step_impl(context):
    pass

@then('""Bulk Review"" should be listed before ""Bulk Approve Response UUID {createdInBulkId}""')
def step_impl(context):
    pass"
423,Bulk Approve Response UUID  {createdInBulkId} display column in Stats - Workflow Responses(to be used in condition),"Gherkin:
Feature: Bulk Approve Response UUID Display

Scenario: Display Bulk Approve Response UUID in Stats
Given the backend has captured data with Bulk Approve Response UUID ""{createdInBulkId}""
When the user accesses the Stats - Workflow Responses page
Then the Stats should display a column with the Bulk Approve Response UUID ""{createdInBulkId}""

Python:
from behave import given, when, then

@given('the backend has captured data with Bulk Approve Response UUID ""{createdInBulkId}""')
def step_impl(context, createdInBulkId):
    pass

@when('the user accesses the Stats - Workflow Responses page')
def step_impl(context):
    pass

@then('the Stats should display a column with the Bulk Approve Response UUID ""{createdInBulkId}""')
def step_impl(context, createdInBulkId):
    pass"
424,[RESTRICTIONS] Cross param handling of Comment field (plain text on bulk page regardless of if rich on request),"Gherkin:
Feature: Bulk Review Comment Handling

Scenario: Display plain text comment option for mixed requests
Given the user selects multiple requests for Bulk Review
And some requests have Rich Text Comments enabled and some do not
When the user opens the Bulk Review response panel
Then only the plain comments option should be displayed

Scenario: Apply basic text to both comment fields
Given the user is on the Bulk Review response panel with plain comments option
When the user enters text ""This is a comment"" in the plain text field
And applies it to the requests
Then the text should be applied to both basic and rich text comment fields on individual requests

Scenario: Update to rich text on single request
Given a request with a basic text comment
When the user updates the comment to rich text on the single request level
Then the comment should be saved as rich text

Python:
from behave import given, when, then

@given('the user selects multiple requests for Bulk Review')
def step_impl(context):
    pass

@given('some requests have Rich Text Comments enabled and some do not')
def step_impl(context):
    pass

@when('the user opens the Bulk Review response panel')
def step_impl(context):
    pass

@then('only the plain comments option should be displayed')
def step_impl(context):
    pass

@given('the user is on the Bulk Review response panel with plain comments option')
def step_impl(context):
    pass

@when('the user enters text ""{text}"" in the plain text field')
def step_impl(context, text):
    pass

@when('applies it to the requests')
def step_impl(context):
    pass

@then('the text should be applied to both basic and rich text comment fields on individual requests')
def step_impl(context):
    pass

@given('a request with a basic text comment')
def step_impl(context):
    pass

@when('the user updates the comment to rich text on the single request level')
def step_impl(context):
    pass

@then('the comment should be saved as rich text')
def step_impl(context):
    pass"
425,Bulk Approve action Tracking surfacing in Review Request - Responses,"Gherkin:
Feature: Bulk Approve Action Tracking

Scenario: Display UI indicator for bulk response submission
Given the user is on the Review Request page
When the user submits a response in bulk
Then a UI indicator should be displayed against the Request Status to denote bulk submission

Python:
from behave import given, when, then

@given('the user is on the Review Request page')
def step_impl(context):
    pass

@when('the user submits a response in bulk')
def step_impl(context):
    pass

@then('a UI indicator should be displayed against the Request Status to denote bulk submission')
def step_impl(context):
    pass"
426,Bulk Approve Response action Tracking surfacing in Stats - new condition in Responses (Bulk Review > in > Yes),"Gherkin:
Feature: Bulk Approve Response Tracking

Scenario: Display new condition in Responses
Given the user is on the Bulk Review page
When the user opens the condition dropdown
Then ""Bulk Review > in > Yes"" should be displayed under ""Reviewer Comment""

Python:
from behave import given, when, then

@given('the user is on the Bulk Review page')
def step_impl(context):
    pass

@when('the user opens the condition dropdown')
def step_impl(context):
    pass

@then('""Bulk Review > in > Yes"" should be displayed under ""Reviewer Comment""')
def step_impl(context):
    pass"
427,[RESTRICTIONS] When we detect not all requests have same params we modify Response section (Overall check for non-matching params),"Gherkin:
Feature: Bulk Response Modification

Scenario: Modify response when items have non-matching params
Given the BulkReview component is initialized with workflow settings
When the system detects items with non-matching params
Then the bulk response section should be modified accordingly

Python:
from behave import given, when, then

@given('the BulkReview component is initialized with workflow settings')
def step_impl(context):
    pass

@when('the system detects items with non-matching params')
def step_impl(context):
    pass

@then('the bulk response section should be modified accordingly')
def step_impl(context):
    pass"
428,"[QW] Stats - Workflow Responses: Add in data column for ""Requester Comment"" [to be done after IB-18115]","Gherkin:
Feature: Workflow Responses Data Column

Scenario: Display Requester Comment in data column
Given the workflow responses are being viewed
When the data is retrieved for a request
Then the data should include the ""Requester Comment""
And it should be displayed under ""Requester"" in the child column dropdown

Python:
from behave import given, when, then

@given('the workflow responses are being viewed')
def step_impl(context):
    pass

@when('the data is retrieved for a request')
def step_impl(context):
    pass

@then('the data should include the ""Requester Comment""')
def step_impl(context):
    pass

@then('it should be displayed under ""Requester"" in the child column dropdown')
def step_impl(context):
    pass"
429,"PB - As a User, I want to see Nav panel when viewing a Simple Page","Gherkin:
Feature: Navigation Panel

Scenario: View navigation panel on a simple page
Given the user is viewing a simple page
When the user clicks the extend/collapse button icon on the top left
Then the Left Side Panel should open as Page Nav
And the user should see all saved Simple pages according to their permissions

Python:
from behave import given, when, then

@given('the user is viewing a simple page')
def step_impl(context):
    pass

@when('the user clicks the extend/collapse button icon on the top left')
def step_impl(context):
    pass

@then('the Left Side Panel should open as Page Nav')
def step_impl(context):
    pass

@then('the user should see all saved Simple pages according to their permissions')
def step_impl(context):
    pass"
430,"PB - As a User, I want to switch pages via Nav (with popup msg if there is a change during editing/previewing)","Gherkin:
Feature: Page Navigation

Scenario: Warn user when switching pages with unsaved changes
Given the user is editing a page
And there are unsaved changes
When the user attempts to navigate away
Then a popup warning message should be displayed

Python:
from behave import given, when, then

@given('the user is editing a page')
def step_impl(context):
    pass

@given('there are unsaved changes')
def step_impl(context):
    pass

@when('the user attempts to navigate away')
def step_impl(context):
    pass

@then('a popup warning message should be displayed')
def step_impl(context):
    pass"
431,"PB - As a User, I want to see Nav panel when editing a Simple Page(FE)","Gherkin:
Feature: Navigation Panel

Scenario: View Pages tab in Right Side Panel when editing a Simple Page
Given the user is editing an existing Simple Page
When the Right Side Panel is displayed
Then the ""Pages"" tab should be visible and opened by default
And the user should see all saved Simple pages according to their permissions

Python:
from behave import given, when, then

@given('the user is editing an existing Simple Page')
def step_impl(context):
    pass

@when('the Right Side Panel is displayed')
def step_impl(context):
    pass

@then('the ""Pages"" tab should be visible and opened by default')
def step_impl(context):
    pass

@then('the user should see all saved Simple pages according to their permissions')
def step_impl(context):
    pass"
432,"PB - As a User, I want to see Nav panel when creating a Simple Page(BE)","Gherkin:
Feature: Navigation Panel Visibility

Scenario: View Nav panel when creating a Simple Page
Given the user is creating a Simple Page
When the user opens the Right Side Panel
Then the ""Pages"" tab should be visible by default
And the ""Builder"" tab should not be opened by default
And the user should see all saved Simple pages according to their permissions
And the pages should be listed in order of ""Last Updated""

Python:
from behave import given, when, then

@given('the user is creating a Simple Page')
def step_impl(context):
    pass

@when('the user opens the Right Side Panel')
def step_impl(context):
    pass

@then('the ""Pages"" tab should be visible by default')
def step_impl(context):
    pass

@then('the ""Builder"" tab should not be opened by default')
def step_impl(context):
    pass

@then('the user should see all saved Simple pages according to their permissions')
def step_impl(context):
    pass

@then('the pages should be listed in order of ""Last Updated""')
def step_impl(context):
    pass"
433,[GDA] -  As a User if I don't have permission to download the item I have to request permission to download again (or cannot download) - Part 2/2 - single download button,"Gherkin:
Feature: Download Permission

Scenario: Request permission to download when not authorized
Given the user is on the item page
And the user does not have permission to download the item
When the user clicks the single download button
Then the user should be prompted to request permission to download

Python:
from behave import given, when, then

@given('the user is on the item page')
def step_impl(context):
    pass

@given('the user does not have permission to download the item')
def step_impl(context):
    pass

@when('the user clicks the single download button')
def step_impl(context):
    pass

@then('the user should be prompted to request permission to download')
def step_impl(context):
    pass"
434,"As a User, I want to see ""Closed Caption"" only when file format is enabled as Video from Filter Panel in Resource module","Gherkin:
Feature: Closed Caption Visibility

Scenario: Closed Caption visible when Video is selected
Given the user is on the Resource module filter panel
And the Closed Captions option is invisible
When the user selects ""Video"" from the File Format options
Then the Closed Captions option should be visible

Scenario: Closed Caption visible when Audio is selected
Given the user is on the Resource module filter panel
And the Closed Captions option is invisible
When the user selects ""Audio"" from the File Format options
Then the Closed Captions option should be visible

Scenario: Closed Caption visible when Video and Audio are selected
Given the user is on the Resource module filter panel
And the Closed Captions option is invisible
When the user selects ""Video and Audio"" from the File Format options
Then the Closed Captions option should be visible

Python:
from behave import given, when, then

@given('the user is on the Resource module filter panel')
def step_impl(context):
    pass

@given('the Closed Captions option is invisible')
def step_impl(context):
    pass

@when('the user selects ""{file_format}"" from the File Format options')
def step_impl(context, file_format):
    pass

@then('the Closed Captions option should be visible')
def step_impl(context):
    pass"
435,"[Cross Folder Bulk Edit] As a bulk edit user, I can see the Folder Filter in single view","Gherkin:
Feature: Folder Filter in Single View

Scenario: Display Folder Filter for a single request
Given the user is on the Single Request page
When a single request is selected
Then the relevant folder should appear as selected in the Folder Filter

Python:
from behave import given, when, then

@given('the user is on the Single Request page')
def step_impl(context):
    pass

@when('a single request is selected')
def step_impl(context):
    pass

@then('the relevant folder should appear as selected in the Folder Filter')
def step_impl(context):
    pass"
436,"BP - As a User, I want the single selected Video resource via Resource Lookup to appear in Video Widget (preview linkage)","Gherkin:
Feature: Video Resource Preview

Scenario: Display selected video resource in Video Widget
Given the user is on the Resource Lookup overlay
When the user selects a video resource with file type "".mp4""
And uploads it to the target area on the page
Then the Video Widget should display the video resource with its preview link

Python:
from behave import given, when, then

@given('the user is on the Resource Lookup overlay')
def step_impl(context):
    pass

@when('the user selects a video resource with file type ""{file_type}""')
def step_impl(context, file_type):
    pass

@when('uploads it to the target area on the page')
def step_impl(context):
    pass

@then('the Video Widget should display the video resource with its preview link')
def step_impl(context):
    pass"
437,"BP - As a User, I want the single selected Image resource via Resource Lookup to appear in Image Widget (preview linkage)","Gherkin:
Feature: Image Resource Preview

Scenario: Display selected image resource in Image Widget
Given the user has selected an image resource via Resource Lookup
When the user confirms the selection
Then the Image Widget should display the preview of the selected image resource

Python:
from behave import given, when, then

@given('the user has selected an image resource via Resource Lookup')
def step_impl(context):
    pass

@when('the user confirms the selection')
def step_impl(context):
    pass

@then('the Image Widget should display the preview of the selected image resource')
def step_impl(context):
    pass"
438,"BP - As a User, I want the single selected Image resource via Resource Lookup to appear as a background image in the target area (preview linkage)","Gherkin:
Feature: Image Resource Background

Scenario: Display selected image as background
Given the user has selected an image resource via Resource Lookup
When the user navigates to the target area
Then the image should appear as a background in the Page, Section, and Block
And the image should be visible by its preview link

Python:
from behave import given, when, then

@given('the user has selected an image resource via Resource Lookup')
def step_impl(context):
    pass

@when('the user navigates to the target area')
def step_impl(context):
    pass

@then('the image should appear as a background in the Page, Section, and Block')
def step_impl(context):
    pass

@then('the image should be visible by its preview link')
def step_impl(context):
    pass"
439,"BP - As a User, I want to single select resources from Resource Lookup with unchangeable filter based on file type in Page Builder","Gherkin:
Feature: Resource Selection in Page Builder

Scenario: Single select resources with unchangeable filter
Given the user is in the Page Builder
When the user opens the Resource Lookup
And the filter is locked with only ""Image"" enabled
Then the user should see resources filtered by ""Image""
And the user selects a single resource

Python:
from behave import given, when, then

@given('the user is in the Page Builder')
def step_impl(context):
    pass

@when('the user opens the Resource Lookup')
def step_impl(context):
    pass

@when('the filter is locked with only ""{filter_option}"" enabled')
def step_impl(context, filter_option):
    pass

@then('the user should see resources filtered by ""{filter_option}""')
def step_impl(context, filter_option):
    pass

@then('the user selects a single resource')
def step_impl(context):
    pass"
440,"As a user, if ""Yes, with comments Response Option"" is enabled for the workflow, I can see 'Approve with comments' response option in Bulk Response field","Gherkin:
Feature: Bulk Response Options

Scenario: Display 'Approve with comments' option when enabled
Given the ""Yes, with comments Response Option"" is enabled for the workflow
When the user views the 'My Response' panel
Then the 'Approve with comments' option should be visible in the Bulk Response field

Python:
from behave import given, when, then

@given('the ""Yes, with comments Response Option"" is enabled for the workflow')
def step_impl(context):
    pass

@when('the user views the \'My Response\' panel')
def step_impl(context):
    pass

@then('the \'Approve with comments\' option should be visible in the Bulk Response field')
def step_impl(context):
    pass"
441,As a user I can only select a max of 300 items to Review in Bulk (FE),"Gherkin:
Feature: Bulk Review Selection

Scenario: Disable selection after reaching max items
Given the user has selected 300 items for review
When the user attempts to select another item
Then all other select icons for non-selected items should be disabled

Python:
from behave import given, when, then

@given('the user has selected 300 items for review')
def step_impl(context):
    pass

@when('the user attempts to select another item')
def step_impl(context):
    pass

@then('all other select icons for non-selected items should be disabled')
def step_impl(context):
    pass"
442,Need to add Stage icon in bulk review list for Staged requests,"Gherkin:
Feature: Bulk Review List

Scenario: Display stage icon for staged requests
Given the user is on the Bulk Review Page
When there are staged requests in the list
Then the stage icon should be displayed for each staged request

Scenario: Update stage icon after bulk actions
Given the user performs bulk actions on staged requests
When the stages of requests are updated
Then the stage icons should reflect the updated stages in the list

Python:
from behave import given, when, then

@given('the user is on the Bulk Review Page')
def step_impl(context):
    pass

@when('there are staged requests in the list')
def step_impl(context):
    pass

@then('the stage icon should be displayed for each staged request')
def step_impl(context):
    pass

@given('the user performs bulk actions on staged requests')
def step_impl(context):
    pass

@when('the stages of requests are updated')
def step_impl(context):
    pass

@then('the stage icons should reflect the updated stages in the list')
def step_impl(context):
    pass"
443,"As a user, I want to see added information saved to request when I click on Navigation buttons for Single Page","Gherkin:
Feature: Navigation and Information Retention

Scenario: Retain 'Complete Stage' selection when navigating
Given the user is on the single page view
And 'Complete Stage' is present
When the user selects 'Complete Stage'
And navigates to another item
Then the 'Complete Stage' selection should be retained

Python:
from behave import given, when, then

@given('the user is on the single page view')
def step_impl(context):
    pass

@given(""'Complete Stage' is present"")
def step_impl(context):
    pass

@when(""the user selects 'Complete Stage'"")
def step_impl(context):
    pass

@when('navigates to another item')
def step_impl(context):
    pass

@then(""the 'Complete Stage' selection should be retained"")
def step_impl(context):
    pass"
444,"As a user I can see 'Hide Decline', 'Complete Stage' etc fields in Bulk page - bulk apply handling for new fields","Gherkin:
Feature: Bulk Apply Handling

Scenario: Display new fields in Bulk page
Given the user is on the Bulk page
When the user views the available fields
Then the fields ""Hide Decline"" and ""Complete Stage"" should be visible

Python:
from behave import given, when, then

@given('the user is on the Bulk page')
def step_impl(context):
    pass

@when('the user views the available fields')
def step_impl(context):
    pass

@then('the fields ""{field1}"" and ""{field2}"" should be visible')
def step_impl(context, field1, field2):
    pass"
445,"As a user, I can see ""My Response"" section that shows all editable fields   (same params) - display of new fields","Gherkin:
Feature: My Response Section

Scenario: Display of editable fields in My Response section
Given the user is on the My Response section
When the request settings/params are set
Then the Response Comment field should be displayed
And the field should be editable

Python:
from behave import given, when, then

@given('the user is on the My Response section')
def step_impl(context):
    pass

@when('the request settings/params are set')
def step_impl(context):
    pass

@then('the Response Comment field should be displayed')
def step_impl(context):
    pass

@then('the field should be editable')
def step_impl(context):
    pass"
446,As a user I want to see 'Bulk Review' in bulk review page header (page name),"Gherkin:
Feature: Bulk Review Page

Scenario: Verify Bulk Review page header
Given the user is on the Bulk Review page
Then the page header should be ""Bulk Review""

Python:
from behave import given, then

@given('the user is on the Bulk Review page')
def step_impl(context):
    pass

@then('the page header should be ""Bulk Review""')
def step_impl(context):
    pass"
447,As a user I can Bulk Submit (updates from Grouped work),"Gherkin:
Feature: Bulk Submit

Scenario: Bulk submit updates from Grouped work
Given the user is on the Grouped Review page
When the user hovers over the ""Submit & Continue"" button
Then the tooltip text should be displayed

Python:
from behave import given, when, then

@given('the user is on the Grouped Review page')
def step_impl(context):
    pass

@when('the user hovers over the ""Submit & Continue"" button')
def step_impl(context):
    pass

@then('the tooltip text should be displayed')
def step_impl(context):
    pass"
448,As a user I can Bulk Apply (updates from Grouped work),"Gherkin:
Feature: Bulk Apply Updates

Scenario: Bulk apply updates from Grouped Review page
Given the user is on the Grouped Review page
When the user selects multiple updates
And clicks the ""Bulk Apply"" button
Then the updates should be applied
And the button should display the apply count

Python:
from behave import given, when, then

@given('the user is on the Grouped Review page')
def step_impl(context):
    pass

@when('the user selects multiple updates')
def step_impl(context):
    pass

@when('clicks the ""Bulk Apply"" button')
def step_impl(context):
    pass

@then('the updates should be applied')
def step_impl(context):
    pass

@then('the button should display the apply count')
def step_impl(context):
    pass"
449,As a user I can see Resources or Record Files requests in Bulk Review Page and their Request Details in the List view,"Gherkin:
Feature: Bulk Review Page

Scenario: View Record File requests in Bulk Review Page
Given the user is on the Bulk Review Page
When the user views the list of requests
Then the list should display Record File requests with the same functionality as download requests

Python:
from behave import given, when, then

@given('the user is on the Bulk Review Page')
def step_impl(context):
    pass

@when('the user views the list of requests')
def step_impl(context):
    pass

@then('the list should display Record File requests with the same functionality as download requests')
def step_impl(context):
    pass"
450,As a user I can open and view the Bulk Approve Review Page (Core UI),"Gherkin:
Feature: Bulk Approve Review Page

Scenario: Open Bulk Approve Review Page
Given the user is on the dashboard
When the user clicks ""Bulk Review Request""
Then the Bulk Review page should open

Python:
from behave import given, when, then

@given('the user is on the dashboard')
def step_impl(context):
    pass

@when('the user clicks ""Bulk Review Request""')
def step_impl(context):
    pass

@then('the Bulk Review page should open')
def step_impl(context):
    pass"
451,As a user I want to click 'Review Request' action in action dropdown in footer to open Bulk Approve Page (action redirect),"Gherkin:
Feature: Bulk Review Request

Scenario: Open Bulk Review Request page from action dropdown
Given the user is on a page with an action dropdown in the footer
When the user clicks 'Review Request' in the action dropdown
Then the Bulk Review Request page should open

Python:
from behave import given, when, then

@given('the user is on a page with an action dropdown in the footer')
def step_impl(context):
    pass

@when('the user clicks ""Review Request"" in the action dropdown')
def step_impl(context):
    pass

@then('the Bulk Review Request page should open')
def step_impl(context):
    pass"
452,As a user I want to see 'Review Request' bulk action in action dropdown in footer,"Gherkin:
Feature: Bulk Action Footer

Scenario: Display 'Review Request' bulk action in footer
Given the user is on the items page
When the user selects one item's checkbox
Then the Bulk Action footer bar should display with 'Review Request' option

Python:
from behave import given, when, then

@given('the user is on the items page')
def step_impl(context):
    pass

@when('the user selects one item\'s checkbox')
def step_impl(context):
    pass

@then('the Bulk Action footer bar should display with \'Review Request\' option')
def step_impl(context):
    pass"
453,As a user I want to check cancel in footer to clear the select of all selected requests,"Gherkin:
Feature: Bulk Action Footer

Scenario: Cancel action clears selected requests
Given the user has selected one or more requests
When the Bulk Action footer bar is displayed
And the user clicks the ""Cancel"" action on the right side of the footer
Then all selected requests should be cleared

Python:
from behave import given, when, then

@given('the user has selected one or more requests')
def step_impl(context):
    pass

@when('the Bulk Action footer bar is displayed')
def step_impl(context):
    pass

@when('the user clicks the ""Cancel"" action on the right side of the footer')
def step_impl(context):
    pass

@then('all selected requests should be cleared')
def step_impl(context):
    pass"
454,As a user the Bulk Action Footer bar displays when one relevant item is selected,"Gherkin:
Feature: Bulk Action Footer Bar

Scenario: Display Bulk Action Footer Bar when one item is selected
Given the user is on the item list page
When the user selects one item's checkbox
Then the Bulk Action footer bar should display

Scenario: Hide 'Select All' action in Bulk Action Footer Bar for Beta
Given the user is on the item list page
When the Bulk Action footer bar is displayed
Then the 'Select All' action should be hidden

Python:
from behave import given, when, then

@given('the user is on the item list page')
def step_impl(context):
    pass

@when('the user selects one item\'s checkbox')
def step_impl(context):
    pass

@then('the Bulk Action footer bar should display')
def step_impl(context):
    pass

@when('the Bulk Action footer bar is displayed')
def step_impl(context):
    pass

@then('the \'Select All\' action should be hidden')
def step_impl(context):
    pass"
455,As a user when one checkbox of request is checked only the requests that can be bulk approved can be selected,"Gherkin:
Feature: Bulk Approval of Requests

Scenario: Select pending request for bulk approval
Given the user is on the requests page
When the user selects a pending request
Then only checkboxes for relevant related pending requests remain selectable

Python:
from behave import given, when, then

@given('the user is on the requests page')
def step_impl(context):
    pass

@when('the user selects a pending request')
def step_impl(context):
    pass

@then('only checkboxes for relevant related pending requests remain selectable')
def step_impl(context):
    pass"
456,"As a user I only see enabled checkboxes for relevant items (disable for records, and for relevant users Reviewers/Admins)","Gherkin:
Feature: Checkbox Enablement

Scenario: Display enabled checkboxes for relevant items
Given the new column is displayed
When no items are selected
Then checkboxes should be enabled for pending ""Record File Approval"" requests if enabled at template level
And checkboxes should be enabled for pending ""Resource Feedback Approval"" requests if enabled at template level

Python:
from behave import given, when, then

@given('the new column is displayed')
def step_impl(context):
    pass

@when('no items are selected')
def step_impl(context):
    pass

@then('checkboxes should be enabled for pending ""Record File Approval"" requests if enabled at template level')
def step_impl(context):
    pass

@then('checkboxes should be enabled for pending ""Resource Feedback Approval"" requests if enabled at template level')
def step_impl(context):
    pass"
457,As a user I only see the checkbox *column* when relevant (core mcp / template level check),"Gherkin:
Feature: Checkbox Column Visibility

Scenario: Display checkbox column when MCP setting is enabled
Given the MCP development setting is enabled
When the user views the table
Then the checkbox column should be visible

Python:
from behave import given, when, then

@given('the MCP development setting is enabled')
def step_impl(context):
    pass

@when('the user views the table')
def step_impl(context):
    pass

@then('the checkbox column should be visible')
def step_impl(context):
    pass"
458,As an Admin user I want to enable Bulk Approve in Admin > Workflow Templates,"Gherkin:
Feature: Bulk Approve in Workflow Templates

Scenario: Enable Bulk Approval MCP setting
Given the admin is on the Workflow Templates settings page
When the admin enables the Bulk Approval MCP setting
Then a new setting should display in Admin > Workflows for existing edited ""Record File Approval"" Templates
And a new setting should display in Admin > Workflows for new ""Record File Approval"" Templates

Python:
from behave import given, when, then

@given('the admin is on the Workflow Templates settings page')
def step_impl(context):
    pass

@when('the admin enables the Bulk Approval MCP setting')
def step_impl(context):
    pass

@then('a new setting should display in Admin > Workflows for existing edited ""Record File Approval"" Templates')
def step_impl(context):
    pass

@then('a new setting should display in Admin > Workflows for new ""Record File Approval"" Templates')
def step_impl(context):
    pass"
459,Bulk Approvals - MCP Development Setting,"Gherkin:
Feature: Bulk Approvals MCP Setting

Scenario: Add new MCP setting for Bulk Approvals in development
Given the user is on the development settings page
When the user adds a new MCP setting ""Approvals - Approvals List (V3) - Bulk Approvals""
Then the setting should be available for development use only

Python:
from behave import given, when, then

@given('the user is on the development settings page')
def step_impl(context):
    pass

@when('the user adds a new MCP setting ""{setting_name}""')
def step_impl(context, setting_name):
    pass

@then('the setting should be available for development use only')
def step_impl(context):
    pass"
460,"FE task: As a User, I want to Delete the name from resources across platform on Training Centre","Gherkin:
Feature: Delete Profile from Training Centre

Scenario: Delete profile action icon visibility
Given the user is on the Training Centre page
When the user views a recognised face
Then they should see the ""Delete profile"" action icon

Scenario: Tooltip visibility on hover
Given the user is on the Training Centre page
When the user hovers over the ""Delete profile"" action icon
Then they should see a tooltip

Python:
from behave import given, when, then

@given('the user is on the Training Centre page')
def step_impl(context):
    pass

@when('the user views a recognised face')
def step_impl(context):
    pass

@then('they should see the ""Delete profile"" action icon')
def step_impl(context):
    pass

@when('the user hovers over the ""Delete profile"" action icon')
def step_impl(context):
    pass

@then('they should see a tooltip')
def step_impl(context):
    pass"
461,"As a user I want to be able to click on a ""Known"" face on Info Preview to perform a search with that name","Gherkin:
Feature: Known Face Search

Scenario: Click on a known face to perform a search
Given the user is on the info preview page
And there are known faces in the tag area
When the user hovers over a known face
Then bounding boxes should appear
When the user clicks on a known face
Then a new tab should open with the person's name inputted into the resource search bar

Python:
from behave import given, when, then

@given('the user is on the info preview page')
def step_impl(context):
    pass

@given('there are known faces in the tag area')
def step_impl(context):
    pass

@when('the user hovers over a known face')
def step_impl(context):
    pass

@then('bounding boxes should appear')
def step_impl(context):
    pass

@when('the user clicks on a known face')
def step_impl(context):
    pass

@then('a new tab should open with the person\'s name inputted into the resource search bar')
def step_impl(context):
    pass"
462,"2FA: option to select between SMS, Email, or both as options to receive the code (option set at the client level, not configurable per user)","Gherkin:
Feature: Two-Factor Authentication Settings

Scenario: Admin selects 2FA type as SMS
Given the admin is on the Admin > Settings > Login and Security page
And the Two-Factor Authentication (2FA) settings are enabled
When the admin sees the 2FA Type options
And selects the SMS option
Then the SMS option should be set as the 2FA type

Python:
from behave import given, when, then

@given('the admin is on the Admin > Settings > Login and Security page')
def step_impl(context):
    pass

@given('the Two-Factor Authentication (2FA) settings are enabled')
def step_impl(context):
    pass

@when('the admin sees the 2FA Type options')
def step_impl(context):
    pass

@when('selects the SMS option')
def step_impl(context):
    pass

@then('the SMS option should be set as the 2FA type')
def step_impl(context):
    pass"
463,FR: Clone MCP Site handling,"Gherkin:
Feature: MCP Site Data Removal

Scenario: Remove existing facial data and related flags
Given the user is on the MCP site settings page
When the user selects the checkbox to remove facial data
And confirms the action
Then all existing facial data and related flags should be wiped

Python:
from behave import given, when, then

@given('the user is on the MCP site settings page')
def step_impl(context):
    pass

@when('the user selects the checkbox to remove facial data')
def step_impl(context):
    pass

@when('confirms the action')
def step_impl(context):
    pass

@then('all existing facial data and related flags should be wiped')
def step_impl(context):
    pass"
464,"PB - As a User, I want to single-select resource from resource module overlay","Gherkin:
Feature: Resource Selection

Scenario: Single-select a resource from the resource module overlay
Given the user is on the resource module overlay
When the user selects a single resource of type ""Image""
And saves the selection
Then the resource should be uploaded to the designated area in Page Builder

Python:
from behave import given, when, then

@given('the user is on the resource module overlay')
def step_impl(context):
    pass

@when('the user selects a single resource of type ""{resource_type}""')
def step_impl(context, resource_type):
    pass

@when('saves the selection')
def step_impl(context):
    pass

@then('the resource should be uploaded to the designated area in Page Builder')
def step_impl(context):
    pass"
465,"PB - As a User, I want to see and access resource module via a lookup button to select & upload Resources into Page Builder","Gherkin:
Feature: Resource Module Access

Scenario: Access resource module via lookup button
Given the user is on the Page Builder side panel
When the user sees the resource lookup button ""Select""
And clicks the ""Select"" button
Then the user should be able to access the resource module

Python:
from behave import given, when, then

@given('the user is on the Page Builder side panel')
def step_impl(context):
    pass

@when('the user sees the resource lookup button ""{button_text}""')
def step_impl(context, button_text):
    pass

@when('clicks the ""{button_text}"" button')
def step_impl(context, button_text):
    pass

@then('the user should be able to access the resource module')
def step_impl(context):
    pass"
466,"As a user in single view when I click previous/next, or Save & Next,  this takes into account my Search/Filtered results","Gherkin:
Feature: Navigation through filtered results

Scenario: Navigate through filtered results using Previous/Next
Given the user is viewing a single item from filtered results
When the user clicks ""Next""
Then the next item in the filtered results should be displayed

Scenario: Navigate through filtered results using Save & Next
Given the user is viewing a single item from filtered results
When the user clicks ""Save & Next""
Then the next item in the filtered results should be displayed

Scenario: Change search to see more items
Given the user is viewing a single item from filtered results
When the user changes the search criteria
Then the filtered results should update accordingly

Python:
from behave import given, when, then

@given('the user is viewing a single item from filtered results')
def step_impl(context):
    pass

@when('the user clicks ""Next""')
def step_impl(context):
    pass

@then('the next item in the filtered results should be displayed')
def step_impl(context):
    pass

@when('the user clicks ""Save & Next""')
def step_impl(context):
    pass

@when('the user changes the search criteria')
def step_impl(context):
    pass

@then('the filtered results should update accordingly')
def step_impl(context):
    pass"
467,"PB - As a User, I want to report Create Page action in the usage reporting","Gherkin:
Feature: Usage Reporting

Scenario: Report Create Page action in usage reporting
Given the user is on the Create Page
When the user performs a Create action
Then the Simple Page report should show the Create action
And the User Usage Report should be updated
And the Custom Page Usage Report should be updated

Python:
from behave import given, when, then

@given('the user is on the Create Page')
def step_impl(context):
    pass

@when('the user performs a Create action')
def step_impl(context):
    pass

@then('the Simple Page report should show the Create action')
def step_impl(context):
    pass

@then('the User Usage Report should be updated')
def step_impl(context):
    pass

@then('the Custom Page Usage Report should be updated')
def step_impl(context):
    pass"
468,"PB - As a User, I want to report Edit Page action in the usage reporting","Gherkin:
Feature: Usage Reporting

Scenario: Report Edit Page action in usage reporting
Given the user is on the Edit Page
When the user performs an Edit action
Then the action should be recorded in the Simple Page report
And the User Usage Report should be updated

Python:
from behave import given, when, then

@given('the user is on the Edit Page')
def step_impl(context):
    pass

@when('the user performs an Edit action')
def step_impl(context):
    pass

@then('the action should be recorded in the Simple Page report')
def step_impl(context):
    pass

@then('the User Usage Report should be updated')
def step_impl(context):
    pass"
469,"PB - As a User, I want to report Delete Page action in the usage reporting","Gherkin:
Feature: Usage Reporting

Scenario: Report Delete Page action in usage reporting
Given the user is on the usage reporting page
When the user performs a Delete Page action
Then the Simple Page report should include the Delete action
And the User Usage Report should reflect the Delete action
And the Custom Page Usage Report should show the Delete action

Python:
from behave import given, when, then

@given('the user is on the usage reporting page')
def step_impl(context):
    pass

@when('the user performs a Delete Page action')
def step_impl(context):
    pass

@then('the Simple Page report should include the Delete action')
def step_impl(context):
    pass

@then('the User Usage Report should reflect the Delete action')
def step_impl(context):
    pass

@then('the Custom Page Usage Report should show the Delete action')
def step_impl(context):
    pass"
470,"PB - As a User, I want to report View Page action in the usage reporting","Gherkin:
Feature: Usage Reporting

Scenario: Report View Page action in usage reporting
Given the user is on a page
When the user views the page
Then the Simple Page report should show a View action
And the User Usage Report should be updated
And the Custom Page Usage Report should be updated

Python:
from behave import given, when, then

@given('the user is on a page')
def step_impl(context):
    pass

@when('the user views the page')
def step_impl(context):
    pass

@then('the Simple Page report should show a View action')
def step_impl(context):
    pass

@then('the User Usage Report should be updated')
def step_impl(context):
    pass

@then('the Custom Page Usage Report should be updated')
def step_impl(context):
    pass"
471,"PB - As a User, I want to report Resource Download (Original) action in Usage Reporting for Custom Page Module","Gherkin:
Feature: Usage Reporting for Resource Download

Scenario: Report resource download action for original size
Given the user is on a custom page module
When the user downloads a resource in ""Best"" quality
Then the action should be reported in the usage reporting system

Python:
from behave import given, when, then

@given('the user is on a custom page module')
def step_impl(context):
    pass

@when('the user downloads a resource in ""{quality}"" quality')
def step_impl(context, quality):
    pass

@then('the action should be reported in the usage reporting system')
def step_impl(context):
    pass"
472,"PB - As a User, I want to report on Resource downloaded (Original) separately than added in Smart Page for Resource Module (Usage)","Gherkin:
Feature: Resource Usage Reporting

Scenario: Track resource download action in Smart Pages
Given the user is on the Smart Page with Resource Lookup
When the user downloads a previously uploaded Resource in ""Best"" quality
Then the resource usage report should reflect the download action separately

Python:
from behave import given, when, then

@given('the user is on the Smart Page with Resource Lookup')
def step_impl(context):
    pass

@when('the user downloads a previously uploaded Resource in ""Best"" quality')
def step_impl(context):
    pass

@then('the resource usage report should reflect the download action separately')
def step_impl(context):
    pass"
473,"PB - As a User, I want to set Page/Section/Block/Widgets Colour in Opacity ","Gherkin:
Feature: Set Opacity for Page/Section/Block/Widgets

Scenario: Set opacity for Page background
Given the user is on the design settings page
When the user selects the Page background option
And adjusts the opacity bar below the hue bar to 50%
Then the Page background should have 50% opacity

Scenario: Set opacity for Colour Palette Widget
Given the user is on the design settings page
When the user selects the Colour Palette Widget option
And adjusts the opacity bar below the hue bar to 75%
Then the Colour Palette Widget should have 75% opacity

Scenario: Set opacity for Button Widget's Text
Given the user is on the design settings page
When the user selects the Button Widget's Text option
And adjusts the opacity bar below the hue bar to 60%
Then the Button Widget's Text should have 60% opacity

Scenario: Set opacity for Button Widget's Background
Given the user is on the design settings page
When the user selects the Button Widget's Background option
And adjusts the opacity bar below the hue bar to 40%
Then the Button Widget's Background should have 40% opacity

Python:
from behave import given, when, then

@given('the user is on the design settings page')
def step_impl(context):
    pass

@when('the user selects the Page background option')
def step_impl(context):
    pass

@when('the user selects the Colour Palette Widget option')
def step_impl(context):
    pass

@when('the user selects the Button Widget\'s Text option')
def step_impl(context):
    pass

@when('the user selects the Button Widget\'s Background option')
def step_impl(context):
    pass

@when('adjusts the opacity bar below the hue bar to {opacity:d}%')
def step_impl(context, opacity):
    pass

@then('the Page background should have {opacity:d}% opacity')
def step_impl(context, opacity):
    pass

@then('the Colour Palette Widget should have {opacity:d}% opacity')
def step_impl(context, opacity):
    pass

@then('the Button Widget\'s Text should have {opacity:d}% opacity')
def step_impl(context, opacity):
    pass

@then('the Button Widget\'s Background should have {opacity:d}% opacity')
def step_impl(context, opacity):
    pass"
474,Folder Filter: Navigation Behaviour issues/updates between single and bulk,"Gherkin:
Feature: Folder Filter Navigation

Scenario: Return to Bulk List with filter engaged after closing a single file
Given the user has selected a folder from the filter
And opened a single file from the filtered list
When the user clicks close or cancel
Then they should be returned to the Bulk List page
And the filter choice should still be engaged
And the correct resources should be displaying

Python:
from behave import given, when, then

@given('the user has selected a folder from the filter')
def step_impl(context):
    pass

@given('opened a single file from the filtered list')
def step_impl(context):
    pass

@when('the user clicks close or cancel')
def step_impl(context):
    pass

@then('they should be returned to the Bulk List page')
def step_impl(context):
    pass

@then('the filter choice should still be engaged')
def step_impl(context):
    pass

@then('the correct resources should be displaying')
def step_impl(context):
    pass"
475,"As a bulk edit user, I can see the Folder name for the resource in single view","Gherkin:
Feature: Single View Folder Name Display

Scenario: Display folder name in single view page
Given the user is on the single view page
When the page is loaded
Then the folder name should be displayed in the page name

Python:
from behave import given, when, then

@given('the user is on the single view page')
def step_impl(context):
    pass

@when('the page is loaded')
def step_impl(context):
    pass

@then('the folder name should be displayed in the page name')
def step_impl(context):
    pass"
476,"As a User, I want to filter Image Resources that flagged with Unknown faces","Gherkin:
Feature: Filter Image Resources

Scenario: Filter resources with Unknown People condition
Given the user is on the resource filter panel
When the user selects the ""Unknown People"" condition
Then the resources should be filtered to show only those with Unknown faces

Scenario: Verify position of Unknown People condition
Given the user is on the resource filter panel
Then the ""Unknown People"" condition should be below ""People""

Python:
from behave import given, when, then

@given('the user is on the resource filter panel')
def step_impl(context):
    pass

@when('the user selects the ""Unknown People"" condition')
def step_impl(context):
    pass

@then('the resources should be filtered to show only those with Unknown faces')
def step_impl(context):
    pass

@then('the ""Unknown People"" condition should be below ""People""')
def step_impl(context):
    pass"
477,"As a User, I want to see Training Center popup with dedicated paddings & sizes","Gherkin:
Feature: Training Center Popup

Scenario: Display Training Center popup with dedicated paddings and sizes
Given the user is on the Training Center page
When the Training Center popup is triggered
Then the popup should display with the correct paddings and sizes

Python:
from behave import given, when, then

@given('the user is on the Training Center page')
def step_impl(context):
    pass

@when('the Training Center popup is triggered')
def step_impl(context):
    pass

@then('the popup should display with the correct paddings and sizes')
def step_impl(context):
    pass"
478,"PB - (Misc) As a User, I want to have a standard Text Widget - Link input without a placeholder","Gherkin:
Feature: Text Widget Link Input

Scenario: Display text widget link popup without a placeholder
Given the user is on the text widget page
When the user clicks on the link input
Then the link popup should be displayed without a placeholder

Python:
from behave import given, when, then

@given('the user is on the text widget page')
def step_impl(context):
    pass

@when('the user clicks on the link input')
def step_impl(context):
    pass

@then('the link popup should be displayed without a placeholder')
def step_impl(context):
    pass"
479,"As a User, I want to control Daily Digest trigger of New Comments in Admin/My Account","Gherkin:
Feature: Daily Digest Trigger Control

Scenario: Enable daily digest for new comments
Given the user is on the Admin - Alert settings page
When the user views the New Comments setting for daily digest email
And selects ""daily, never"" option
And applies the changes
Then the daily digest setting should be updated to ""daily, never""

Python:
from behave import given, when, then

@given('the user is on the Admin - Alert settings page')
def step_impl(context):
    pass

@when('the user views the New Comments setting for daily digest email')
def step_impl(context):
    pass

@when('selects ""{option}"" option')
def step_impl(context, option):
    pass

@when('applies the changes')
def step_impl(context):
    pass

@then('the daily digest setting should be updated to ""{option}""')
def step_impl(context, option):
    pass"
480,"As a User, I want to access Reply action for New Comments in Daily Digest Email","Gherkin:
Feature: Reply to Comments in Daily Digest Email

Scenario: Access Reply action for new comments
Given the user is viewing the Daily Digest Email
When the user sees the ""Reply"" action for a new comment
And clicks on ""Reply""
Then they should be redirected to the Reply page in a new tab

Python:
from behave import given, when, then

@given('the user is viewing the Daily Digest Email')
def step_impl(context):
    pass

@when('the user sees the ""Reply"" action for a new comment')
def step_impl(context):
    pass

@when('clicks on ""Reply""')
def step_impl(context):
    pass

@then('they should be redirected to the Reply page in a new tab')
def step_impl(context):
    pass"
481,"As a User, I want to see New Comments in Daily Digest Email","Gherkin:
Feature: Daily Digest Email

Scenario: View new comments in daily digest email
Given the user receives the daily digest email
When the email is opened
Then the user should see new markup comments as per design

Python:
from behave import given, when, then

@given('the user receives the daily digest email')
def step_impl(context):
    pass

@when('the email is opened')
def step_impl(context):
    pass

@then('the user should see new markup comments as per design')
def step_impl(context):
    pass"
482,"As a User, I want to control Daily Digest trigger of New Replies in Admin/My Account","Gherkin:
Feature: Daily Digest Trigger Control

Scenario: View and modify New Replies setting for daily digest
Given the user is on the Admin - Alert page
When the user views the New Replies setting for daily digest email
Then the default digest frequency should be ""Never""

Scenario: Turn on daily digest for New Replies
Given the user is on the Admin - Alert page
When the user sets the digest frequency to ""Daily""
And applies the changes
Then the digest frequency should be set to ""Daily""

Python:
from behave import given, when, then

@given('the user is on the Admin - Alert page')
def step_impl(context):
    pass

@when('the user views the New Replies setting for daily digest email')
def step_impl(context):
    pass

@then('the default digest frequency should be ""{frequency}""')
def step_impl(context, frequency):
    pass

@when('the user sets the digest frequency to ""{frequency}""')
def step_impl(context, frequency):
    pass

@when('applies the changes')
def step_impl(context):
    pass

@then('the digest frequency should be set to ""{frequency}""')
def step_impl(context, frequency):
    pass"
483,"As a User, I want to access Reply action for New Replies in Daily Digest Email","Gherkin:
Feature: Reply to New Replies in Daily Digest Email

Scenario: Access Reply action for new replies
Given the user is viewing the Daily Digest Email
When the user sees the ""Reply"" action for a new reply
And clicks on ""Reply""
Then a new tab should open with the Reply page
And the applicable comment should be highlighted
And the text-box should be active for replying

Python:
from behave import given, when, then

@given('the user is viewing the Daily Digest Email')
def step_impl(context):
    pass

@when('the user sees the ""Reply"" action for a new reply')
def step_impl(context):
    pass

@when('clicks on ""Reply""')
def step_impl(context):
    pass

@then('a new tab should open with the Reply page')
def step_impl(context):
    pass

@then('the applicable comment should be highlighted')
def step_impl(context):
    pass

@then('the text-box should be active for replying')
def step_impl(context):
    pass"
484,"As a User, I want to see New Replies in Daily Digest Email","Gherkin:
Feature: Daily Digest Email

Scenario: View new replies in daily digest email
Given the user receives a daily digest email
When the email is opened
Then the email should display new replied markup comments as per design
And the email should show replied comment contents, user, and time

Python:
from behave import given, when, then

@given('the user receives a daily digest email')
def step_impl(context):
    pass

@when('the email is opened')
def step_impl(context):
    pass

@then('the email should display new replied markup comments as per design')
def step_impl(context):
    pass

@then('the email should show replied comment contents, user, and time')
def step_impl(context):
    pass"
485,"FR - As a User, I want to filter Image Resource by tagged faces (with names) from Search - Filter - People","Gherkin:
Feature: Filter Image Resource by Tagged Faces

Scenario: Filter images by tagged names
Given the user is on the Resource Search Filter panel
When the user sees the new filter section ""People""
And inputs the name ""John Doe""
Then the search results should display images tagged with ""John Doe""

Python:
from behave import given, when, then

@given('the user is on the Resource Search Filter panel')
def step_impl(context):
    pass

@when('the user sees the new filter section ""{section}""')
def step_impl(context, section):
    pass

@when('inputs the name ""{name}""')
def step_impl(context, name):
    pass

@then('the search results should display images tagged with ""{name}""')
def step_impl(context, name):
    pass"
486,"PB - (Misc) As a User, I want to exit Editing mode and go back to Custom Page List during creating/editing a Simple Page","Gherkin:
Feature: Exit Editing Mode

Scenario: Exit editing mode and return to Custom Page List
Given the user is in Editing mode of a Simple Page
When the user clicks the page exit button on the top bar
Then they should be redirected to the Custom Page List

Python:
from behave import given, when, then

@given('the user is in Editing mode of a Simple Page')
def step_impl(context):
    pass

@when('the user clicks the page exit button on the top bar')
def step_impl(context):
    pass

@then('they should be redirected to the Custom Page List')
def step_impl(context):
    pass"
487,[FILTERS] As a user I can see the currently applied filter above the list / select between filters - on the fly filter support,"Gherkin:
Feature: Filter Selection

Scenario: Toggle between filters on the page
Given the user is on the page with a list of items
When the user applies a filter ""Price: Low to High""
Then the filter ""Price: Low to High"" should be displayed above the list
And the list should be sorted by ""Price: Low to High""

Python:
from behave import given, when, then

@given('the user is on the page with a list of items')
def step_impl(context):
    pass

@when('the user applies a filter ""{filter_name}""')
def step_impl(context, filter_name):
    pass

@then('the filter ""{filter_name}"" should be displayed above the list')
def step_impl(context, filter_name):
    pass

@then('the list should be sorted by ""{filter_name}""')
def step_impl(context, filter_name):
    pass"
488,[GDA] -  As a User if I don't have permission to download the item I have to request permission to download again (or cannot download) - Part 1/2 - grouped download button,"Gherkin:
Feature: Bulk Download Permission

Scenario: Request permission when user lacks download rights
Given the user has selected items for bulk download
And the user lacks permission to download any selected items
When the user clicks the bulk download button
Then they should be redirected to the Bulk Request Approval page

Python:
from behave import given, when, then

@given('the user has selected items for bulk download')
def step_impl(context):
    pass

@given('the user lacks permission to download any selected items')
def step_impl(context):
    pass

@when('the user clicks the bulk download button')
def step_impl(context):
    pass

@then('they should be redirected to the Bulk Request Approval page')
def step_impl(context):
    pass"
489,[GDA] -  As a User I want to be able to bulk download my items when able,"Gherkin:
Feature: Bulk Download

Scenario: Successful bulk download of items
Given the user is on the items page
And the request is approved and within the approved timeframe
When the user selects multiple items
And clicks the ""Bulk Download"" button
Then the items should be downloaded successfully

Python:
from behave import given, when, then

@given('the user is on the items page')
def step_impl(context):
    pass

@given('the request is approved and within the approved timeframe')
def step_impl(context):
    pass

@when('the user selects multiple items')
def step_impl(context):
    pass

@when('clicks the ""Bulk Download"" button')
def step_impl(context):
    pass

@then('the items should be downloaded successfully')
def step_impl(context):
    pass"
490,"[GDA] -  Once user has responded, item will be ignored in bulk Apply + submit","Gherkin:
Feature: Bulk Apply and Submit

Scenario: Respond to item and ignore in bulk apply
Given the user has selected items on the Grouped List page
When the user responds to an item
And submits the response
Then the item should remain selected if validation passes
And the user can update their response individually

Python:
from behave import given, when, then

@given('the user has selected items on the Grouped List page')
def step_impl(context):
    pass

@when('the user responds to an item')
def step_impl(context):
    pass

@when('submits the response')
def step_impl(context):
    pass

@then('the item should remain selected if validation passes')
def step_impl(context):
    pass

@then('the user can update their response individually')
def step_impl(context):
    pass"
491,"[GDA] - As a user, I want to be able to Update my Response in single review page 1/2: Core handling","Gherkin:
Feature: Update Response in Single Review Page

Scenario: Update response for a pending request
Given the user is on the single review page with a pending request
And the ""Update Response"" button is visible in the ""My Response"" section
When the user clicks the ""Update Response"" button
Then the user should be able to update their response

Python:
from behave import given, when, then

@given('the user is on the single review page with a pending request')
def step_impl(context):
    pass

@given('the ""Update Response"" button is visible in the ""My Response"" section')
def step_impl(context):
    pass

@when('the user clicks the ""Update Response"" button')
def step_impl(context):
    pass

@then('the user should be able to update their response')
def step_impl(context):
    pass"
492,"[GDA] - As a user, I want to be able to click Submit & Next (single view) and have validation checks occurs","Gherkin:
Feature: Submit & Next Validation

Scenario: Validation checks on Submit & Next
Given the user is on the single request view
When the user clicks ""Submit & Next""
Then a validation check should occur for mandatory comments
And a validation check should occur for unfilled responses

Python:
from behave import given, when, then

@given('the user is on the single request view')
def step_impl(context):
    pass

@when('the user clicks ""Submit & Next""')
def step_impl(context):
    pass

@then('a validation check should occur for mandatory comments')
def step_impl(context):
    pass

@then('a validation check should occur for unfilled responses')
def step_impl(context):
    pass"
493,"[GDA] - As a user, I want to be able to click Submit & Next (single view) and be taken to the next item in the list","Gherkin:
Feature: Navigation to Next Item

Scenario: Click Submit & Next to navigate to the next item
Given the user is viewing an item on the single view page
When the user clicks the ""Submit & Next"" button
Then they should be taken to the next item in the list

Python:
from behave import given, when, then

@given('the user is viewing an item on the single view page')
def step_impl(context):
    pass

@when('the user clicks the ""Submit & Next"" button')
def step_impl(context):
    pass

@then('they should be taken to the next item in the list')
def step_impl(context):
    pass"
494,"[GDA] - As a user, I can add comment, approve/decline, select approved / until date in Grouped Approval Review Page & Apply that to Selected requests","Gherkin:
Feature: Grouped Approval Review

Scenario: Apply comment and approval to selected requests
Given the user is on the Grouped Approval Review Page
And the user has selected multiple requests
When the user adds a comment ""Approved for Q4""
And selects ""Approved"" status
And sets the ""until date"" to ""2023-12-31""
And applies changes to selected requests
Then the selected requests should be updated with the comment, status, and until date

Python:
from behave import given, when, then

@given('the user is on the Grouped Approval Review Page')
def step_impl(context):
    pass

@given('the user has selected multiple requests')
def step_impl(context):
    pass

@when('the user adds a comment ""{comment}""')
def step_impl(context, comment):
    pass

@when('selects ""{status}"" status')
def step_impl(context, status):
    pass

@when('sets the ""until date"" to ""{until_date}""')
def step_impl(context, until_date):
    pass

@when('applies changes to selected requests')
def step_impl(context):
    pass

@then('the selected requests should be updated with the comment, status, and until date')
def step_impl(context):
    pass"
495,As a user I want to see time to complete for requests in Workflow Dashboards (UPDATE) including Reviewed Status Requests,"Gherkin:
Feature: Workflow Dashboard Time to Complete

Scenario: Display time to complete for requests including Reviewed Status
Given the user is on the Workflow Dashboard
When the user selects ""All Workflows"" or a specific workflow
Then the time to complete should be displayed for requests including those with Reviewed Status

Python:
from behave import given, when, then

@given('the user is on the Workflow Dashboard')
def step_impl(context):
    pass

@when('the user selects ""{workflow_option}""')
def step_impl(context, workflow_option):
    pass

@then('the time to complete should be displayed for requests including those with Reviewed Status')
def step_impl(context):
    pass"
496,"CT - As a User, on Add Revision page I should be able to see my Threads and switch between them but not Manage them.","Gherkin:
Feature: Add Revision Page Threads

Scenario: View and switch between Threads on Add Revision page
Given the user is on the Add Revision page
When the user views their Threads
Then they should be able to switch between Threads
And they should see all comments of the selected Thread
And they should not be able to manage or create new Threads

Python:
from behave import given, when, then

@given('the user is on the Add Revision page')
def step_impl(context):
    pass

@when('the user views their Threads')
def step_impl(context):
    pass

@then('they should be able to switch between Threads')
def step_impl(context):
    pass

@then('they should see all comments of the selected Thread')
def step_impl(context):
    pass

@then('they should not be able to manage or create new Threads')
def step_impl(context):
    pass"
497,"As a User, In the V2 Database Settings - I want to select a Feature Field Completion Value which will offer the approval statuses as options","Gherkin:
Feature: V2 Database Settings - Feature Field Completion Value

Scenario: Display Feature Field Completion Value options
Given a Multi Upload field is selected as a Feature Field
When the user accesses the Feature Field Completion Value dropdown
Then the dropdown should display the options ""Approved"", ""Cancelled"", ""Completed"", ""Declined"", ""Pending""

Python:
from behave import given, when, then

@given('a Multi Upload field is selected as a Feature Field')
def step_impl(context):
    pass

@when('the user accesses the Feature Field Completion Value dropdown')
def step_impl(context):
    pass

@then('the dropdown should display the options ""{option1}"", ""{option2}"", ""{option3}"", ""{option4}"", ""{option5}""')
def step_impl(context, option1, option2, option3, option4, option5):
    pass"
498,As a user I want to filter by number of revisions for Resource Publish Requests in Workflow Request Stats,"Gherkin:
Feature: Filter by number of revisions

Scenario: Display 'Markup Comments Revisions' option when 'All Workflows' is selected
Given the user is on the Workflow Request Stats page
When the user selects 'All Workflows'
Then the 'Markup Comments Revisions' option should be available

Python:
from behave import given, when, then

@given('the user is on the Workflow Request Stats page')
def step_impl(context):
    pass

@when('the user selects ""All Workflows""')
def step_impl(context):
    pass

@then('the ""Markup Comments Revisions"" option should be available')
def step_impl(context):
    pass"
499,As a user I want to run a stats report for database tool and see files from multi upload field represented each on their own row (excluding in Duplicable sections),"Gherkin:
Feature: Stats Report Generation

Scenario: Generate stats report with multi-upload field files on separate rows
Given the user is on the stats report page
When the user runs the stats report for the database tool
Then each file from the multi-upload field should be represented on its own row
And files in Duplicable sections should not be included

Python:
from behave import given, when, then

@given('the user is on the stats report page')
def step_impl(context):
    pass

@when('the user runs the stats report for the database tool')
def step_impl(context):
    pass

@then('each file from the multi-upload field should be represented on its own row')
def step_impl(context):
    pass

@then('files in Duplicable sections should not be included')
def step_impl(context):
    pass"
500,As a user I want to filter by time to complete for any workflow request in Workflow Response Stats Reporting - conditions,"Gherkin:
Feature: Workflow Response Stats Reporting

Scenario: Filter by Time to Complete in Workflow Request
Given the user is on the Workflow Response Stats Reporting page
When the user selects the 'Workflow Request' filter
And chooses 'Time to Complete (Hours)'
Then the report should display results filtered by the selected time to complete

Python:
from behave import given, when, then

@given('the user is on the Workflow Response Stats Reporting page')
def step_impl(context):
    pass

@when('the user selects the ""Workflow Request"" filter')
def step_impl(context):
    pass

@when('chooses ""Time to Complete (Hours)""')
def step_impl(context):
    pass

@then('the report should display results filtered by the selected time to complete')
def step_impl(context):
    pass"
