ID,User Story,Output
1,"As a user, I want to enable image tagging from the Asset Intelligence section in the MCP settings","Feature: Enable Image Tagging in MCP Settings

Scenario: Enable Image Tagging and verify Azure settings

Given the user is on the MCP settings page under Asset Intelligence
And the Enable Video / Audio Tagging setting is visible
When the user enables the Enable Image Tagging setting
Then the platform should ignore Imagga functionality
And the Azure Image Processing Limit (Images) (per billing cycle) setting should be visible
And the Azure Video Processing Limit (minutes) (per billing cycle) setting should be updated

Python:

from behave import given, when, then

@given('the user is on the MCP settings page under Asset Intelligence')
def step_impl(context):
    pass

@given('the Enable Video / Audio Tagging setting is visible')
def step_impl(context):
    pass

@when('the user enables the Enable Image Tagging setting')
def step_impl(context):
    pass

@then('the platform should ignore Imagga functionality')
def step_impl(context):
    pass

@then('the Azure Image Processing Limit (Images) (per billing cycle) setting should be visible')
def step_impl(context):
    pass

@then('the Azure Video Processing Limit (minutes) (per billing cycle) setting should be updated')
def step_impl(context):
    pass"
2,"As an IB team member, I want to be able to enable an Auto-Focal setting in MCP so that I can control all the settings from one place.","Gherkin:

Feature: Manage Auto-Focal Setting in MCP

Scenario: Enable Auto-Focal Setting

Given the MCP is accessible
And the user is in the Development Use Only area
And the ""Resources - Preset Auto-Focal"" setting is available
When the user enables the ""Resources - Preset Auto-Focal"" toggle
Then Auto-focal tickets should become enabled on the platform

Python:

from behave import given, when, then

@given('the MCP is accessible')
def step_impl(context):
    pass

@given('the user is in the Development Use Only area')
def step_impl(context):
    pass

@given('the ""Resources - Preset Auto-Focal"" setting is available')
def step_impl(context):
    pass

@when('the user enables the ""Resources - Preset Auto-Focal"" toggle')
def step_impl(context):
    pass

@then('Auto-focal tickets should become enabled on the platform')
def step_impl(context):
    pass"
3,"As an IB team member, I want to be able to enable a GIF/Lottie setting in MCP so that I can control all the settings from one place","Gherkin:

Feature: Manage GIF/Lottie Preview Support Setting

Scenario: Enable GIF/Lottie Preview Support

Given the MCP is accessed by an IB team member
And the ""Resources - GIF/Lottie Preview Support"" setting is located in the Development Use Only area
When the team member enables the ""Resources - GIF/Lottie Preview Support"" toggle
Then all GIF/Lottie Preview features should be enabled on the platform

Python:

from behave import given, when, then

@given('the MCP is accessed by an IB team member')
def step_impl(context):
    pass

@given('the ""Resources - GIF/Lottie Preview Support"" setting is located in the Development Use Only area')
def step_impl(context):
    pass

@when('the team member enables the ""Resources - GIF/Lottie Preview Support"" toggle')
def step_impl(context):
    pass

@then('all GIF/Lottie Preview features should be enabled on the platform')
def step_impl(context):
    pass"
4,"As a user, I want to be able to upload a GIF and have it automatically converted into a MP4 file so that I can view it in the previewer.","Feature: GIF to MP4 Conversion

Scenario: Convert uploaded GIF to MP4

Given a user has a GIF file ready for upload
And the GIF file is uploaded to the platform
When the system processes the uploaded GIF
Then the GIF should be converted to an MP4 file
And the MP4 should be stored alongside the original GIF

Python:

from behave import given, when, then

@given('a user has a GIF file ready for upload')
def step_given_user_has_gif(context):
    context.gif_file = ""path/to/gif/file.gif""

@given('the GIF file is uploaded to the platform')
def step_given_gif_uploaded(context):
    context.uploaded = True

@when('the system processes the uploaded GIF')
def step_when_system_processes_gif(context):
    if context.uploaded:
        context.mp4_file = ""path/to/mp4/file.mp4""

@then('the GIF should be converted to an MP4 file')
def step_then_gif_converted_to_mp4(context):
    assert context.mp4_file is not None

@then('the MP4 should be stored alongside the original GIF')
def step_then_mp4_stored(context):
    assert context.mp4_file == ""path/to/mp4/file.mp4"""
5,"As a user, I want to be able to upload a Lottie File and have it automatically converted into a MP4 file so that I can view it in the previewer.","Gherkin:

Feature: Convert Lottie File to MP4

Scenario: Successful conversion of uploaded Lottie File to MP4

Given a user has a valid Lottie File
And the user is on the upload page
When the user uploads the Lottie File
Then the system should convert the Lottie File to an MP4
And the MP4 should be stored alongside the original Lottie File
And the MP4 should be available for preview

Python:

from behave import given, when, then

@given('a user has a valid Lottie File')
def step_given_user_has_valid_lottie_file(context):
    context.lottie_file = ""path/to/valid/lottie.json""

@given('the user is on the upload page')
def step_given_user_on_upload_page(context):
    context.page = ""upload_page""

@when('the user uploads the Lottie File')
def step_when_user_uploads_lottie_file(context):
    context.upload_success = upload_lottie_file(context.lottie_file)

@then('the system should convert the Lottie File to an MP4')
def step_then_system_converts_to_mp4(context):
    context.mp4_file = convert_to_mp4(context.lottie_file)
    assert context.mp4_file is not None

@then('the MP4 should be stored alongside the original Lottie File')
def step_then_mp4_stored(context):
    assert check_storage(context.lottie_file, context.mp4_file)

@then('the MP4 should be available for preview')
def step_then_mp4_available_for_preview(context):
    assert is_available_for_preview(context.mp4_file)"
6,"As a user, I want to be select a Preset that has auto-focal enabled, on multiple images from the Bulk Download Screen, so that the cropping can occur on the focal point of the image.","Gherkin:

Feature: Bulk Download with Auto-focal Preset

Scenario: Download images with Auto-focal enabled preset

Given the user is on the Bulk Download screen
And the user has selected a Global Preset with Auto-focal enabled
When the user initiates the download of images
Then the system detects the focal point of each image
And the crop area is centered on the focal point
And the images are downloaded in a Zip file

Python:

from behave import given, when, then

@given('the user is on the Bulk Download screen')
def step_given_user_on_bulk_download_screen(context):
    pass

@given('the user has selected a Global Preset with Auto-focal enabled')
def step_given_user_selected_auto_focal_preset(context):
    pass

@when('the user initiates the download of images')
def step_when_user_initiates_download(context):
    pass

@then('the system detects the focal point of each image')
def step_then_system_detects_focal_point(context):
    pass

@then('the crop area is centered on the focal point')
def step_then_crop_area_centered(context):
    pass

@then('the images are downloaded in a Zip file')
def step_then_images_downloaded_in_zip(context):
    pass"
7,"As a user, I want to be able to preview the GIF or Lottie File converted MP4 on the Info Preview screen so that I can preview what the animation is like before I download it","Gherkin:

Feature: Preview Animation on Info Preview Screen

Scenario: Auto-play converted MP4 on Info Preview Screen

Given the user is on the Info Preview page
And the file type is a GIF or Lottie
When the Info Preview screen loads
Then the converted MP4 should auto-play on a loop
And the video controls should be hidden
And the file type metadata should show GIF/Lottie
And the version file type should be GIF/Lottie

Python:

from behave import given, when, then

@given('the user is on the Info Preview page')
def step_given_user_on_info_preview_page(context):
    pass

@given('the file type is a GIF or Lottie')
def step_given_file_type_is_gif_or_lottie(context):
    pass

@when('the Info Preview screen loads')
def step_when_info_preview_screen_loads(context):
    pass

@then('the converted MP4 should auto-play on a loop')
def step_then_mp4_auto_plays_on_loop(context):
    pass

@then('the video controls should be hidden')
def step_then_video_controls_hidden(context):
    pass

@then('the file type metadata should show GIF/Lottie')
def step_then_file_type_metadata_shows_gif_lottie(context):
    pass

@then('the version file type should be GIF/Lottie')
def step_then_version_file_type_is_gif_lottie(context):
    pass"
8,"As a user, I want GIF/Lottie file to have the first frame as the Thumbnail Preview (PNG)","Feature: Thumbnail Preview for GIF/Lottie Files

Scenario: Generate PNG Thumbnail from First Frame

Given a GIF or Lottie file is uploaded
And the file is available in the Resource List View
When the system processes the file for thumbnail generation
Then the first frame of the file is saved as a PNG thumbnail
And the PNG thumbnail is displayed in the Resource List View
And the PNG thumbnail is displayed in the Resource Mosaic View
And the PNG thumbnail is displayed in the Versions section
And the PNG thumbnail is displayed in the Alias section
And the PNG thumbnail is displayed in the Similar section
And the PNG thumbnail is displayed in the Dashboard List
And the PNG thumbnail is displayed in the Approvals List
And the PNG thumbnail is displayed in the Collections

Python:

from behave import given, when, then

@given('a GIF or Lottie file is uploaded')
def step_given_file_uploaded(context):
    pass

@given('the file is available in the Resource List View')
def step_given_file_in_resource_list(context):
    pass

@when('the system processes the file for thumbnail generation')
def step_when_system_processes_file(context):
    pass

@then('the first frame of the file is saved as a PNG thumbnail')
def step_then_save_first_frame_as_png(context):
    pass

@then('the PNG thumbnail is displayed in the Resource List View')
def step_then_display_in_resource_list(context):
    pass

@then('the PNG thumbnail is displayed in the Resource Mosaic View')
def step_then_display_in_resource_mosaic(context):
    pass

@then('the PNG thumbnail is displayed in the Versions section')
def step_then_display_in_versions(context):
    pass

@then('the PNG thumbnail is displayed in the Alias section')
def step_then_display_in_alias(context):
    pass

@then('the PNG thumbnail is displayed in the Similar section')
def step_then_display_in_similar(context):
    pass

@then('the PNG thumbnail is displayed in the Dashboard List')
def step_then_display_in_dashboard_list(context):
    pass

@then('the PNG thumbnail is displayed in the Approvals List')
def step_then_display_in_approvals_list(context):
    pass

@then('the PNG thumbnail is displayed in the Collections')
def step_then_display_in_collections(context):
    pass"
9,"As a user, I want to be able to preview the GIF or Lottie File converted MP4 on the Share screen so that I can preview what the animation is like before share it","Feature: Preview animation on Share screen

Scenario: User previews GIF or Lottie File converted MP4

Given the user is on the Share screen
And a GIF or Lottie File has been converted to MP4
When the user views the Share screen
Then the MP4 preview should autoplay
And the controls should be hidden

Python:

from behave import given, when, then

@given('the user is on the Share screen')
def step_given_user_on_share_screen(context):
    pass

@given('a GIF or Lottie File has been converted to MP4')
def step_given_file_converted_to_mp4(context):
    pass

@when('the user views the Share screen')
def step_when_user_views_share_screen(context):
    pass

@then('the MP4 preview should autoplay')
def step_then_mp4_autoplay(context):
    pass

@then('the controls should be hidden')
def step_then_controls_hidden(context):
    pass"
10,"As a user, I want to be able to preview the GIF or Lottie File converted MP4 on the Edit screen so that I can preview what the animation like before I Edit or upload a new version","Gherkin:

Feature: Preview Animation on Edit Screen

Scenario: User previews converted MP4 animation

Given the user is on the Edit/New Version screen
And a GIF or Lottie file has been converted to MP4
When the user views the animation preview
Then the MP4 should autoplay
And the controls should be hidden

Python:

from behave import given, when, then

@given('the user is on the Edit/New Version screen')
def step_given_user_on_edit_screen(context):
    pass

@given('a GIF or Lottie file has been converted to MP4')
def step_given_file_converted_to_mp4(context):
    pass

@when('the user views the animation preview')
def step_when_user_views_animation_preview(context):
    pass

@then('the MP4 should autoplay')
def step_then_mp4_should_autoplay(context):
    pass

@then('the controls should be hidden')
def step_then_controls_should_be_hidden(context):
    pass"
11,"As a user, I want to be able to preview the GIF or Lottie File converted MP4 on the Review Request screen in Approvals so that I can preview what the animation is when approving","Gherkin:

Feature: Preview Animation on Review Request Screen

Scenario: User previews the converted MP4 animation

Given the user is on the Review Request Tab of the Approvals Screen
And a GIF or Lottie File has been converted to MP4
When the user views the Review Request Tab
Then the MP4 preview should autoplay
And the controls should be hidden

Python:

from behave import given, when, then

@given('the user is on the Review Request Tab of the Approvals Screen')
def step_given_user_on_review_request_tab(context):
    pass

@given('a GIF or Lottie File has been converted to MP4')
def step_given_file_converted_to_mp4(context):
    pass

@when('the user views the Review Request Tab')
def step_when_user_views_review_request_tab(context):
    pass

@then('the MP4 preview should autoplay')
def step_then_mp4_autoplay(context):
    pass

@then('the controls should be hidden')
def step_then_controls_hidden(context):
    pass"
12,"As a user, I want to be able to preview the GIF or Lottie File converted MP4 on the Versions/Revisions Screen so that I can preview what the animation is before adding a version/revision","Gherkin:

Feature: Preview Animation on Versions/Revisions Screen

Scenario: User previews converted MP4 animation

Given the user is on the Versions or Revisions Tab of the Approvals Screen
And a GIF or Lottie File has been converted to MP4
When the user views the animation preview
Then the MP4 should autoplay
And the controls should be hidden

Python:

from behave import given, when, then

@given('the user is on the Versions or Revisions Tab of the Approvals Screen')
def step_given_user_on_versions_revisions_tab(context):
    pass

@given('a GIF or Lottie File has been converted to MP4')
def step_given_file_converted_to_mp4(context):
    pass

@when('the user views the animation preview')
def step_when_user_views_animation_preview(context):
    pass

@then('the MP4 should autoplay')
def step_then_mp4_should_autoplay(context):
    pass

@then('the controls should be hidden')
def step_then_controls_should_be_hidden(context):
    pass"
13,"As a user, I want to be able to see the GIF or Lottie File converted MP4 on the Markup Screen in Approvals so that I can markup the animation to get feedback and new revisions worked on","Gherkin:

Feature: Preview Animation on Markup Screen

Scenario: User views converted MP4 on Markup Tab

Given the user is on the Approvals Screen
And the user navigates to the Markup Request Tab
When the user uploads a GIF or Lottie File
And the file is converted to MP4
Then the preview of the converted MP4 is displayed
And the PDFTron controls are visible
And the user can markup the animation

Python:

from behave import given, when, then

@given('the user is on the Approvals Screen')
def step_impl(context):
    pass

@given('the user navigates to the Markup Request Tab')
def step_impl(context):
    pass

@when('the user uploads a GIF or Lottie File')
def step_impl(context):
    pass

@when('the file is converted to MP4')
def step_impl(context):
    pass

@then('the preview of the converted MP4 is displayed')
def step_impl(context):
    pass

@then('the PDFTron controls are visible')
def step_impl(context):
    pass

@then('the user can markup the animation')
def step_impl(context):
    pass"
14,"As a Database Manager, I want to Allow End users to overide default and change names","Gherkin:

Feature: Allow User Updates to Titles

Scenario: Enable user updates and verify configuration

Given the Configure Auto-Created Records page is open
And the option ""Allow User updates to Titles upon creation"" is visible
When I enable the option
And I click on Confirm
And I click on Save & Close
And I navigate back to the Lookup Grid
And I click on the Configure Button
Then the option ""Allow User updates to Titles upon creation"" should be enabled
And the Confirm button should be enabled even if some fields are blank
And the end user component should appear

Python:

from behave import given, when, then

@given('the Configure Auto-Created Records page is open')
def step_impl(context):
    pass

@given('the option ""Allow User updates to Titles upon creation"" is visible')
def step_impl(context):
    pass

@when('I enable the option')
def step_impl(context):
    pass

@when('I click on Confirm')
def step_impl(context):
    pass

@when('I click on Save & Close')
def step_impl(context):
    pass

@when('I navigate back to the Lookup Grid')
def step_impl(context):
    pass

@when('I click on the Configure Button')
def step_impl(context):
    pass

@then('the option ""Allow User updates to Titles upon creation"" should be enabled')
def step_impl(context):
    pass

@then('the Confirm button should be enabled even if some fields are blank')
def step_impl(context):
    pass

@then('the end user component should appear')
def step_impl(context):
    pass"
15,"As a user, when no custom configs are enabled, and no workflow on parent, I see no pop-up and child records are created","Feature: Child Record Creation Without Custom Configs

Scenario: Create child records when no custom configs are enabled

Given the ""Allow User updates to Titles upon creation"" checkbox is disabled
And no workflow request is made for the parent record
When the user saves the parent record
Then an info snackbar appears with the message ""Linked Records are being created. Click here to open linked database.""
And child records are created immediately after the parent record is saved

Python:

from behave import given, when, then

@given('the ""Allow User updates to Titles upon creation"" checkbox is disabled')
def step_given_checkbox_disabled(context):
    # Code to ensure the checkbox is disabled
    pass

@given('no workflow request is made for the parent record')
def step_given_no_workflow_request(context):
    # Code to ensure no workflow request is made
    pass

@when('the user saves the parent record')
def step_when_user_saves_parent_record(context):
    # Code to simulate saving the parent record
    pass

@then('an info snackbar appears with the message ""Linked Records are being created. Click here to open linked database.""')
def step_then_info_snackbar_appears(context):
    # Code to check the snackbar message
    pass

@then('child records are created immediately after the parent record is saved')
def step_then_child_records_created(context):
    # Code to verify child records are created
    pass"
16,"As a user, when parent record undergoes publish approval process, child records are only created when parent is approved","Feature: Publish Approval Process for Parent and Child Records

Scenario: Child records creation upon parent record approval

Given a parent record is submitted for approval
And the parent record is in the approval process
When the parent record status becomes 'Approved'
Then child records are created
And the creator of the child records is the creator of the parent record

Python:

from behave import given, when, then

@given('a parent record is submitted for approval')
def step_given_parent_record_submitted(context):
    pass

@given('the parent record is in the approval process')
def step_given_parent_record_in_approval(context):
    pass

@when('the parent record status becomes ""Approved""')
def step_when_parent_record_approved(context):
    pass

@then('child records are created')
def step_then_child_records_created(context):
    pass

@then('the creator of the child records is the creator of the parent record')
def step_then_creator_of_child_records(context):
    pass"
17,"As a user, I want to see snackbars when submitting/ saving parent record to let me know children will be created","Feature: Display Snackbars for Record Submission

Scenario: Display snackbar when child records are delayed created

Given auto-create child records is enabled
And the user submits a parent record for approval
When the child records are delayed in creation
Then display snackbar message ""{record} submitted for approval. Linked {record(s)} will be created in the {database name} when this {record} is approved.""

Python:

from behave import given, when, then

@given('auto-create child records is enabled')
def step_impl(context):
    context.auto_create_enabled = True

@given('the user submits a parent record for approval')
def step_impl(context):
    context.parent_record = ""ParentRecord""
    context.database_name = ""ChildDatabase""

@when('the child records are delayed in creation')
def step_impl(context):
    context.child_records_delayed = True

@then('display snackbar message ""{record} submitted for approval. Linked {record(s)} will be created in the {database name} when this {record} is approved.""')
def step_impl(context):
    record = context.parent_record
    records = ""ChildRecord(s)""
    database_name = context.database_name
    expected_message = f""{record} submitted for approval. Linked {records} will be created in the {database_name} when this {record} is approved.""
    assert expected_message == f""{record} submitted for approval. Linked {records} will be created in the {database_name} when this {record} is approved."""
18,"As a Database Manager, I want to allow end users to Add More child records ('Add More')","Gherkin:

Feature: Configure Auto-Created Records

Scenario: Enable Add More Child Records Setting

Given the Configure Auto-Created Records overlay is open in the form builder
And the ""Allow User updates to Titles upon creation"" setting is visible
When I check the ""Allow User to Add More Child Records"" checkbox
Then the checkbox should be enabled
And a help tooltip should display ""If selected, users will be able to add more Child Record Titles (Names) to be created alongside those configured here. Up to 30 Child Records can be created.""

Python:

from behave import given, when, then

@given('the Configure Auto-Created Records overlay is open in the form builder')
def step_impl(context):
    pass

@given('the ""Allow User updates to Titles upon creation"" setting is visible')
def step_impl(context):
    pass

@when('I check the ""Allow User to Add More Child Records"" checkbox')
def step_impl(context):
    pass

@then('the checkbox should be enabled')
def step_impl(context):
    pass

@then('a help tooltip should display ""If selected, users will be able to add more Child Record Titles (Names) to be created alongside those configured here. Up to 30 Child Records can be created.""')
def step_impl(context):
    pass"
19,"As a Database Manager, I want to allow end users to Add More child records ('Add More') - Handle maximum child records","Gherkin:

Feature: Manage Child Records in Database

Scenario: Handle Maximum Child Records

Given the form builder is configured with ""Allow User to Add More Records"" enabled
And there are 30 child records in the configuration
And all 30 records are disabled for ""Allow User to skip""
When the user attempts to add another child record
Then the ""Allow User to Add More Records"" option is disabled
And the hover text displays ""The max 30 Records has been added here. Remove any of the above to allow users to add more.""

Python:

from behave import given, when, then

@given('the form builder is configured with ""Allow User to Add More Records"" enabled')
def step_impl(context):
    pass

@given('there are 30 child records in the configuration')
def step_impl(context):
    pass

@given('all 30 records are disabled for ""Allow User to skip""')
def step_impl(context):
    pass

@when('the user attempts to add another child record')
def step_impl(context):
    pass

@then('the ""Allow User to Add More Records"" option is disabled')
def step_impl(context):
    pass

@then('the hover text displays ""The max 30 Records has been added here. Remove any of the above to allow users to add more.""')
def step_impl(context):
    pass"
20,"As a user, if child database has been edited and title field is no longer a valid text field, then users do not see a end user config pop-up overlay and no child records are created","Gherkin:

Feature: Child Database Title Field Validation

Scenario: Prevent end user config pop-up and child record creation when title field is invalid

Given the original Auto Create setting is saved in the parent
And the Database Manager updates the child Form Builder to change the title field to a non-text field
When an end user accesses the system
Then the end user config pop-up overlay is not displayed
And no child records are created

Python:

from behave import given, when, then

@given('the original Auto Create setting is saved in the parent')
def step_impl(context):
    pass

@given('the Database Manager updates the child Form Builder to change the title field to a non-text field')
def step_impl(context):
    pass

@when('an end user accesses the system')
def step_impl(context):
    pass

@then('the end user config pop-up overlay is not displayed')
def step_impl(context):
    pass

@then('no child records are created')
def step_impl(context):
    pass"
21,"As a user, I can deselect items to not apply bulk changes to","Gherkin:

Feature: Bulk Apply to Selected Resources

Scenario: Deselecting items to prevent bulk changes

Given a list of resources with some selected and some de-selected
And new data is entered in bulk Main Details, Tags, Filters, Custom Upload Fields, and Workflows
When 'Apply to Selected' is selected
Then only the selected resources should have the updates applied
And the de-selected resources should remain unchanged

Python:

from behave import given, when, then

@given('a list of resources with some selected and some de-selected')
def step_given_list_of_resources(context):
    pass

@given('new data is entered in bulk Main Details, Tags, Filters, Custom Upload Fields, and Workflows')
def step_given_new_data_entered(context):
    pass

@when(""'Apply to Selected' is selected"")
def step_when_apply_to_selected(context):
    pass

@then('only the selected resources should have the updates applied')
def step_then_selected_resources_updated(context):
    pass

@then('the de-selected resources should remain unchanged')
def step_then_deselected_resources_unchanged(context):
    pass"
22,"As a user, I want to see exclusion message / handling for non-supported file types should I select any to Bulk Edit, on Bulk edit screen","Gherkin:

Feature: Bulk Edit Exclusion Handling

Scenario: Display exclusion message for non-supported file types

Given the user is on the Bulk Edit screen
And the user selects non-supported file types for Bulk Edit
When the user attempts to perform Bulk Edit
Then a snackbar message should display ""X Resource/s are not supported for Bulk Edit.""

Python:

from behave import given, when, then
from hooks.useGlobalSnackbar import useGlobalSnackbar

@given('the user is on the Bulk Edit screen')
def step_given_user_on_bulk_edit_screen(context):
    # Code to navigate to Bulk Edit screen
    pass

@given('the user selects non-supported file types for Bulk Edit')
def step_given_user_selects_non_supported_files(context):
    # Code to select non-supported file types
    pass

@when('the user attempts to perform Bulk Edit')
def step_when_user_attempts_bulk_edit(context):
    # Code to attempt Bulk Edit
    pass

@then('a snackbar message should display ""X Resource/s are not supported for Bulk Edit.""')
def step_then_snackbar_message_displays(context):
    # Code to check snackbar message
    snackbar = useGlobalSnackbar()
    assert snackbar.message == ""X Resource/s are not supported for Bulk Edit.""
    pass"
23,"As a user, I want to see an Exit without saving warning when I try to leave the Bulk Edit Page/Process","Gherkin:

Feature: Exit without saving warning on Bulk Edit Page

Scenario: User attempts to exit Bulk Edit without saving

Given the user is on the Bulk Edit page
And the user has made changes to the data
When the user clicks the Exit button
Then an 'Exit without saving Resources' pop-up should appear
And the pop-up should contain the text 'If you click the Exit button, none of the Resources currently on your Bulk Edit screen will be updated. To Save your Edits, Cancel this popup and click Save Changes.'
And the pop-up should have a Cancel button
And the pop-up should have an Exit button

Python:

from behave import given, when, then

@given('the user is on the Bulk Edit page')
def step_given_user_on_bulk_edit_page(context):
    pass

@given('the user has made changes to the data')
def step_given_user_made_changes(context):
    pass

@when('the user clicks the Exit button')
def step_when_user_clicks_exit(context):
    pass

@then(""an 'Exit without saving Resources' pop-up should appear"")
def step_then_popup_appears(context):
    pass

@then(""the pop-up should contain the text 'If you click the Exit button, none of the Resources currently on your Bulk Edit screen will be updated. To Save your Edits, Cancel this popup and click Save Changes.'"")
def step_then_popup_contains_text(context):
    pass

@then('the pop-up should have a Cancel button')
def step_then_popup_has_cancel_button(context):
    pass

@then('the pop-up should have an Exit button')
def step_then_popup_has_exit_button(context):
    pass"
24,"As a user, I want to Filter within my selected Resources on my Bulk Edit page (Left Panel Resource selection updates)","Gherkin:

Feature: Filter Resources on Bulk Edit Page

Scenario: Filter resources by Errors

Given the user is on the Bulk Edit page
And the user has selected resources
When the user applies the Errors filter
Then only resources with errors are displayed

Python:

from behave import given, when, then

@given('the user is on the Bulk Edit page')
def step_given_user_on_bulk_edit_page(context):
    pass

@given('the user has selected resources')
def step_given_user_selected_resources(context):
    pass

@when('the user applies the Errors filter')
def step_when_user_applies_errors_filter(context):
    pass

@then('only resources with errors are displayed')
def step_then_resources_with_errors_displayed(context):
    pass"
25,"As a user, in Single edit from Bulk view, I want to see a Duplicate warning when relevant","Feature: Duplicate Warning on Single Edit from Bulk View

Scenario: Display Duplicate Warning on Adding Existing File

Given the user is on the Bulk Edit > Single View page
And a file/version that already exists on the platform is added
When the duplicate file is detected
Then a pop-up with the header ""Duplicate File"" is displayed
And the page below the pop-up is in disabled mode with grey transparency
And the loading bar is red with an error icon
And the pop-up lists folders where the duplicate exists
And folders are links that open in a new tab
And folders the user cannot access show ""N/A - you do not have access to this folder""
And the ""Apply Selection to all Uploads"" checkbox is not present
And the pop-up has ""Skip"" and ""Continue"" buttons
When the user selects ""Skip""
Then the pop-up closes and the Resource name and preview revert to the previous file/version
When the user selects ""Continue""
Then the pop-up closes and the red loading line turns green

Python:

from behave import given, when, then

@given('the user is on the Bulk Edit > Single View page')
def step_given_user_on_bulk_edit_single_view(context):
    pass

@given('a file/version that already exists on the platform is added')
def step_given_file_version_exists(context):
    pass

@when('the duplicate file is detected')
def step_when_duplicate_file_detected(context):
    pass

@then('a pop-up with the header ""Duplicate File"" is displayed')
def step_then_popup_displayed(context):
    pass

@then('the page below the pop-up is in disabled mode with grey transparency')
def step_then_page_disabled(context):
    pass

@then('the loading bar is red with an error icon')
def step_then_loading_bar_red(context):
    pass

@then('the pop-up lists folders where the duplicate exists')
def step_then_popup_lists_folders(context):
    pass

@then('folders are links that open in a new tab')
def step_then_folders_are_links(context):
    pass

@then('folders the user cannot access show ""N/A - you do not have access to this folder""')
def step_then_folders_no_access(context):
    pass

@then('the ""Apply Selection to all Uploads"" checkbox is not present')
def step_then_checkbox_not_present(context):
    pass

@then('the pop-up has ""Skip"" and ""Continue"" buttons')
def step_then_popup_buttons(context):
    pass

@when('the user selects ""Skip""')
def step_when_user_selects_skip(context):
    pass

@then('the pop-up closes and the Resource name and preview revert to the previous file/version')
def step_then_popup_closes_revert(context):
    pass

@when('the user selects ""Continue""')
def step_when_user_selects_continue(context):
    pass

@then('the pop-up closes and the red loading line turns green')
def step_then_popup_closes_green(context):
    pass"
26,"As a user, in the folder filter, I can see all folders that relate to the selected Resources in the filter","Gherkin:

Feature: Cross-Folder Support for Resource Filter

Scenario: Display relevant folders for selected resources

Given the user is on the List View page
And the user has selected specific resources in the filter
When the folder filter is accessed
Then the folder filter dynamically populates with folders related to the selected resources
And the user can select specific folders to narrow down the displayed resources

Python:

from behave import given, when, then

@given('the user is on the List View page')
def step_impl(context):
    pass

@given('the user has selected specific resources in the filter')
def step_impl(context):
    pass

@when('the folder filter is accessed')
def step_impl(context):
    pass

@then('the folder filter dynamically populates with folders related to the selected resources')
def step_impl(context):
    pass

@then('the user can select specific folders to narrow down the displayed resources')
def step_impl(context):
    pass"
27,"As a user, I want to see existing Status column containing all current data","Feature: Display Status Column in Workflow Request

Scenario: Verify Status column displays correctly with color chips

Given the user is on the Workflow Request page
And the Request Details column is visible
When the page loads
Then the Status column should be displayed to the right of the Request Details column
And the Status column should be to the left of the Workflow Name/Type column
And the Status column should display status chips with appropriate colors

Python:

from behave import given, when, then

@given('the user is on the Workflow Request page')
def step_impl(context):
    pass

@given('the Request Details column is visible')
def step_impl(context):
    pass

@when('the page loads')
def step_impl(context):
    pass

@then('the Status column should be displayed to the right of the Request Details column')
def step_impl(context):
    pass

@then('the Status column should be to the left of the Workflow Name/Type column')
def step_impl(context):
    pass

@then('the Status column should display status chips with appropriate colors')
def step_impl(context):
    pass"
28,"As a User, I want to see and create a new page type: Simple Page (from pop-up)","Gherkin:

Feature: Create Simple Page from Pop-up

Scenario: User creates a Simple Page after enabling Simple Page Builder

Given the Simple Page Builder MCP setting is enabled
And the user is on the page creation pop-up
When the user selects the ""Simple Page"" option
Then the new page type ""Simple Page"" should be displayed
And the details should match the design specifications

Python:

from behave import given, when, then

@given('the Simple Page Builder MCP setting is enabled')
def step_impl(context):
    # Code to ensure the Simple Page Builder MCP setting is enabled
    pass

@given('the user is on the page creation pop-up')
def step_impl(context):
    # Code to navigate the user to the page creation pop-up
    pass

@when('the user selects the ""Simple Page"" option')
def step_impl(context):
    # Code to simulate the user selecting the ""Simple Page"" option
    pass

@then('the new page type ""Simple Page"" should be displayed')
def step_impl(context):
    # Code to verify the new page type ""Simple Page"" is displayed
    pass

@then('the details should match the design specifications')
def step_impl(context):
    # Code to verify the details match the design specifications
    pass"
29,"As a user, once approved/declined, I would like to see the updated request status in the Grouped Approval Review Page","Gherkin:

Feature: Update Request Status on Approval Review Page

Scenario: User sees updated request status after response

Given the user is on the Grouped Approval Review Page
And there is a pending request
When the user responds to the request
Then the request status should update to ""Approved"" or ""Declined""
And ""X more"" should update accordingly
And ""Waiting On"" should reflect the current status
And ""Needed until"" should change to ""Approved until"" if approved

Python:

from behave import given, when, then

@given('the user is on the Grouped Approval Review Page')
def step_given_user_on_review_page(context):
    pass

@given('there is a pending request')
def step_given_pending_request(context):
    pass

@when('the user responds to the request')
def step_when_user_responds(context):
    pass

@then('the request status should update to ""Approved"" or ""Declined""')
def step_then_request_status_updates(context):
    pass

@then('""X more"" should update accordingly')
def step_then_x_more_updates(context):
    pass

@then('""Waiting On"" should reflect the current status')
def step_then_waiting_on_updates(context):
    pass

@then('""Needed until"" should change to ""Approved until"" if approved')
def step_then_needed_until_updates(context):
    pass"
30,"As a user, once any requests have been updated, I would like to see group approval list with updated waiting on + status for the completed group approval.","Gherkin:

Feature: Group Approval List Update

Scenario: Update group approval list after request review

Given a grouped request list with pending requests
And a reviewer has responded to all individual requests
When the request is updated by the reviewer
Then the group approval list should update the ""Waiting On"" reviewer info
And the overall grouped status should change to ""Completed""

Python:

from behave import given, when, then

@given('a grouped request list with pending requests')
def step_given_grouped_request_list(context):
    pass

@given('a reviewer has responded to all individual requests')
def step_given_reviewer_responded(context):
    pass

@when('the request is updated by the reviewer')
def step_when_request_updated(context):
    pass

@then('the group approval list should update the ""Waiting On"" reviewer info')
def step_then_update_waiting_on_info(context):
    pass

@then('the overall grouped status should change to ""Completed""')
def step_then_update_grouped_status(context):
    pass"
31,"As a user, I want on close of Single view redirect to Grouped Approval Review page (don't clear out single page response values)","Gherkin:

Feature: Retain Single View Response on Grouped Approval Review

Scenario: Retain response details when returning to Grouped Approval Review

Given the user is on the Single Response Page
And the user has entered response details
When the user navigates back to the Grouped Approval Review page
Then the response details are retained
And the user re-opens the Single Response Page
Then the response details are still present

Python:

from behave import given, when, then

@given('the user is on the Single Response Page')
def step_given_user_on_single_response_page(context):
    pass

@given('the user has entered response details')
def step_given_user_entered_response_details(context):
    pass

@when('the user navigates back to the Grouped Approval Review page')
def step_when_user_navigates_back_to_grouped_review(context):
    pass

@then('the response details are retained')
def step_then_response_details_retained(context):
    pass

@when('the user re-opens the Single Response Page')
def step_when_user_reopens_single_response_page(context):
    pass

@then('the response details are still present')
def step_then_response_details_still_present(context):
    pass"
32,"As a user, I want to be able to click Submit Selected & Continue (Bulk)","Gherkin:

Feature: Bulk Submit and Continue

Scenario: Submit selected requests and continue

Given the user has selected multiple requests
And the Submit Selected & Continue button is visible
When the user clicks the Submit Selected & Continue button
Then the page remains open
And the requests remain on the left page
And the Submit Selected & Continue button is disabled
And a blue info snackbar shows with content ""Submitting Response(s)""
And a green snackbar shows with content ""{{X}} Responses submitted""

Python:

from behave import given, when, then

@given('the user has selected multiple requests')
def step_impl(context):
    pass

@given('the Submit Selected & Continue button is visible')
def step_impl(context):
    pass

@when('the user clicks the Submit Selected & Continue button')
def step_impl(context):
    pass

@then('the page remains open')
def step_impl(context):
    pass

@then('the requests remain on the left page')
def step_impl(context):
    pass

@then('the Submit Selected & Continue button is disabled')
def step_impl(context):
    pass

@then('a blue info snackbar shows with content ""Submitting Response(s)""')
def step_impl(context):
    pass

@then('a green snackbar shows with content ""{{X}} Responses submitted""')
def step_impl(context):
    pass"
33,"As a User, I want to Rename due to a typo via input field on Training Centre","Feature: Rename Face Due to Typo

Scenario: Successfully rename a face with a typo

Given the user is on the Training Centre page
And the user sees the ""Rename"" action icon
When the user hovers over the ""Rename"" icon
Then the tooltip is displayed with the correct message
When the user clicks on the ""Rename"" icon
And the user inputs a new name for the recognised face
And the user sees the confirmation popup
And the user clicks on 'Confirm'
Then the user sees the ""Update"" button
When the user clicks on the ""Update"" button
Then the new name is saved to the same person

Python:

from behave import given, when, then

@given('the user is on the Training Centre page')
def step_impl(context):
    pass

@given('the user sees the ""Rename"" action icon')
def step_impl(context):
    pass

@when('the user hovers over the ""Rename"" icon')
def step_impl(context):
    pass

@then('the tooltip is displayed with the correct message')
def step_impl(context):
    pass

@when('the user clicks on the ""Rename"" icon')
def step_impl(context):
    pass

@when('the user inputs a new name for the recognised face')
def step_impl(context):
    pass

@when('the user sees the confirmation popup')
def step_impl(context):
    pass

@when('the user clicks on \'Confirm\'')
def step_impl(context):
    pass

@then('the user sees the ""Update"" button')
def step_impl(context):
    pass

@when('the user clicks on the ""Update"" button')
def step_impl(context):
    pass

@then('the new name is saved to the same person')
def step_impl(context):
    pass"
34,"As a User, I want to Change the tagged face to another Person (existing) via drop-down menu on Training Centre","Gherkin:

Feature: Change Tagged Face to Another Person

Scenario: Update tagged face to an existing person via drop-down

Given the user is on the training centre page
And a face is tagged to a person
When the user detaches the face from the current person
And selects another existing person from the drop-down menu
Then the face is updated to the selected person
And the changes are saved

Python:

from behave import given, when, then

@given('the user is on the training centre page')
def step_impl(context):
    pass

@given('a face is tagged to a person')
def step_impl(context):
    pass

@when('the user detaches the face from the current person')
def step_impl(context):
    pass

@when('selects another existing person from the drop-down menu')
def step_impl(context):
    pass

@then('the face is updated to the selected person')
def step_impl(context):
    pass

@then('the changes are saved')
def step_impl(context):
    pass"
35,"As a User, I want to Delete the name from resources across platform on Training Centre","Feature: Delete Profile from Training Centre

Scenario: Successfully delete a user profile

Given the user is logged into the Training Centre
And the user navigates to the profile management page
When the user selects the profile to delete
And confirms the deletion action
Then the profile should be removed from the resources across the platform

Python:

from behave import given, when, then

@given('the user is logged into the Training Centre')
def step_impl(context):
    pass

@given('the user navigates to the profile management page')
def step_impl(context):
    pass

@when('the user selects the profile to delete')
def step_impl(context):
    pass

@when('confirms the deletion action')
def step_impl(context):
    pass

@then('the profile should be removed from the resources across the platform')
def step_impl(context):
    pass"
36,"As a user, I want to review my document against compliance rules before submitting it to the system so that I can address issues early in the process.","Gherkin:

Feature: Document Compliance Review

Scenario: Review document for compliance issues

Given the user has an active Word document
And the document content is captured and extracted
When the document content is sent to the Review API with filter values
Then the system returns compliance issues
And the user can navigate to the relevant section in Word to fix the issue

Python:

from behave import given, when, then

@given('the user has an active Word document')
def step_given_active_word_document(context):
    # Code to ensure there is an active Word document
    pass

@given('the document content is captured and extracted')
def step_given_document_content_extracted(context):
    # Code to capture and extract content from the Word document
    pass

@when('the document content is sent to the Review API with filter values')
def step_when_send_content_to_review_api(context):
    # Code to send document content to the Review API
    pass

@then('the system returns compliance issues')
def step_then_system_returns_issues(context):
    # Code to check if compliance issues are returned
    pass

@then('the user can navigate to the relevant section in Word to fix the issue')
def step_then_navigate_to_fix_issue(context):
    # Code to navigate to the relevant section in Word
    pass"
37,"As a user, I want to view detailed risk results from my document review and take actions on each risk (dismiss or add as comment) so that I can address compliance issues efficiently within my document.
","Gherkin:

Feature: Document Risk Management

Scenario: View and Act on Document Risks

Given a document with identified risks
And the risks are displayed in the Red Marker Add-ins format
When the user clicks on the ""Insert Comment"" button for a risk
Then a native Microsoft Office comment is created at the risk location
And the comment includes risk details and suggested remediation

Python:

from behave import given, when, then

@given('a document with identified risks')
def step_given_document_with_risks(context):
    pass

@given('the risks are displayed in the Red Marker Add-ins format')
def step_given_risks_displayed_in_format(context):
    pass

@when('the user clicks on the ""Insert Comment"" button for a risk')
def step_when_user_clicks_insert_comment(context):
    pass

@then('a native Microsoft Office comment is created at the risk location')
def step_then_comment_created_at_location(context):
    pass

@then('the comment includes risk details and suggested remediation')
def step_then_comment_includes_details(context):
    pass"
38,"As a user, I want to submit my reviewed document with all review comments for to IB so that it can review in platform or send for approval.
","Gherkin:

Feature: Document Submission to IB

Scenario: Submit reviewed document with all comments to IB

Given the user has a reviewed document ready for submission
And all required filters are selected
When the user clicks ""Send to IB""
Then the system shows progress during submission
And the system provides a clear confirmation of submission
And if there is an error, the system offers clear error messages and recovery options

Python:

from behave import given, when, then

@given('the user has a reviewed document ready for submission')
def step_impl(context):
    pass

@given('all required filters are selected')
def step_impl(context):
    pass

@when('the user clicks ""Send to IB""')
def step_impl(context):
    pass

@then('the system shows progress during submission')
def step_impl(context):
    pass

@then('the system provides a clear confirmation of submission')
def step_impl(context):
    pass

@then('if there is an error, the system offers clear error messages and recovery options')
def step_impl(context):
    pass"
39,"As an IB Admin, I want to designate a specific database as the default for the Add-in Risk Review so that users have a consistent starting point when using the Add-in as well as having a “Quick” drop off method. ","Gherkin:

Feature: Default Database Setting for Risk Reviews

Scenario: Set a database as the default for Risk Reviews

Given the IB Admin is on the Database Settings page
And the ""Custom Item Names"" field is visible
When the IB Admin selects ""Make this Database the default for Risk Reviews in Add-ins""
And saves the settings
Then the selected database is set as the default for Risk Reviews in Add-ins

Python:

from behave import given, when, then

@given('the IB Admin is on the Database Settings page')
def step_impl(context):
    pass

@given('the ""Custom Item Names"" field is visible')
def step_impl(context):
    pass

@when('the IB Admin selects ""Make this Database the default for Risk Reviews in Add-ins""')
def step_impl(context):
    pass

@when('saves the settings')
def step_impl(context):
    pass

@then('the selected database is set as the default for Risk Reviews in Add-ins')
def step_impl(context):
    pass"
40,"As a Product user, I want to be able to turn the Record Publish Approval feature on / off during development (MCP)","Feature: Manage Record Publish Approval Setting

Scenario: Toggle Record Publish Approval during development

Given the MCP setting is available
And the setting name is ""Databases - Record Publish Approval Rewrite POC (development use only)""
When I rename the setting to ""Approvals - Record Publish Approval Rewrite (development use only)""
And I toggle the Record Publish Approval feature
Then the feature should be turned on or off successfully

Python:

from behave import given, when, then

@given('the MCP setting is available')
def step_given_mcp_setting_available(context):
    # Code to ensure MCP setting is available
    pass

@given('the setting name is ""Databases - Record Publish Approval Rewrite POC (development use only)""')
def step_given_setting_name(context):
    # Code to check the current setting name
    pass

@when('I rename the setting to ""Approvals - Record Publish Approval Rewrite (development use only)""')
def step_when_rename_setting(context):
    # Code to rename the setting
    pass

@when('I toggle the Record Publish Approval feature')
def step_when_toggle_feature(context):
    # Code to toggle the feature
    pass

@then('the feature should be turned on or off successfully')
def step_then_feature_toggled(context):
    # Code to verify the feature is toggled
    pass"
41,"As a User, I want to be able to view my Record's Request status in the same section that's available for other V3 Approval types","Gherkin:

Feature: View Record Request Status

Scenario: User views the Request Status section for Record Publish Approval

Given the user is on the Record Publish Approval review page
And the Record Publish Approval request exists
When the user views the Request Status section
Then the section should display the Request Status
And the section should display the Approval(s) Still Required
And the section should display the Waiting on information

Python:

from behave import given, when, then

@given('the user is on the Record Publish Approval review page')
def step_impl(context):
    pass

@given('the Record Publish Approval request exists')
def step_impl(context):
    pass

@when('the user views the Request Status section')
def step_impl(context):
    pass

@then('the section should display the Request Status')
def step_impl(context):
    pass

@then('the section should display the Approval(s) Still Required')
def step_impl(context):
    pass

@then('the section should display the Waiting on information')
def step_impl(context):
    pass"
42,"As a User, I want to hide Comments on records & respective tabs for now when in the Approvals module","Gherkin:

Feature: Hide Comments and Tabs in Approvals Module

Scenario: Hide comments and tabs when in the Approvals module

Given the user is in the Approvals module
And a record is open
When the user views the record details
Then the comments section should not be visible
And the tabs for Markup, Revisions, and Response should not be visible

Python:

from behave import given, when, then

@given('the user is in the Approvals module')
def step_given_user_in_approvals_module(context):
    pass

@given('a record is open')
def step_given_record_is_open(context):
    pass

@when('the user views the record details')
def step_when_user_views_record_details(context):
    pass

@then('the comments section should not be visible')
def step_then_comments_not_visible(context):
    pass

@then('the tabs for Markup, Revisions, and Response should not be visible')
def step_then_tabs_not_visible(context):
    pass"
43,"As a User, I want to hide the record footer & hide actions in the header within the record view","Feature: Record View Customization

Scenario: Hide unnecessary elements in the record view

Given the user is on the record view page
And the MCP setting for navigation arrows is enabled
When the record view is loaded
Then the record footer should be hidden
And the record header should display only the Database Name, Record name, and sequence ID
And all actions in the top right should be hidden
And the close button in the record view header should be hidden
And the left/right navigation arrows should be hidden

Python:

from behave import given, when, then

@given('the user is on the record view page')
def step_given_user_on_record_view_page(context):
    pass

@given('the MCP setting for navigation arrows is enabled')
def step_given_mcp_setting_enabled(context):
    pass

@when('the record view is loaded')
def step_when_record_view_loaded(context):
    pass

@then('the record footer should be hidden')
def step_then_record_footer_hidden(context):
    pass

@then('the record header should display only the Database Name, Record name, and sequence ID')
def step_then_record_header_display(context):
    pass

@then('all actions in the top right should be hidden')
def step_then_actions_hidden(context):
    pass

@then('the close button in the record view header should be hidden')
def step_then_close_button_hidden(context):
    pass

@then('the left/right navigation arrows should be hidden')
def step_then_navigation_arrows_hidden(context):
    pass"
44,"As a User, I want to be able to view all Pages and specific Stages on the record view","Gherkin:

Feature: View Pages and Stages in Record View

Scenario: View Stage 1 in Pending State

Given a user is on the record view of a single database
And the record is in Stage 1 and pending
When the user navigates to the stages section
Then Stage 1 is visible by default
And all future stage names appear in the navigation but are disabled

Python:

from behave import given, when, then

@given('a user is on the record view of a single database')
def step_impl(context):
    pass

@given('the record is in Stage 1 and pending')
def step_impl(context):
    pass

@when('the user navigates to the stages section')
def step_impl(context):
    pass

@then('Stage 1 is visible by default')
def step_impl(context):
    pass

@then('all future stage names appear in the navigation but are disabled')
def step_impl(context):
    pass"
45,"As a User, I want to Detach the recognised name from the Resource on Training Centre","Gherkin:

Feature: Detach Recognised Name from Resource

Scenario: Detach a recognised name from a face in the training centre

Given the user is on the training centre page
And a recognised face is displayed with a ""Detach name"" action icon
When the user hovers over the ""Detach name"" icon
Then a tooltip is displayed with the message ""This action will revert the face to an 'Unknown' status for this image only. You can add a new name later if needed.""
When the user clicks on the ""Detach name"" icon
Then a confirmation popup is displayed
When the user clicks on 'Confirm' in the popup
Then the recognised face changes to ""Unknown"" status
And the user can input a new name in the Unknown name field
And the applicable ticket is updated with the new Unknown name
And the changes are automatically reflected without a ""Save"" button

Python:

from behave import given, when, then

@given('the user is on the training centre page')
def step_impl(context):
    pass

@given('a recognised face is displayed with a ""Detach name"" action icon')
def step_impl(context):
    pass

@when('the user hovers over the ""Detach name"" icon')
def step_impl(context):
    pass

@then('a tooltip is displayed with the message ""This action will revert the face to an \'Unknown\' status for this image only. You can add a new name later if needed.""')
def step_impl(context):
    pass

@when('the user clicks on the ""Detach name"" icon')
def step_impl(context):
    pass

@then('a confirmation popup is displayed')
def step_impl(context):
    pass

@when('the user clicks on \'Confirm\' in the popup')
def step_impl(context):
    pass

@then('the recognised face changes to ""Unknown"" status')
def step_impl(context):
    pass

@then('the user can input a new name in the Unknown name field')
def step_impl(context):
    pass

@then('the applicable ticket is updated with the new Unknown name')
def step_impl(context):
    pass

@then('the changes are automatically reflected without a ""Save"" button')
def step_impl(context):
    pass"
46,"As a User, I want to see Button Widget's background colour config designs in line with entire Side Panel","Gherkin:

Feature: Button Widget Background Colour Configuration

Scenario: Verify Button Widget's background and text colour settings

Given the user is on the Side Panel
And the Button Widget is visible
When the user checks the Button Widget's settings
Then the Button background colour should match the Side Panel design
And the Button text colour should match the Side Panel design
And the Button should have consistent selected, default, and hovered state effects

Python:

from behave import given, when, then

@given('the user is on the Side Panel')
def step_given_user_on_side_panel(context):
    pass

@given('the Button Widget is visible')
def step_given_button_widget_visible(context):
    pass

@when('the user checks the Button Widget\'s settings')
def step_when_user_checks_button_settings(context):
    pass

@then('the Button background colour should match the Side Panel design')
def step_then_button_background_matches(context):
    pass

@then('the Button text colour should match the Side Panel design')
def step_then_button_text_matches(context):
    pass

@then('the Button should have consistent selected, default, and hovered state effects')
def step_then_button_consistent_states(context):
    pass"
47,"As a User, I want to see Block ""ratio"" simply changed to ""width""","Gherkin:

Feature: Update Block Configuration Display

Scenario: Change Block Ratio to Width in Side Panel

Given the user is on the Block configuration page
And the Side Panel is visible
When the user views the Block configuration
Then the title should be ""Width""
And the description label should be ""BLOCK RATIO"" between the title and the slider

Python:

from behave import given, when, then

@given('the user is on the Block configuration page')
def step_given_user_on_block_configuration_page(context):
    pass

@given('the Side Panel is visible')
def step_given_side_panel_is_visible(context):
    pass

@when('the user views the Block configuration')
def step_when_user_views_block_configuration(context):
    pass

@then('the title should be ""Width""')
def step_then_title_should_be_width(context):
    pass

@then('the description label should be ""BLOCK RATIO"" between the title and the slider')
def step_then_description_label_should_be_block_ratio(context):
    pass"
48,"As a user, I want to remove double saving messages","Feature: Remove duplicate saving messages

Scenario: Remove the red message below the field

Given the user is on the image tagging page
And the image has been saved
When the user views the messages
Then only one ""Image will be tagged after saving."" message should be displayed
And the red message below the field should be removed

Python:

from behave import given, when, then

@given('the user is on the image tagging page')
def step_given_user_on_image_tagging_page(context):
    pass

@given('the image has been saved')
def step_given_image_saved(context):
    pass

@when('the user views the messages')
def step_when_user_views_messages(context):
    pass

@then('only one ""Image will be tagged after saving."" message should be displayed')
def step_then_one_message_displayed(context):
    pass

@then('the red message below the field should be removed')
def step_then_red_message_removed(context):
    pass"
49,"As a User, I want to differentiate page saving between creating a new and editing an existing Simple Page","Gherkin:

Feature: Save Simple Page in Simple Page Builder

Scenario: Save a new Simple Page and navigate to editing mode

Given a user is on the Simple Page Builder create page
When the user saves the new Simple Page
Then the page should refresh to the editing page URL in editing mode

Python:

from behave import given, when, then

@given('a user is on the Simple Page Builder create page')
def step_given_user_on_create_page(context):
    pass

@when('the user saves the new Simple Page')
def step_when_user_saves_new_page(context):
    pass

@then('the page should refresh to the editing page URL in editing mode')
def step_then_page_refreshes_to_editing_mode(context):
    pass"
50,"As a user, I want all options to be included in V3 importer","Feature: V3 Importer Integration with Asset Intelligence

Scenario: Import assets with all Asset Intelligence options

Given the V3 importer is configured
And Asset Intelligence settings are available
When I import assets using the V3 importer
And I include Image Tagging, Video Tagging, and Closed Captions
Then the assets should be imported with Asset Intelligence features enabled

Python:

from behave import given, when, then

@given('the V3 importer is configured')
def step_given_v3_importer_configured(context):
    pass

@given('Asset Intelligence settings are available')
def step_given_asset_intelligence_settings_available(context):
    pass

@when('I import assets using the V3 importer')
def step_when_import_assets_v3_importer(context):
    pass

@when('I include Image Tagging, Video Tagging, and Closed Captions')
def step_when_include_asset_intelligence_options(context):
    pass

@then('the assets should be imported with Asset Intelligence features enabled')
def step_then_assets_imported_with_features(context):
    pass"
51,"As a User, I want to Get a list of Smart Pages via API","Gherkin:

Feature: Retrieve Smart Pages

Scenario: Successfully retrieve a list of Smart Pages via API

Given the API endpoint for Smart Pages is available
And the user has valid authentication credentials
When the user sends a GET request to the Smart Pages API
Then the response status code should be 200
And the response should contain a list of Smart Pages

Python:

from behave import given, when, then
import requests

@given('the API endpoint for Smart Pages is available')
def step_given_api_endpoint_available(context):
    context.api_endpoint = ""https://api.example.com/smart-pages""

@given('the user has valid authentication credentials')
def step_given_valid_authentication(context):
    context.headers = {""Authorization"": ""Bearer valid_token""}

@when('the user sends a GET request to the Smart Pages API')
def step_when_send_get_request(context):
    context.response = requests.get(context.api_endpoint, headers=context.headers)

@then('the response status code should be 200')
def step_then_status_code_200(context):
    assert context.response.status_code == 200

@then('the response should contain a list of Smart Pages')
def step_then_response_contains_list(context):
    assert isinstance(context.response.json(), list)"
52,"As a User, I want to Get a Smart page, including details: Page, Sections, Blocks, and Widgets via API","Gherkin:

Feature: Retrieve Smart Page Details via API

Scenario: Successfully retrieve a smart page and its details

Given the API endpoint for retrieving smart page details is available
And the user has valid authentication credentials
When the user requests the smart page details
Then the response should include the page details
And the response should include the sections
And the response should include the blocks
And the response should include the widgets

Python:

from behave import given, when, then

@given('the API endpoint for retrieving smart page details is available')
def step_given_api_endpoint_available(context):
    context.api_endpoint = ""https://api.example.com/smartpage""

@given('the user has valid authentication credentials')
def step_given_valid_credentials(context):
    context.auth_token = ""valid_token""

@when('the user requests the smart page details')
def step_when_user_requests_details(context):
    response = context.api_client.get(context.api_endpoint, headers={""Authorization"": f""Bearer {context.auth_token}""})
    context.response = response

@then('the response should include the page details')
def step_then_response_includes_page_details(context):
    assert 'page' in context.response.json()

@then('the response should include the sections')
def step_then_response_includes_sections(context):
    assert 'sections' in context.response.json()

@then('the response should include the blocks')
def step_then_response_includes_blocks(context):
    assert 'blocks' in context.response.json()

@then('the response should include the widgets')
def step_then_response_includes_widgets(context):
    assert 'widgets' in context.response.json()"
53,"As a User, I want to Delete a Smart Page via API","Gherkin:

Feature: Delete Smart Page via API

Scenario: Successfully delete a Smart Page

Given the API documentation is available
And a Smart Page exists with ID ""12345""
When I send a DELETE request to ""/api/smart-pages/12345""
Then the Smart Page should be deleted
And I should receive a 200 OK response

Python:

from behave import given, when, then
import requests

@given('the API documentation is available')
def step_impl(context):
    # Assume documentation is available
    pass

@given('a Smart Page exists with ID ""{page_id}""')
def step_impl(context, page_id):
    context.page_id = page_id
    # Assume the Smart Page exists for testing

@when('I send a DELETE request to ""/api/smart-pages/{page_id}""')
def step_impl(context, page_id):
    url = f""http://example.com/api/smart-pages/{page_id}""
    context.response = requests.delete(url)

@then('the Smart Page should be deleted')
def step_impl(context):
    # Assume deletion is successful if response is 200
    assert context.response.status_code == 200

@then('I should receive a 200 OK response')
def step_impl(context):
    assert context.response.status_code == 200"
54,"As a User, I want to report Resource Download (Original) action in Usage Reporting for Custom Page Module","Gherkin:

Feature: Resource Download Reporting for Custom Page Module

Scenario: Report Original Resource Download Action

Given a user is on the Custom Page Module
And the user has access to a resource
When the user downloads the resource in original size
Then the download action is reported in the usage reporting system

Python:

from behave import given, when, then

@given('a user is on the Custom Page Module')
def step_given_user_on_custom_page(context):
    pass

@given('the user has access to a resource')
def step_given_user_has_access_to_resource(context):
    pass

@when('the user downloads the resource in original size')
def step_when_user_downloads_resource(context):
    pass

@then('the download action is reported in the usage reporting system')
def step_then_action_reported_in_usage_system(context):
    pass"
55,"As a User, I want to report on Resource downloaded (Original) separately than added in Smart Page for Resource Module (Usage)","Gherkin:

Feature: Resource Usage Reporting

Scenario: Track Resource Download in Smart Pages

Given a previously uploaded Resource is available
And the Resource is of Original size type ""Best"" quality
When the User downloads the Resource via Resource Lookup in Smart Pages
Then the Resource download action is tracked separately in the Resource Usage Report

Python:

from behave import given, when, then

@given('a previously uploaded Resource is available')
def step_given_previously_uploaded_resource(context):
    pass

@given('the Resource is of Original size type ""Best"" quality')
def step_given_resource_best_quality(context):
    pass

@when('the User downloads the Resource via Resource Lookup in Smart Pages')
def step_when_user_downloads_resource(context):
    pass

@then('the Resource download action is tracked separately in the Resource Usage Report')
def step_then_resource_download_tracked(context):
    pass"
56,"As a User, I want to access Reply action for New Comments in Daily Digest Email","Gherkin:

Feature: Access Reply Action for New Comments in Daily Digest Email

Scenario: User replies to a new comment from the Daily Digest Email

Given the user has received the Daily Digest Email
And the email contains new comments with a ""Reply"" link
When the user clicks on the ""Reply"" link for a comment
Then a new tab opens with the Reply page
And the applicable comment is highlighted
And the text-box is active and ready for input

Python:

from behave import given, when, then

@given('the user has received the Daily Digest Email')
def step_impl(context):
    pass

@given('the email contains new comments with a ""Reply"" link')
def step_impl(context):
    pass

@when('the user clicks on the ""Reply"" link for a comment')
def step_impl(context):
    pass

@then('a new tab opens with the Reply page')
def step_impl(context):
    pass

@then('the applicable comment is highlighted')
def step_impl(context):
    pass

@then('the text-box is active and ready for input')
def step_impl(context):
    pass"
57,"As a User, I want to see Block ""ratio"" simply changed to ""width""","Gherkin:

Feature: Update Block Configuration Display

Scenario: Change Block Ratio to Width in Side Panel

Given the user is on the Block configuration page
And the Side Panel is visible
When the user views the Block configuration
Then the title should be ""Width""
And the description label should be ""BLOCK RATIO"" between the title and the slider

Python:

from behave import given, when, then

@given('the user is on the Block configuration page')
def step_given_user_on_block_configuration_page(context):
    pass

@given('the Side Panel is visible')
def step_given_side_panel_is_visible(context):
    pass

@when('the user views the Block configuration')
def step_when_user_views_block_configuration(context):
    pass

@then('the title should be ""Width""')
def step_then_title_should_be_width(context):
    pass

@then('the description label should be ""BLOCK RATIO"" between the title and the slider')
def step_then_description_label_should_be_block_ratio(context):
    pass"
58,"As a User, I want to see Button Widget's background colour config designs in line with entire Side Panel","Feature: Button Widget Background Colour Configuration

Scenario: Verify Button Widget's background and text colours

Given the user is on the Side Panel
And the Button Widget is visible
When the user checks the Button Widget's settings
Then the Button background colour should match the design
And the Button text colour should match the design
And the Button should have consistent selected, default, and hovered state effects

Python:

from behave import given, when, then

@given('the user is on the Side Panel')
def step_given_user_on_side_panel(context):
    pass

@given('the Button Widget is visible')
def step_given_button_widget_visible(context):
    pass

@when('the user checks the Button Widget\'s settings')
def step_when_user_checks_button_settings(context):
    pass

@then('the Button background colour should match the design')
def step_then_button_background_colour_matches(context):
    pass

@then('the Button text colour should match the design')
def step_then_button_text_colour_matches(context):
    pass

@then('the Button should have consistent selected, default, and hovered state effects')
def step_then_button_state_effects_consistent(context):
    pass"
59,"As a User, I want to have Block's height auto-adjusted based on the Widget within","Gherkin:

Feature: Auto-adjust Block Height Based on Widget

Scenario: Adjust Block height when Widget height changes

Given a Block containing a Widget
And the Widget's height is set to 100 pixels
When the Widget's height is changed to 150 pixels
Then the Block's height should be adjusted to 150 pixels

Python:

from behave import given, when, then

@given('a Block containing a Widget')
def step_given_block_with_widget(context):
    context.block = Block()
    context.widget = Widget()
    context.block.add_widget(context.widget)

@given(""the Widget's height is set to 100 pixels"")
def step_given_widget_height_100(context):
    context.widget.set_height(100)
    context.block.adjust_height()

@when(""the Widget's height is changed to 150 pixels"")
def step_when_widget_height_changed(context):
    context.widget.set_height(150)
    context.block.adjust_height()

@then(""the Block's height should be adjusted to 150 pixels"")
def step_then_block_height_adjusted(context):
    assert context.block.height == 150"
60,"As a User, I want to have Section's height auto-adjusted based on the Section within","Gherkin:

Feature: Auto-adjust Section Height

Scenario: Adjust Section height based on Block height

Given a Section with a Block inside
And the Block's height is larger than the Section's height
When the Section's height is adjusted
Then the Section's height should match the Block's height

Python:

from behave import given, when, then

@given('a Section with a Block inside')
def step_given_section_with_block(context):
    context.section = Section()
    context.block = Block()
    context.section.add_block(context.block)

@given(""the Block's height is larger than the Section's height"")
def step_given_block_height_larger(context):
    context.block.height = 200
    context.section.height = 100

@when(""the Section's height is adjusted"")
def step_when_section_height_adjusted(context):
    context.section.adjust_height()

@then(""the Section's height should match the Block's height"")
def step_then_section_height_matches_block(context):
    assert context.section.height == context.block.height"
61,"As a User, I want to switch the focus between Section, Block, and Widget","Gherkin:

Feature: Focus Switching Between Section, Block, and Widget

Scenario: Switch focus from Section to Block

Given the user is on the Section view
And the Section has a child Block
When the user switches focus to the Block
Then the focus should be on the Block
And the Section should no longer be in focus

Python:

from behave import given, when, then

@given('the user is on the Section view')
def step_given_user_on_section_view(context):
    context.current_focus = 'Section'

@given('the Section has a child Block')
def step_given_section_has_child_block(context):
    context.section_has_child_block = True

@when('the user switches focus to the Block')
def step_when_user_switches_focus_to_block(context):
    if context.section_has_child_block:
        context.current_focus = 'Block'

@then('the focus should be on the Block')
def step_then_focus_should_be_on_block(context):
    assert context.current_focus == 'Block'

@then('the Section should no longer be in focus')
def step_then_section_no_longer_in_focus(context):
    assert context.current_focus != 'Section'"
62,"As a User, I want to edit a Section","Gherkin:

Feature: Edit Section

Scenario: Successfully edit section properties

Given a section with default settings
And the user is on the section edit page
When the user sets the background color to ""#FFFFFF""
And the user sets the direction to ""horizontal""
And the user sets the padding to 32 px for Left, Right, Top, Bottom
Then the section should have the updated properties

Python:

from behave import given, when, then

@given('a section with default settings')
def step_given_section_with_default_settings(context):
    context.section = {
        'background_color': None,
        'background_image_url': None,
        'direction': 'vertical',
        'padding': {'left': 64, 'right': 64, 'top': 64, 'bottom': 64}
    }

@given('the user is on the section edit page')
def step_given_user_on_edit_page(context):
    context.on_edit_page = True

@when('the user sets the background color to ""{color}""')
def step_when_set_background_color(context, color):
    context.section['background_color'] = color

@when('the user sets the direction to ""{direction}""')
def step_when_set_direction(context, direction):
    context.section['direction'] = direction

@when('the user sets the padding to {padding:d} px for Left, Right, Top, Bottom')
def step_when_set_padding(context, padding):
    context.section['padding'] = {'left': padding, 'right': padding, 'top': padding, 'bottom': padding}

@then('the section should have the updated properties')
def step_then_section_updated(context):
    assert context.section['background_color'] == ""#FFFFFF""
    assert context.section['direction'] == ""horizontal""
    assert context.section['padding'] == {'left': 32, 'right': 32, 'top': 32, 'bottom': 32}"
63,"As a User, I want to see different effects on Sections/Blocks so I can know different states of them","Feature: Section/Block Effects

Scenario: View different effects on Sections/Blocks

Given a section/block is displayed on the page
And the section/block is in its default state
When I hover over the section/block
Then I see the hovering border effect as per design
When I select the section/block
Then I see the selecting border effect as per design

Python:

from behave import given, when, then

@given('a section/block is displayed on the page')
def step_given_section_displayed(context):
    pass

@given('the section/block is in its default state')
def step_given_default_state(context):
    pass

@when('I hover over the section/block')
def step_when_hover_over_section(context):
    pass

@then('I see the hovering border effect as per design')
def step_then_hovering_border_effect(context):
    pass

@when('I select the section/block')
def step_when_select_section(context):
    pass

@then('I see the selecting border effect as per design')
def step_then_selecting_border_effect(context):
    pass"
64,"As a User, I want to edit Font in Text Widget","Gherkin:

Feature: Edit Font in Text Widget

Scenario: User edits font in the Rich Text Editor

Given the user is on the custom page with a Rich Text Editor
And the Text Widget is available
When the user opens the Text Widget editor
And the user selects a font from the available options
Then the font should be applied to the Text Widget
And custom fonts from Admin should be available if added

Python:

from behave import given, when, then

@given('the user is on the custom page with a Rich Text Editor')
def step_impl(context):
    pass

@given('the Text Widget is available')
def step_impl(context):
    pass

@when('the user opens the Text Widget editor')
def step_impl(context):
    pass

@when('the user selects a font from the available options')
def step_impl(context):
    pass

@then('the font should be applied to the Text Widget')
def step_impl(context):
    pass

@then('custom fonts from Admin should be available if added')
def step_impl(context):
    pass"
65,"As a User, I want to use the Simple Page tag on CP List page","Gherkin:

Feature: Display and Filter Simple Pages on CP List

Scenario: User filters CP list to show only Simple Pages

Given there are saved Simple Page type pages
And the user is on the CP List page
When the user sees the Simple Pages label
And the user clicks on the Simple Pages tag
Then the list results should only show Simple Page type pages

Python:

from behave import given, when, then

@given('there are saved Simple Page type pages')
def step_impl(context):
    # Code to ensure there are Simple Page type pages saved
    pass

@given('the user is on the CP List page')
def step_impl(context):
    # Code to navigate the user to the CP List page
    pass

@when('the user sees the Simple Pages label')
def step_impl(context):
    # Code to verify the Simple Pages label is visible
    pass

@when('the user clicks on the Simple Pages tag')
def step_impl(context):
    # Code to simulate clicking on the Simple Pages tag
    pass

@then('the list results should only show Simple Page type pages')
def step_impl(context):
    # Code to verify the list only shows Simple Page type pages
    pass"
66,"As a User, I want to save the created Simple Page for CP module","Gherkin:

Feature: Save Simple Page in CP Module

Scenario: Successfully save a Simple Page

Given a user is on the Simple Page creation screen
And the user has filled in all required fields
When the user clicks on the publish/save button
Then the Simple Page is saved to the CP module database
And the Simple Page appears in the list when the CP module is opened or refreshed

Python:

from behave import given, when, then

@given('a user is on the Simple Page creation screen')
def step_given_user_on_creation_screen(context):
    pass

@given('the user has filled in all required fields')
def step_given_user_filled_fields(context):
    pass

@when('the user clicks on the publish/save button')
def step_when_user_clicks_save(context):
    pass

@then('the Simple Page is saved to the CP module database')
def step_then_page_saved_to_database(context):
    pass

@then('the Simple Page appears in the list when the CP module is opened or refreshed')
def step_then_page_appears_in_list(context):
    pass"
67,"As a User, I want to use the simple page builder after creating a new Simple Page (go to page builder)","Feature: Simple Page Creation and Navigation

Scenario: User creates a Simple Page and accesses the page builder

Given the user is on the new page creation pop-up
And the user selects ""Simple Page"" as the page type
When the user clicks on ""Create""
Then the simple page builder should open in the same tab
And the IB global navigation top-bar should be visible

Python:

from behave import given, when, then

@given('the user is on the new page creation pop-up')
def step_given_user_on_creation_popup(context):
    pass

@given('the user selects ""Simple Page"" as the page type')
def step_given_user_selects_simple_page(context):
    pass

@when('the user clicks on ""Create""')
def step_when_user_clicks_create(context):
    pass

@then('the simple page builder should open in the same tab')
def step_then_page_builder_opens(context):
    pass

@then('the IB global navigation top-bar should be visible')
def step_then_navigation_bar_visible(context):
    pass"
68,"As a User, I want to re-arrange the order of fields so Expiry Date is below Purpose (+Package) fields ","Gherkin:

Feature: Re-arrange fields on Site page

Scenario: Move Expiry Date field below Package field

Given the user is on the Add Site page
And the fields are displayed in the current order
When the user views the fields
Then the Expiry Date field should be below the Package field

Python:

from behave import given, when, then

@given('the user is on the Add Site page')
def step_given_user_on_add_site_page(context):
    pass

@given('the fields are displayed in the current order')
def step_given_fields_displayed_in_current_order(context):
    pass

@when('the user views the fields')
def step_when_user_views_fields(context):
    pass

@then('the Expiry Date field should be below the Package field')
def step_then_expiry_date_below_package(context):
    pass"
69,"As a User, I want to update UI & logic around selecting Jobs in Info Preview panel for preview + closing them to return to Resource preview","Feature: Update Job Selection and Closing in Info Preview Panel

Scenario: User selects and closes a Job Preview

Given the user is on the Resource preview page
And a Job is selected in the Info Preview panel
When the user re-clicks the selected Job
Then the preview switches back to the Template
When the user chooses to close the Job preview
Then the preview returns to the Resource preview

Python:

from behave import given, when, then

@given('the user is on the Resource preview page')
def step_given_user_on_resource_preview(context):
    pass

@given('a Job is selected in the Info Preview panel')
def step_given_job_selected(context):
    pass

@when('the user re-clicks the selected Job')
def step_when_user_reclicks_job(context):
    pass

@then('the preview switches back to the Template')
def step_then_preview_switches_to_template(context):
    pass

@when('the user chooses to close the Job preview')
def step_when_user_closes_job_preview(context):
    pass

@then('the preview returns to the Resource preview')
def step_then_preview_returns_to_resource(context):
    pass"
70,"As a User, I want UI Button / Action on Template Resource in Info Preview to Create Job, which opens in Editor","Gherkin:

Feature: Create Job from Template in Info Preview

Scenario: User creates a job from a template with permission

Given a user with permission to create jobs
And the user is on the Info Preview page of an img.ly+IB created Template
When the user clicks the ""Create Job"" button
Then the template opens as a job in the editor

Python:

from behave import given, when, then

@given('a user with permission to create jobs')
def step_given_user_with_permission(context):
    # Code to ensure user has permission
    pass

@given('the user is on the Info Preview page of an img.ly+IB created Template')
def step_given_user_on_info_preview(context):
    # Code to navigate to the Info Preview page
    pass

@when('the user clicks the ""Create Job"" button')
def step_when_user_clicks_create_job(context):
    # Code to simulate clicking the ""Create Job"" button
    pass

@then('the template opens as a job in the editor')
def step_then_template_opens_in_editor(context):
    # Code to verify the template opens in the editor
    pass"
71,"As a user who can reassign, I can select multiple reviewers","Gherkin:

Feature: Reassign Reviewers

Scenario: Select multiple reviewers from dropdown

Given the prerequisite is enabled
And the user is on the reassignment page
When the user opens the reviewer dropdown
And the user selects multiple reviewers
Then the selected reviewers appear in the field

Python:

from behave import given, when, then

@given('the prerequisite is enabled')
def step_given_prerequisite_enabled(context):
    pass

@given('the user is on the reassignment page')
def step_given_user_on_reassignment_page(context):
    pass

@when('the user opens the reviewer dropdown')
def step_when_user_opens_dropdown(context):
    pass

@when('the user selects multiple reviewers')
def step_when_user_selects_multiple_reviewers(context):
    pass

@then('the selected reviewers appear in the field')
def step_then_selected_reviewers_appear(context):
    pass"
72,As a user I want to see the list of people I can reassign to,"Gherkin:

Feature: Reassign Users

Scenario: Display list of users for reassignment

Given the prerequisite is enabled
And the reassignment page is opened
When I view the dropdown for reassigning users
Then I should see a list of all users

Python:

from behave import given, when, then

@given('the prerequisite is enabled')
def step_given_prerequisite_enabled(context):
    pass

@given('the reassignment page is opened')
def step_given_reassignment_page_opened(context):
    pass

@when('I view the dropdown for reassigning users')
def step_when_view_dropdown(context):
    pass

@then('I should see a list of all users')
def step_then_see_list_of_users(context):
    pass"
73,"As a user, I want to be able to open a reassign V3 Modal (Core new UI)","Gherkin:

Feature: Open Reassign V3 Modal

Scenario: User opens the reassign V3 modal

Given the prerequisite is enabled
And the user has permission to re-assign
When the user clicks on the re-assign button
Then the new V3+ UI modal is displayed

Python:

from behave import given, when, then

@given('the prerequisite is enabled')
def step_given_prerequisite_enabled(context):
    # Code to ensure prerequisite is enabled
    pass

@given('the user has permission to re-assign')
def step_given_user_has_permission(context):
    # Code to check user permissions
    pass

@when('the user clicks on the re-assign button')
def step_when_user_clicks_reassign(context):
    # Code to simulate clicking the re-assign button
    pass

@then('the new V3+ UI modal is displayed')
def step_then_modal_displayed(context):
    # Code to verify the modal is displayed
    pass"
74,"As a User, I want MCP Setting for Kanban Sort Options Updates","Feature: Manage Kanban Sort Options in Development Settings

Scenario: Add Kanban Sort Options under Development Use Only section

Given the user is on the Development Use Only settings page
And the user sees the Databases - Single User Record Edit Restriction setting
When the user adds a new setting for Kanban Sort Options
And specifies it as Location wise
Then the Kanban Sort Options setting should appear under the Databases - Single User Record Edit Restriction setting

Python:

from behave import given, when, then

@given('the user is on the Development Use Only settings page')
def step_impl(context):
    pass

@given('the user sees the Databases - Single User Record Edit Restriction setting')
def step_impl(context):
    pass

@when('the user adds a new setting for Kanban Sort Options')
def step_impl(context):
    pass

@when('specifies it as Location wise')
def step_impl(context):
    pass

@then('the Kanban Sort Options setting should appear under the Databases - Single User Record Edit Restriction setting')
def step_impl(context):
    pass"
75,"As a User, I want MCP Setting for Approvals List Bulk Actions Updates","Gherkin:

Feature: MCP Setting for Approvals List Bulk Actions Updates

Scenario: Add Bulk Action Updates Setting

Given the user is on the MCP settings page
And the user navigates to the Development Use Only section
When the user adds the Approvals - Request List (V3) - Bulk Action Updates setting
Then the setting should appear above the Column Enhancements setting

Python:

from behave import given, when, then

@given('the user is on the MCP settings page')
def step_impl(context):
    pass

@given('the user navigates to the Development Use Only section')
def step_impl(context):
    pass

@when('the user adds the Approvals - Request List (V3) - Bulk Action Updates setting')
def step_impl(context):
    pass

@then('the setting should appear above the Column Enhancements setting')
def step_impl(context):
    pass"
76,"As a User, I want new File Format 'Templates' displays for scene files that are Img.ly/IB creations (ie, we do not display as scene files) - [V3 Locations]","Gherkin:

Feature: Display Templates for Img.ly/IB Creations

Scenario: Display 'Templates' File Format for Img.ly/IB Resources

Given a resource is created via IB+Img.ly
And the resource is stored in the database
When the resource is accessed in Info Preview
And the resource is accessed in Database Resource Lookup
And the resource is accessed in Review Request > Item Details
Then the File Format should be displayed as 'Templates'

Python:

from behave import given, when, then

@given('a resource is created via IB+Img.ly')
def step_impl(context):
    context.resource = create_resource_via_imgly()

@given('the resource is stored in the database')
def step_impl(context):
    store_resource_in_database(context.resource)

@when('the resource is accessed in Info Preview')
def step_impl(context):
    context.info_preview_format = access_info_preview(context.resource)

@when('the resource is accessed in Database Resource Lookup')
def step_impl(context):
    context.db_lookup_format = access_database_lookup(context.resource)

@when('the resource is accessed in Review Request > Item Details')
def step_impl(context):
    context.review_request_format = access_review_request(context.resource)

@then('the File Format should be displayed as \'Templates\'')
def step_impl(context):
    assert context.info_preview_format == 'Templates'
    assert context.db_lookup_format == 'Templates'
    assert context.review_request_format == 'Templates'"
77,"As a User, I want to Restricted Actions for Template Resources [Database Locations]","Feature: Restricted Actions for Template Resources

Scenario: Verify restricted actions for created Template or Master Template

Given a user is logged in
And a resource is identified as a created Template or Master Template
When the user views the available actions for the resource
Then the actions ""Download"", ""Block from Single and Bulk Download"", ""Alias"", ""Block from Single and Bulk Create Alias"" do not display
And the actions ""Edit"", ""Email Internal Share Link"", ""Move"", ""Check in / Out"", ""Usage"", ""Related"", ""Feedback"" are available

Python:

from behave import given, when, then

@given('a user is logged in')
def step_impl(context):
    pass

@given('a resource is identified as a created Template or Master Template')
def step_impl(context):
    pass

@when('the user views the available actions for the resource')
def step_impl(context):
    pass

@then('the actions ""Download"", ""Block from Single and Bulk Download"", ""Alias"", ""Block from Single and Bulk Create Alias"" do not display')
def step_impl(context):
    pass

@then('the actions ""Edit"", ""Email Internal Share Link"", ""Move"", ""Check in / Out"", ""Usage"", ""Related"", ""Feedback"" are available')
def step_impl(context):
    pass"
78,"As a User, when I create, update and delete a Server and the action has failed, show a snackbar message to show the error","Gherkin:

Feature: Server Management Error Handling

Scenario: Display error message when server creation fails

Given the user is on the server creation page
And the user has entered server details
When the user attempts to create a server
And the server creation fails
Then the page remains open
And a snackbar appears with the error message

Python:

from behave import given, when, then

@given('the user is on the server creation page')
def step_given_user_on_creation_page(context):
    pass

@given('the user has entered server details')
def step_given_user_entered_details(context):
    pass

@when('the user attempts to create a server')
def step_when_user_attempts_creation(context):
    pass

@when('the server creation fails')
def step_when_creation_fails(context):
    pass

@then('the page remains open')
def step_then_page_remains_open(context):
    pass

@then('a snackbar appears with the error message')
def step_then_snackbar_appears(context):
    pass"
79,"As a User, I want MCP Setting for Single User Record Editor Restriction","Feature: MCP Setting for Single User Record Editor Restriction

Scenario: Add Single User Record Edit Restriction to MCP

Given the MCP is open
And I am in the ""Development Use Only"" section
When I add the setting ""Databases - Single User Record Edit Restriction""
Then the setting should be added to the bottom of the list

Python:

from behave import given, when, then

@given('the MCP is open')
def step_impl(context):
    pass

@given('I am in the ""Development Use Only"" section')
def step_impl(context):
    pass

@when('I add the setting ""Databases - Single User Record Edit Restriction""')
def step_impl(context):
    pass

@then('the setting should be added to the bottom of the list')
def step_impl(context):
    pass"
80,"As a user who has selected Master Template option, if I can see none, I am directed to Create a blank one instead","Feature: Master Template Selection

Scenario: No Master Templates Available

Given the user has selected the Master Template option
And no Master Templates exist
When the user views the template options
Then the message ""No Master Templates available"" is displayed
And the user can select to create a blank template

Python:

from behave import given, when, then

@given('the user has selected the Master Template option')
def step_given_user_selected_master_template(context):
    pass

@given('no Master Templates exist')
def step_given_no_master_templates_exist(context):
    pass

@when('the user views the template options')
def step_when_user_views_template_options(context):
    pass

@then('the message ""No Master Templates available"" is displayed')
def step_then_message_displayed(context):
    pass

@then('the user can select to create a blank template')
def step_then_user_can_create_blank_template(context):
    pass"
81,"As a user who selected a Master Template, this loads into the Editor","Gherkin:

Feature: Load Master Template into Editor

Scenario: User selects a Master Template to load into the editor

Given the user has opened the Template editor
And the user has selected a Master Template
When the user confirms the selection
Then the Master Template should load into the editor
And the template name should be displayed

Python:

from behave import given, when, then

@given('the user has opened the Template editor')
def step_given_user_opened_template_editor(context):
    pass

@given('the user has selected a Master Template')
def step_given_user_selected_master_template(context):
    pass

@when('the user confirms the selection')
def step_when_user_confirms_selection(context):
    pass

@then('the Master Template should load into the editor')
def step_then_template_loads_into_editor(context):
    pass

@then('the template name should be displayed')
def step_then_template_name_displayed(context):
    pass"
82,"As a User, On save, a new Job should appear in job list/tab for that Template Resource (B.E. handling)","Gherkin:

Feature: Job Management for Template Resources

Scenario: Save a new Job for a Template Resource

Given a Template Resource exists
And the user is on the Template Resource page
When the user saves a new Job
Then the Job should appear in the job list for that Template Resource

Python:

from behave import given, when, then

@given('a Template Resource exists')
def step_given_template_resource_exists(context):
    # Code to ensure a Template Resource exists
    pass

@given('the user is on the Template Resource page')
def step_given_user_on_template_page(context):
    # Code to navigate the user to the Template Resource page
    pass

@when('the user saves a new Job')
def step_when_user_saves_new_job(context):
    # Code to save a new Job
    pass

@then('the Job should appear in the job list for that Template Resource')
def step_then_job_appears_in_list(context):
    # Code to verify the Job appears in the job list
    pass"
83,"As a user creating a job, I can only edit / configure elements allowed by Template creator","Feature: Job Editor Restrictions in Adopter Mode

Scenario: Restrict editing based on Template Creator's configuration

Given a user opens the Editor in Adopter Mode
And the Template Creator has configured editable elements
When the user attempts to edit a restricted element
Then the user is unable to edit the restricted element

Python:

from behave import given, when, then

@given('a user opens the Editor in Adopter Mode')
def step_given_user_opens_editor(context):
    pass

@given('the Template Creator has configured editable elements')
def step_given_template_creator_configured_elements(context):
    pass

@when('the user attempts to edit a restricted element')
def step_when_user_attempts_edit_restricted_element(context):
    pass

@then('the user is unable to edit the restricted element')
def step_then_user_unable_to_edit_restricted_element(context):
    pass"
84,"As a User, I want Confirmation dialog on Template Resource deletion that will warn that generated jobs will also be deleted as well","Feature: Template Resource Deletion Confirmation

Scenario: User receives a warning when deleting a Template Resource

Given the user is on the Template Resource page
And a Template Resource is available for deletion
When the user clicks the delete button for the Template Resource
Then a confirmation dialog appears
And the dialog warns that generated jobs will also be deleted

Python:

from behave import given, when, then

@given('the user is on the Template Resource page')
def step_given_user_on_template_resource_page(context):
    pass

@given('a Template Resource is available for deletion')
def step_given_template_resource_available(context):
    pass

@when('the user clicks the delete button for the Template Resource')
def step_when_user_clicks_delete_button(context):
    pass

@then('a confirmation dialog appears')
def step_then_confirmation_dialog_appears(context):
    pass

@then('the dialog warns that generated jobs will also be deleted')
def step_then_dialog_warns_jobs_deleted(context):
    pass"
85,"As a User, I want Close or cancel handling","Feature: Close or Cancel Handling on Edit Template Page

Scenario: User selects close or cancel from Edit Template page

Given the user is on the Edit Template page
And the user navigated from the Dashboard
When the user selects the close option
Then the user is returned to the Dashboard

Python:

from behave import given, when, then

@given('the user is on the Edit Template page')
def step_given_user_on_edit_template_page(context):
    context.page = 'Edit Template'

@given('the user navigated from the Dashboard')
def step_given_user_navigated_from_dashboard(context):
    context.previous_page = 'Dashboard'

@when('the user selects the close option')
def step_when_user_selects_close_option(context):
    context.action = 'close'

@then('the user is returned to the Dashboard')
def step_then_user_returned_to_dashboard(context):
    assert context.previous_page == 'Dashboard'
    context.page = context.previous_page"
86,"As a user, I can search for a Template in the DAM when it has been saved as a Resource (Solr)","Gherkin:

Feature: Search for Template in DAM

Scenario: Search for a saved Template Scene file as a Resource

Given a Template Scene file is saved as a Resource in the DAM
When the user searches for the Template in the DAM
Then the Template should be found in the search results

Python:

from behave import given, when, then

@given('a Template Scene file is saved as a Resource in the DAM')
def step_given_template_saved_as_resource(context):
    # Code to ensure the Template Scene file is saved as a Resource
    pass

@when('the user searches for the Template in the DAM')
def step_when_user_searches_for_template(context):
    # Code to perform the search for the Template in the DAM
    pass

@then('the Template should be found in the search results')
def step_then_template_found_in_search_results(context):
    # Code to verify the Template is found in the search results
    pass"
87,"As a User, I want to remove stickers option from left menu","Gherkin:

Feature: Manage Left Menu Options

Scenario: Hide Stickers Option from Left Menu

Given the user is logged into the application
And the left menu is visible
When the user accesses the menu settings
And the user selects to hide the Stickers option
Then the Stickers option should not be visible in the left menu

Python:

from behave import given, when, then

@given('the user is logged into the application')
def step_impl(context):
    pass

@given('the left menu is visible')
def step_impl(context):
    pass

@when('the user accesses the menu settings')
def step_impl(context):
    pass

@when('the user selects to hide the Stickers option')
def step_impl(context):
    pass

@then('the Stickers option should not be visible in the left menu')
def step_impl(context):
    pass"
88,"As a user who has selected a supported file to import as template, if it is successfully processed it opens in the Editor (Create + open import)","Feature: Import Supported File as Template

Scenario: Successfully import and open a supported file in the Editor

Given a user has selected a supported file for import
And the file is ready for processing
When the file is successfully processed
And the file is loaded
Then the file opens in the Editor

Python:

from behave import given, when, then

@given('a user has selected a supported file for import')
def step_given_user_selected_supported_file(context):
    context.file_selected = True

@given('the file is ready for processing')
def step_given_file_ready_for_processing(context):
    context.file_ready = True

@when('the file is successfully processed')
def step_when_file_processed(context):
    if context.file_selected and context.file_ready:
        context.file_processed = True

@when('the file is loaded')
def step_when_file_loaded(context):
    if context.file_processed:
        context.file_loaded = True

@then('the file opens in the Editor')
def step_then_file_opens_in_editor(context):
    assert context.file_loaded is True"
89,"As a User, I want Master Templates overlay, Fetch and return Master Templates via API ","Feature: Master Template Selection

Scenario: Display relevant Master Templates based on user permissions

Given the user is authenticated
And the user has permission to view Master Templates
When the user accesses the Master Template selection overlay
And the API fetches available Master Templates
Then the relevant Master Templates are displayed to the user

Python:

from behave import given, when, then

@given('the user is authenticated')
def step_user_authenticated(context):
    # Code to ensure user is authenticated
    pass

@given('the user has permission to view Master Templates')
def step_user_has_permission(context):
    # Code to check user permissions
    pass

@when('the user accesses the Master Template selection overlay')
def step_access_overlay(context):
    # Code to simulate user accessing the overlay
    pass

@when('the API fetches available Master Templates')
def step_api_fetch_templates(context):
    # Code to simulate API fetching templates
    pass

@then('the relevant Master Templates are displayed to the user')
def step_display_templates(context):
    # Code to display templates to the user
    pass"
90,"As a user who selected to Create Blank Template, a blank slate opens with a Default blank size","Feature: Create Blank Template

Scenario: Open a blank template with default size

Given the user is on the Create Template page
When the user selects to create a new blank template
Then a blank template is opened
And the template size is 1080 x 1080

Python:

from behave import given, when, then

@given('the user is on the Create Template page')
def step_given_user_on_create_template_page(context):
    pass

@when('the user selects to create a new blank template')
def step_when_user_selects_create_blank_template(context):
    pass

@then('a blank template is opened')
def step_then_blank_template_is_opened(context):
    pass

@then('the template size is 1080 x 1080')
def step_then_template_size_is_default(context):
    pass"
91,"As a User, I want to Update Workflow Template Configure Groups/Divisions to be a modal not full overlay","Feature: Update Workflow Template to Use Modal for Configure Groups/Divisions

Scenario: User updates the Configure Groups/Divisions to a modal

Given the user is on the Workflow Template page
And the Configure Groups/Divisions option is available
When the user selects the Configure Groups/Divisions option
Then a modal should appear instead of a full overlay

Python:

from behave import given, when, then

@given('the user is on the Workflow Template page')
def step_given_user_on_workflow_template_page(context):
    pass

@given('the Configure Groups/Divisions option is available')
def step_given_configure_option_available(context):
    pass

@when('the user selects the Configure Groups/Divisions option')
def step_when_user_selects_configure_option(context):
    pass

@then('a modal should appear instead of a full overlay')
def step_then_modal_appears(context):
    pass"
92,As a user I can open the new 'Add collaborators' dialog from approval list [placeholder text accessibility update],"Feature: Open 'Add Collaborators' Dialog

Scenario: User opens the 'Add Collaborators' dialog from the approval list

Given the user is on the approval list page
And the 'Add Collaborators' button is visible
When the user clicks on the 'Add Collaborators' button
Then the 'Add Collaborators' dialog should open
And the input field should have the placeholder text ""Type or select a collaborator""
And the input field should have an aria-describedby label

Python:

from behave import given, when, then

@given('the user is on the approval list page')
def step_given_user_on_approval_list_page(context):
    pass

@given('the ""Add Collaborators"" button is visible')
def step_given_add_collaborators_button_visible(context):
    pass

@when('the user clicks on the ""Add Collaborators"" button')
def step_when_user_clicks_add_collaborators_button(context):
    pass

@then('the ""Add Collaborators"" dialog should open')
def step_then_add_collaborators_dialog_opens(context):
    pass

@then('the input field should have the placeholder text ""Type or select a collaborator""')
def step_then_input_field_has_placeholder(context):
    pass

@then('the input field should have an aria-describedby label')
def step_then_input_field_has_aria_describedby(context):
    pass"
93,"As a user, I can expand the Server form by closing the menu and using the expand button","Gherkin:

Feature: Expand Server Form

Scenario: Expand form by closing menu and using expand button

Given the user is on the Server form page
And the menu is open
When the user closes the menu
And the user clicks the expand button
Then the form expands
And the footer expands with the form

Python:

from behave import given, when, then

@given('the user is on the Server form page')
def step_impl(context):
    pass

@given('the menu is open')
def step_impl(context):
    pass

@when('the user closes the menu')
def step_impl(context):
    pass

@when('the user clicks the expand button')
def step_impl(context):
    pass

@then('the form expands')
def step_impl(context):
    pass

@then('the footer expands with the form')
def step_impl(context):
    pass"
94,"As a user, who I can select as collaborator updates based on if 'all' is allowed in Template settings","Feature: Collaborator Selection Based on Template Settings

Scenario: Select all users as collaborators when 'All users' is selected in Template settings

Given the Workflow Template settings page is open
And 'All users' is selected in 'Collaborators permissions'
When I attempt to select a collaborator
Then all active platform users should be available for selection
And the selected user can bypass permissions even if they lack access to the source item module

Python:

from behave import given, when, then

@given('the Workflow Template settings page is open')
def step_given_template_settings_page_open(context):
    pass

@given(""'All users' is selected in 'Collaborators permissions'"")
def step_given_all_users_selected(context):
    pass

@when('I attempt to select a collaborator')
def step_when_attempt_select_collaborator(context):
    pass

@then('all active platform users should be available for selection')
def step_then_all_users_available(context):
    pass

@then('the selected user can bypass permissions even if they lack access to the source item module')
def step_then_user_can_bypass_permissions(context):
    pass"
95,"As a user, who I can select as collaborator updates based on new Template Group setting","Gherkin:

Feature: Collaborator Selection Based on Template Group Settings

Scenario: Update collaborator selection when new Template Group is configured

Given a Template with pending requests
And Collaborators are restricted based on Group(s) 45075
And UserA is a Workflow Access member in GroupX
And GroupY is configured for the Template
When the Template Group setting is updated
Then UserA can be added as a collaborator
And users in GroupY can be added as collaborators

Python:

from behave import given, when, then

@given('a Template with pending requests')
def step_given_template_with_pending_requests(context):
    pass

@given('Collaborators are restricted based on Group(s) 45075')
def step_given_collaborators_restricted_by_group(context):
    pass

@given('UserA is a Workflow Access member in GroupX')
def step_given_usera_in_groupx(context):
    pass

@given('GroupY is configured for the Template')
def step_given_groupy_configured(context):
    pass

@when('the Template Group setting is updated')
def step_when_template_group_updated(context):
    pass

@then('UserA can be added as a collaborator')
def step_then_usera_can_be_added(context):
    pass

@then('users in GroupY can be added as collaborators')
def step_then_users_in_groupy_can_be_added(context):
    pass"
96,"As a collaborator, I can be added to a Thread","Feature: Collaborator Management in Comment Threads

Scenario: Add a collaborator to an existing thread

Given comment threads are enabled for the workflow
And a thread exists with participants
And I am a participant in the thread
When I add a collaborator to the thread
Then the collaborator is successfully added
And the collaborator can toggle between threads
And the collaborator can edit the thread

Python:

from behave import given, when, then

@given('comment threads are enabled for the workflow')
def step_impl(context):
    context.threads_enabled = True

@given('a thread exists with participants')
def step_impl(context):
    context.thread_exists = True
    context.participants = ['user1', 'user2']

@given('I am a participant in the thread')
def step_impl(context):
    context.current_user = 'user1'
    assert context.current_user in context.participants

@when('I add a collaborator to the thread')
def step_impl(context):
    context.new_collaborator = 'user3'
    context.participants.append(context.new_collaborator)

@then('the collaborator is successfully added')
def step_impl(context):
    assert context.new_collaborator in context.participants

@then('the collaborator can toggle between threads')
def step_impl(context):
    context.collaborator_can_toggle = True
    assert context.collaborator_can_toggle

@then('the collaborator can edit the thread')
def step_impl(context):
    context.collaborator_can_edit = True
    assert context.collaborator_can_edit"
97,"As a Collaborators, I can be tagged with @ mentions","Gherkin:

Feature: Collaborator Mentions in Comments

Scenario: Successfully mention a collaborator in a comment

Given a pending request with a collaborator added
And the collaborator is not a participant
When I write a comment with an @ mention of the collaborator
Then the collaborator should be notified of the mention

Python:

from behave import given, when, then

@given('a pending request with a collaborator added')
def step_given_pending_request_with_collaborator(context):
    pass

@given('the collaborator is not a participant')
def step_given_collaborator_not_participant(context):
    pass

@when('I write a comment with an @ mention of the collaborator')
def step_when_write_comment_with_mention(context):
    pass

@then('the collaborator should be notified of the mention')
def step_then_collaborator_notified(context):
    pass"
98,"As a user, I cannot click Submit on single level unless I am on Response tab","Gherkin:

Feature: Submit Button Accessibility

Scenario: Submit button is enabled only on Response tab

Given the user accesses a single view from the bulk review list
And the user is on the Markup tab
When the user clicks on the Submit & Next button
Then the button is disabled
And the tooltip shows 'Submit a Response to proceed'
When the user navigates to the Response tab
Then the Submit & Next button is enabled

Python:

from behave import given, when, then

@given('the user accesses a single view from the bulk review list')
def step_impl(context):
    pass

@given('the user is on the Markup tab')
def step_impl(context):
    pass

@when('the user clicks on the Submit & Next button')
def step_impl(context):
    pass

@then('the button is disabled')
def step_impl(context):
    pass

@then(""the tooltip shows 'Submit a Response to proceed'"")
def step_impl(context):
    pass

@when('the user navigates to the Response tab')
def step_impl(context):
    pass

@then('the Submit & Next button is enabled')
def step_impl(context):
    pass"
99,"As a User, I want to Publish Resource Grouped Requests handled in Group Review Page","Gherkin:

Feature: Publish Resource Grouped Requests

Scenario: Publish requests with staged approvals

Given the user is on the Group Review Page
And the requests are staged for review
When the user approves a request with comments
And hides the decline option for a record file
Then the request should be published successfully
And the decline option should not be visible

Python:

from behave import given, when, then

@given('the user is on the Group Review Page')
def step_given_user_on_group_review_page(context):
    pass

@given('the requests are staged for review')
def step_given_requests_staged_for_review(context):
    pass

@when('the user approves a request with comments')
def step_when_user_approves_with_comments(context):
    pass

@when('hides the decline option for a record file')
def step_when_hides_decline_option(context):
    pass

@then('the request should be published successfully')
def step_then_request_published_successfully(context):
    pass

@then('the decline option should not be visible')
def step_then_decline_option_not_visible(context):
    pass"
100,"As a User, I want Grouped Record Files - Grouped Completion Email to Requester","Gherkin:

Feature: Grouped Record File Completion Notification

Scenario: Send grouped completion email when all items are completed

Given the ""Enable Grouped Requests"" setting is enabled
And the ""Requester > Grouped Request has been completed"" notification setting is enabled
And a grouped record file request is made
When all items within the grouped request are completed
Then a single grouped completion email is sent to the requester

Python:

from behave import given, when, then

@given('the ""Enable Grouped Requests"" setting is enabled')
def step_impl(context):
    context.enable_grouped_requests = True

@given('the ""Requester > Grouped Request has been completed"" notification setting is enabled')
def step_impl(context):
    context.grouped_request_notification_enabled = True

@given('a grouped record file request is made')
def step_impl(context):
    context.grouped_request_made = True

@when('all items within the grouped request are completed')
def step_impl(context):
    context.all_items_completed = True

@then('a single grouped completion email is sent to the requester')
def step_impl(context):
    assert context.enable_grouped_requests
    assert context.grouped_request_notification_enabled
    assert context.grouped_request_made
    assert context.all_items_completed
    context.grouped_email_sent = True"
101,"As a User, I want Grouped Resource Publish - Grouped Completion Email to Requester","Gherkin:

Feature: Grouped Resource Publish Notification

Scenario: Send grouped completion email to requester

Given the ""Enable Grouped Requests"" setting is enabled
And the ""Requester > Grouped Request has been completed"" notification setting is enabled
And a group resource publish request is made
When all items within the grouped request are completed
Then a single grouped completion email is sent to the requester

Python:

from behave import given, when, then

@given('the ""Enable Grouped Requests"" setting is enabled')
def step_impl(context):
    context.enable_grouped_requests = True

@given('the ""Requester > Grouped Request has been completed"" notification setting is enabled')
def step_impl(context):
    context.grouped_request_notification_enabled = True

@given('a group resource publish request is made')
def step_impl(context):
    context.group_resource_publish_request_made = True

@when('all items within the grouped request are completed')
def step_impl(context):
    context.all_items_completed = True

@then('a single grouped completion email is sent to the requester')
def step_impl(context):
    assert context.enable_grouped_requests
    assert context.grouped_request_notification_enabled
    assert context.group_resource_publish_request_made
    assert context.all_items_completed
    context.grouped_completion_email_sent = True"
102,"As a User, I want to set Primary Font Size in Admin and reflect to page title font size in Page Nav (both left & right side)","Gherkin:

Feature: Set Primary Font Size in Admin and Reflect in Page Nav

Scenario: Update Primary Font Size and Reflect in Page Nav

Given the user is on the Admin Template settings page
And the current Primary Font Size is set to 14
When the user sets the Primary Font Size to 16
Then the Page Nav title font size should be updated to 16 on the left side
And the Page Nav title font size should be updated to 16 on the right side

Python:

from behave import given, when, then

@given('the user is on the Admin Template settings page')
def step_impl(context):
    context.admin_page.open_template_settings()

@given('the current Primary Font Size is set to 14')
def step_impl(context):
    context.admin_page.set_primary_font_size(14)

@when('the user sets the Primary Font Size to 16')
def step_impl(context):
    context.admin_page.set_primary_font_size(16)

@then('the Page Nav title font size should be updated to 16 on the left side')
def step_impl(context):
    assert context.page_nav.get_title_font_size('left') == 16

@then('the Page Nav title font size should be updated to 16 on the right side')
def step_impl(context):
    assert context.page_nav.get_title_font_size('right') == 16"
103,"As a User, I want to go back to Resource Lookup overlay after clicking to go to Resource Preview in Page Builder","Gherkin:

Feature: Navigate back to Resource Lookup from Resource Preview

Scenario: Return to Resource Lookup after closing Info Preview

Given the user is on the Resource Preview overlay in Page Builder
And the user has navigated from a specific Resources view
When the user clicks on the close icon in the Info Preview overlay
Then the user should be taken back to the specific Resources view they were on

Python:

from behave import given, when, then

@given('the user is on the Resource Preview overlay in Page Builder')
def step_given_user_on_resource_preview(context):
    pass

@given('the user has navigated from a specific Resources view')
def step_given_user_navigated_from_resources_view(context):
    pass

@when('the user clicks on the close icon in the Info Preview overlay')
def step_when_user_clicks_close_icon(context):
    pass

@then('the user should be taken back to the specific Resources view they were on')
def step_then_user_taken_back_to_resources_view(context):
    pass"
104,"As a User, I want to select and upload more file formats via Resource Lookup in Page Builder","Gherkin:

Feature: Upload and Load File Formats in Page Builder

Scenario: Automatically upload and load files with appropriate quality

Given the user is on the Resource Lookup page in Page Builder
And the user has selected a file format from the list: PSD, tif, tiff, eps, ai, jp2, cr2, indd, pbm, xbm, ppm
When the user uploads the file
Then the file should be loaded with Good quality automatically

Python:

from behave import given, when, then

@given('the user is on the Resource Lookup page in Page Builder')
def step_given_user_on_resource_lookup_page(context):
    pass

@given('the user has selected a file format from the list: PSD, tif, tiff, eps, ai, jp2, cr2, indd, pbm, xbm, ppm')
def step_given_user_selected_file_format(context):
    pass

@when('the user uploads the file')
def step_when_user_uploads_file(context):
    pass

@then('the file should be loaded with Good quality automatically')
def step_then_file_loaded_with_good_quality(context):
    pass"
105,"As a User, I should not see the Page Category dropdown when viewing Pages if none of them are assigned to Category","Gherkin:

Feature: Page Category Visibility

Scenario: Hide Page Category dropdown when no pages are assigned to a category

Given the user is logged in
And the user has access to view pages
And none of the pages are assigned to any category
When the user views a page
Then the Page Category dropdown should not be visible
And only the list of pages should be visible in the Left Panel

Python:

from behave import given, when, then

@given('the user is logged in')
def step_impl(context):
    pass

@given('the user has access to view pages')
def step_impl(context):
    pass

@given('none of the pages are assigned to any category')
def step_impl(context):
    pass

@when('the user views a page')
def step_impl(context):
    pass

@then('the Page Category dropdown should not be visible')
def step_impl(context):
    pass

@then('only the list of pages should be visible in the Left Panel')
def step_impl(context):
    pass"
106,"As a User, I want to switch Page Categories when viewing a Page if there are multiple Page Categories","Gherkin:

Feature: Switch Page Categories

Scenario: User switches to another Page Category via dropdown

Given the user is on a Page with multiple Page Categories
And the user has permission to view the Page Categories
When the user opens the Page Categories dropdown
And the user selects a different Page Category
Then the Pages under the selected Page Category are loaded

Python:

from behave import given, when, then

@given('the user is on a Page with multiple Page Categories')
def step_given_user_on_page_with_multiple_categories(context):
    # Code to ensure the user is on a page with multiple categories
    pass

@given('the user has permission to view the Page Categories')
def step_given_user_has_permission(context):
    # Code to ensure the user has permission to view categories
    pass

@when('the user opens the Page Categories dropdown')
def step_when_user_opens_dropdown(context):
    # Code to simulate opening the dropdown
    pass

@when('the user selects a different Page Category')
def step_when_user_selects_category(context):
    # Code to simulate selecting a different category
    pass

@then('the Pages under the selected Page Category are loaded')
def step_then_pages_are_loaded(context):
    # Code to verify the pages under the selected category are loaded
    pass"
107,"As a User, I want to see Page Category being selected by default when viewing a Page as it's been assign to one","Feature: Default Page Category Selection

Scenario: Viewing a Page with Default Category Selected

Given a user is viewing a Page assigned to a Category
And the Page Category is assigned
When the user opens the Page
Then the Page Category Name is displayed by default
And the pages under the Category are loaded to the left side from Nav

Python:

from behave import given, when, then

@given('a user is viewing a Page assigned to a Category')
def step_impl(context):
    pass

@given('the Page Category is assigned')
def step_impl(context):
    pass

@when('the user opens the Page')
def step_impl(context):
    pass

@then('the Page Category Name is displayed by default')
def step_impl(context):
    pass

@then('the pages under the Category are loaded to the left side from Nav')
def step_impl(context):
    pass"
108,"As a User, I want to customise the order of pages under All Pages and the order of pages under each Page Category","Feature: Customise Page Order

Scenario: User customises the order of pages under a Page Category

Given the user is on the All Pages section
And the user has a list of pages under a specific Page Category
When the user selects a page to move
And the user drags the page to a new position within the Page Category
Then the page order is updated under the Page Category

Python:

from behave import given, when, then

@given('the user is on the All Pages section')
def step_given_user_on_all_pages(context):
    pass

@given('the user has a list of pages under a specific Page Category')
def step_given_user_has_pages_in_category(context):
    pass

@when('the user selects a page to move')
def step_when_user_selects_page(context):
    pass

@when('the user drags the page to a new position within the Page Category')
def step_when_user_drags_page(context):
    pass

@then('the page order is updated under the Page Category')
def step_then_page_order_updated(context):
    pass"
109,"As an Internal User, I want to have MCP(development use only) settings to enable/disable features per Epic for Drag & Drop Page MVP ","Feature: Manage MCP Settings for Drag & Drop Page MVP

Scenario: Enable and verify MCP settings for Drag & Drop features

Given the user is on the MCP settings page under Development Use only
And the user sees the setting ""Drag & Drop Pages: Widgets combining Block""
And the user sees the setting ""Drag & Drop Pages: Image Resizing""
And the user sees the setting ""Drag & Drop Pages: Page Templates""
And the user sees the setting ""Drag & Drop Pages - Page Category (development use only)""
When the user enables the setting ""Drag & Drop Pages: Widgets combining Block""
And the user enables the setting ""Drag & Drop Pages: Image Resizing""
And the user enables the setting ""Drag & Drop Pages: Page Templates""
And the user enables the setting ""Drag & Drop Pages - Page Category (development use only)""
Then the settings should be saved successfully

Python:

from behave import given, when, then

@given('the user is on the MCP settings page under Development Use only')
def step_impl(context):
    pass

@given('the user sees the setting ""Drag & Drop Pages: Widgets combining Block""')
def step_impl(context):
    pass

@given('the user sees the setting ""Drag & Drop Pages: Image Resizing""')
def step_impl(context):
    pass

@given('the user sees the setting ""Drag & Drop Pages: Page Templates""')
def step_impl(context):
    pass

@given('the user sees the setting ""Drag & Drop Pages - Page Category (development use only)""')
def step_impl(context):
    pass

@when('the user enables the setting ""Drag & Drop Pages: Widgets combining Block""')
def step_impl(context):
    pass

@when('the user enables the setting ""Drag & Drop Pages: Image Resizing""')
def step_impl(context):
    pass

@when('the user enables the setting ""Drag & Drop Pages: Page Templates""')
def step_impl(context):
    pass

@when('the user enables the setting ""Drag & Drop Pages - Page Category (development use only)""')
def step_impl(context):
    pass

@then('the settings should be saved successfully')
def step_impl(context):
    pass"
110,"As a User, I want to be informed why the Page cannot be saved in Page Builder if it's beyond the set Page limit in MCP","Feature: Page Limit Warning in Page Builder

Scenario: Display warning when page limit is reached

Given the user is in Page Builder
And the D&D page limit in MCP has been reached
When the user clicks on the Standalone Page creation button at the bottom of Nav Panel
Then a warning snack bar with message ""Page limit of {&number set as page limit in MCP} reached."" is displayed

Python:

from behave import given, when, then

@given('the user is in Page Builder')
def step_given_user_in_page_builder(context):
    pass

@given('the D&D page limit in MCP has been reached')
def step_given_page_limit_reached(context):
    pass

@when('the user clicks on the Standalone Page creation button at the bottom of Nav Panel')
def step_when_user_clicks_standalone_button(context):
    pass

@then('a warning snack bar with message ""Page limit of {&number set as page limit in MCP} reached."" is displayed')
def step_then_warning_snack_bar_displayed(context):
    pass"
111,"As a User, I want to have previous 'Block' background colour setting embedded in Text Widget toolbar after combining these two","Gherkin:

Feature: Embed Previous Block Background Colour in Text Widget Toolbar

Scenario: Set Background Colour for Text Widget

Given a Text Widget with a previous 'Block' background colour setting
And the Text Widget toolbar is visible
When I click on the background colour setting in the toolbar
And I open the colour swatch popover
And I select a new colour
Then the Text Widget background colour is updated to the new colour

Python:

from behave import given, when, then

@given('a Text Widget with a previous \'Block\' background colour setting')
def step_given_text_widget_with_previous_block_background(context):
    pass

@given('the Text Widget toolbar is visible')
def step_given_text_widget_toolbar_visible(context):
    pass

@when('I click on the background colour setting in the toolbar')
def step_when_click_background_colour_setting(context):
    pass

@when('I open the colour swatch popover')
def step_when_open_colour_swatch_popover(context):
    pass

@when('I select a new colour')
def step_when_select_new_colour(context):
    pass

@then('the Text Widget background colour is updated to the new colour')
def step_then_text_widget_background_updated(context):
    pass"
112,"As a User, I want to configure both Block and Video Widget properties","Gherkin:

Feature: Configure Widget Settings

Scenario: Configure Block and Video Widget Properties

Given the user is on the widget configuration page
And the user has access to the navigation menu
When the user selects the Block Widget settings
And the user selects the Video Widget settings
Then the user should see the combined widget settings

Python:

from behave import given, when, then

@given('the user is on the widget configuration page')
def step_impl(context):
    pass

@given('the user has access to the navigation menu')
def step_impl(context):
    pass

@when('the user selects the Block Widget settings')
def step_impl(context):
    pass

@when('the user selects the Video Widget settings')
def step_impl(context):
    pass

@then('the user should see the combined widget settings')
def step_impl(context):
    pass"
113,"As a User, I want to configure both Block and Image Widget properties","Gherkin:

Feature: Configure Widget Properties

Scenario: Configure Block and Image Widget from Navigation

Given the user is on the widget configuration page
And the user has navigated to the Block and Image Widget settings
When the user selects the Block Widget settings
And the user updates the Block Widget properties
And the user selects the Image Widget settings
And the user updates the Image Widget properties
Then the new widget settings should be saved successfully

Python:

from behave import given, when, then

@given('the user is on the widget configuration page')
def step_impl(context):
    pass

@given('the user has navigated to the Block and Image Widget settings')
def step_impl(context):
    pass

@when('the user selects the Block Widget settings')
def step_impl(context):
    pass

@when('the user updates the Block Widget properties')
def step_impl(context):
    pass

@when('the user selects the Image Widget settings')
def step_impl(context):
    pass

@when('the user updates the Image Widget properties')
def step_impl(context):
    pass

@then('the new widget settings should be saved successfully')
def step_impl(context):
    pass"
114,"As a User, I want to configure both Block and Text Widget properties","Gherkin:

Feature: Configure Widget Properties

Scenario: Configure Block and Text Widget from Navigation

Given the user is on the dashboard
And the user navigates to the widget settings
When the user selects a Block Widget
And the user configures the Block Widget properties
And the user selects a Text Widget
And the user configures the Text Widget properties
Then the new widget settings should be saved successfully

Python:

from behave import given, when, then

@given('the user is on the dashboard')
def step_impl(context):
    pass

@given('the user navigates to the widget settings')
def step_impl(context):
    pass

@when('the user selects a Block Widget')
def step_impl(context):
    pass

@when('the user configures the Block Widget properties')
def step_impl(context):
    pass

@when('the user selects a Text Widget')
def step_impl(context):
    pass

@when('the user configures the Text Widget properties')
def step_impl(context):
    pass

@then('the new widget settings should be saved successfully')
def step_impl(context):
    pass"
115,"As a User, I want to configure both Block and Button Widget properties","Feature: Configure Widget Properties

Scenario: Configure Block and Button Widget Settings

Given the user is on the widget configuration page
And the user has navigated to the Block and Button settings
When the user selects the Block Widget settings
And the user updates the Block Widget properties
And the user selects the Button Widget settings
And the user updates the Button Widget properties
Then the new widget settings should be saved successfully

Python:

from behave import given, when, then

@given('the user is on the widget configuration page')
def step_given_user_on_widget_configuration_page(context):
    pass

@given('the user has navigated to the Block and Button settings')
def step_given_user_navigated_to_settings(context):
    pass

@when('the user selects the Block Widget settings')
def step_when_user_selects_block_widget_settings(context):
    pass

@when('the user updates the Block Widget properties')
def step_when_user_updates_block_widget_properties(context):
    pass

@when('the user selects the Button Widget settings')
def step_when_user_selects_button_widget_settings(context):
    pass

@when('the user updates the Button Widget properties')
def step_when_user_updates_button_widget_properties(context):
    pass

@then('the new widget settings should be saved successfully')
def step_then_settings_saved_successfully(context):
    pass"
116,"As a User, I want to resize Image Widget by Width slider from Nav","Gherkin:

Feature: Resize Image Widget by Width Slider

Scenario: Adjust Image Widget Width from Nav Panel

Given the user is on the page with the Image Widget
And the Image Widget is displayed within its Block
When the user adjusts the Width slider from the Nav Panel
Then the Image Widget's width changes according to the slider
And the Image remains the same percentage of its Block horizontally

Python:

from behave import given, when, then

@given('the user is on the page with the Image Widget')
def step_impl(context):
    pass

@given('the Image Widget is displayed within its Block')
def step_impl(context):
    pass

@when('the user adjusts the Width slider from the Nav Panel')
def step_impl(context):
    pass

@then(""the Image Widget's width changes according to the slider"")
def step_impl(context):
    pass

@then('the Image remains the same percentage of its Block horizontally')
def step_impl(context):
    pass"
117,"As a User, I want to reposition Image Widget by dragging image itself when create/editing a Page","Feature: Reposition Image Widget by Dragging

Scenario: Reposition Image Widget within a Section

Given a User is editing a Page
And an Image Widget is placed in a Section
And the Image Widget has been dragged into the Section
When the User drags the Image Widget to a new position
Then the dotted line of the Image and bounding box with 8px padding is visible
And the Image Widget’s outer bounding box border line is visible
And the Image remains in the same percentage of the Block after resizing

Python:

from behave import given, when, then

@given('a User is editing a Page')
def step_impl(context):
    pass

@given('an Image Widget is placed in a Section')
def step_impl(context):
    pass

@given('the Image Widget has been dragged into the Section')
def step_impl(context):
    pass

@when('the User drags the Image Widget to a new position')
def step_impl(context):
    pass

@then('the dotted line of the Image and bounding box with 8px padding is visible')
def step_impl(context):
    pass

@then('the Image Widget’s outer bounding box border line is visible')
def step_impl(context):
    pass

@then('the Image remains in the same percentage of the Block after resizing')
def step_impl(context):
    pass"
118,"As a user, I can only see a list of who can be selected as a Collaborator based on Beta scope - BE logic","Gherkin:

Feature: Collaborator Selection for Beta

Scenario: Display eligible Collaborators based on Beta scope

Given the relevant template is enabled for Collaborators
And the user has access to the Request in their workflow list
When the user views the list of potential Collaborators
Then the list includes Workflow Admins
And the list includes Main Admins

Python:

from behave import given, when, then

@given('the relevant template is enabled for Collaborators')
def step_given_template_enabled(context):
    pass

@given('the user has access to the Request in their workflow list')
def step_given_user_access(context):
    pass

@when('the user views the list of potential Collaborators')
def step_when_user_views_list(context):
    pass

@then('the list includes Workflow Admins')
def step_then_list_includes_workflow_admins(context):
    pass

@then('the list includes Main Admins')
def step_then_list_includes_main_admins(context):
    pass"
119,"As a user, I can open the new 'Add collaborators' dialog from approval list [Design core]","Feature: Open Collaborators Dialog

Scenario: User opens the Collaborators dialog from the approval list

Given the user is on the V3 Approvals List page
And the user is a supported user
And there is a relevant request in the list
When the user selects the Collaborator action for the request
Then the Collaborators modal is displayed
And the modal header is ""Collaborators""

Python:

from behave import given, when, then

@given('the user is on the V3 Approvals List page')
def step_impl(context):
    pass

@given('the user is a supported user')
def step_impl(context):
    pass

@given('there is a relevant request in the list')
def step_impl(context):
    pass

@when('the user selects the Collaborator action for the request')
def step_impl(context):
    pass

@then('the Collaborators modal is displayed')
def step_impl(context):
    pass

@then('the modal header is ""Collaborators""')
def step_impl(context):
    pass"
120,"As a user, I want to see an action to assign collaborators in action column in V3 Approval List","Gherkin:

Feature: Assign Collaborators Action in Approval List

Scenario: Display assign collaborators action for eligible users

Given the Workflow Template setting is enabled
And the user is viewing the V3 Approval List
And the request is pending
And the user is a Requester or Reviewer of the request
When the user views the action column
Then the assign collaborators action is displayed

Python:

from behave import given, when, then

@given('the Workflow Template setting is enabled')
def step_given_workflow_template_setting_enabled(context):
    pass

@given('the user is viewing the V3 Approval List')
def step_given_user_viewing_approval_list(context):
    pass

@given('the request is pending')
def step_given_request_is_pending(context):
    pass

@given('the user is a Requester or Reviewer of the request')
def step_given_user_is_requester_or_reviewer(context):
    pass

@when('the user views the action column')
def step_when_user_views_action_column(context):
    pass

@then('the assign collaborators action is displayed')
def step_then_assign_collaborators_action_displayed(context):
    pass"
121,"As a User, When a setting is enabled, Setting applies to all pending items tied to that Template","Feature: Template Setting Application

Scenario: Enable setting for pending requests

Given a Template with pending requests
And the setting is currently disabled
When the setting is enabled for the Template
Then the Collaborators action appears for all pending requests tied to that Template

Python:

from behave import given, when, then

@given('a Template with pending requests')
def step_given_template_with_pending_requests(context):
    pass

@given('the setting is currently disabled')
def step_given_setting_disabled(context):
    pass

@when('the setting is enabled for the Template')
def step_when_setting_enabled(context):
    pass

@then('the Collaborators action appears for all pending requests tied to that Template')
def step_then_collaborators_action_appears(context):
    pass"
122,"As a user, if template setting is disabled (or template is archived), Collaborators can only be removed, not added, for pending items ","Gherkin:

Feature: Manage Collaborators for Pending Items

Scenario: Collaborators cannot be added when template setting is disabled

Given a template with 'Allow Collaborators' enabled
And a pending item tied to this template
When 'Allow Collaborators' is disabled
And a new request is created tied to this template
Then the Collaborators action is not available in the Workflow request List

Python:

from behave import given, when, then

@given('a template with ""Allow Collaborators"" enabled')
def step_given_template_with_allow_collaborators_enabled(context):
    context.template.allow_collaborators = True

@given('a pending item tied to this template')
def step_given_pending_item_tied_to_template(context):
    context.pending_item = create_pending_item(context.template)

@when('""Allow Collaborators"" is disabled')
def step_when_allow_collaborators_is_disabled(context):
    context.template.allow_collaborators = False

@when('a new request is created tied to this template')
def step_when_new_request_created_tied_to_template(context):
    context.new_request = create_request(context.template)

@then('the Collaborators action is not available in the Workflow request List')
def step_then_collaborators_action_not_available(context):
    assert not context.new_request.has_collaborators_action()"
123,"As a config user, I want to see/enable a new Setting in Admin > Template for Workflows for Collaborators in Approvals [Record File]","Gherkin:

Feature: Manage Workflow Template Settings

Scenario: Enable new setting for Resource Publish Workflow Templates

Given the MCP setting is enabled
And I am on the Admin > Template page
When I view the Workflow Templates for Collaborators in Approvals
Then I should see the new setting for Resource Publish Workflow Templates

Python:

from behave import given, when, then

@given('the MCP setting is enabled')
def step_impl(context):
    # Code to ensure MCP setting is enabled
    pass

@given('I am on the Admin > Template page')
def step_impl(context):
    # Code to navigate to the Admin > Template page
    pass

@when('I view the Workflow Templates for Collaborators in Approvals')
def step_impl(context):
    # Code to view the Workflow Templates
    pass

@then('I should see the new setting for Resource Publish Workflow Templates')
def step_impl(context):
    # Code to verify the new setting is visible
    pass"
124,"As a config user, I want to see/enable a new Setting in Admin > Template for Workflows for Collaborators in Approvals [Resource Publish]","Feature: Manage Resource Publish Workflow Templates

Scenario: Enable and view new setting for Resource Publish Workflow Templates

Given the MCP setting is enabled
And I am on the Admin > Template page
When I view the Workflow Templates for Collaborators in Approvals
Then I should see the new setting for Resource Publish
And the setting should be available for both existing and new templates

Python:

from behave import given, when, then

@given('the MCP setting is enabled')
def step_impl(context):
    # Code to ensure MCP setting is enabled
    pass

@given('I am on the Admin > Template page')
def step_impl(context):
    # Code to navigate to the Admin > Template page
    pass

@when('I view the Workflow Templates for Collaborators in Approvals')
def step_impl(context):
    # Code to view the Workflow Templates
    pass

@then('I should see the new setting for Resource Publish')
def step_impl(context):
    # Code to verify the new setting is visible
    pass

@then('the setting should be available for both existing and new templates')
def step_impl(context):
    # Code to verify the setting is available for all templates
    pass"
125,"As a config user, I want to see/enable a new Setting in Admin > Template for Workflows for Collaborators in Approvals [Resource Feedback]","Gherkin:

Feature: Manage Resource Feedback Workflow Templates

Scenario: Enable and display new setting for Resource Feedback Workflow Templates

Given the MCP setting is enabled
And I am on the Admin > Template page
When I view the Workflow Templates for Collaborators in Approvals
Then the new setting for Resource Feedback should be visible
And it should be enabled for both existing and new templates

Python:

from behave import given, when, then

@given('the MCP setting is enabled')
def step_impl(context):
    # Code to ensure MCP setting is enabled
    pass

@given('I am on the Admin > Template page')
def step_impl(context):
    # Code to navigate to the Admin > Template page
    pass

@when('I view the Workflow Templates for Collaborators in Approvals')
def step_impl(context):
    # Code to view the Workflow Templates
    pass

@then('the new setting for Resource Feedback should be visible')
def step_impl(context):
    # Code to check if the new setting is visible
    pass

@then('it should be enabled for both existing and new templates')
def step_impl(context):
    # Code to verify the setting is enabled for all templates
    pass"
126,"As a User, I want to add MCP Feature Flag for Collaborators in Approvals project","Gherkin:

Feature: Manage MCP Feature Flag for Collaborators

Scenario: Add Collaborator in Approvals Feature Flag

Given the MCP settings page is open
And I am in the development section
When I add a new setting named ""Collaborator in approvals (BETA)""
Then the setting should be listed at the bottom of the development section

Python:

from behave import given, when, then

@given('the MCP settings page is open')
def step_impl(context):
    pass

@given('I am in the development section')
def step_impl(context):
    pass

@when('I add a new setting named ""Collaborator in approvals (BETA)""')
def step_impl(context):
    pass

@then('the setting should be listed at the bottom of the development section')
def step_impl(context):
    pass"
127,"As a User, I want a new workflowRequest PATCH call to update the collaborators","Gherkin:

Feature: Update Collaborators in Workflow Request

Scenario: Successfully update collaborators using PATCH call

Given a workflowRequest exists with collaborators
And the user has permission to update the workflowRequest
When the user sends a PATCH request to update the collaborators
And the request contains only the collaborator field
Then the collaborators are updated successfully
And other fields remain unchanged

Python:

from behave import given, when, then

@given('a workflowRequest exists with collaborators')
def step_given_workflow_request_exists(context):
    pass

@given('the user has permission to update the workflowRequest')
def step_given_user_has_permission(context):
    pass

@when('the user sends a PATCH request to update the collaborators')
def step_when_user_sends_patch_request(context):
    pass

@when('the request contains only the collaborator field')
def step_when_request_contains_only_collaborator_field(context):
    pass

@then('the collaborators are updated successfully')
def step_then_collaborators_updated(context):
    pass

@then('other fields remain unchanged')
def step_then_other_fields_unchanged(context):
    pass"
128,"As a user, I can sort Server list columns","Gherkin:

Feature: Sort Server List Columns

Scenario: Preserve sorting after editing an object

Given a user has performed a search on the server list
And the server list is sorted by name
When the user clicks Edit on a server object
And the user saves the changes
Then the server list should maintain the previous search state
And the server list should remain sorted by name
And any changes to the server object should be reflected in the list

Python:

from behave import given, when, then

@given('a user has performed a search on the server list')
def step_given_user_performed_search(context):
    pass

@given('the server list is sorted by name')
def step_given_server_list_sorted(context):
    pass

@when('the user clicks Edit on a server object')
def step_when_user_clicks_edit(context):
    pass

@when('the user saves the changes')
def step_when_user_saves_changes(context):
    pass

@then('the server list should maintain the previous search state')
def step_then_maintain_search_state(context):
    pass

@then('the server list should remain sorted by name')
def step_then_remain_sorted(context):
    pass

@then('any changes to the server object should be reflected in the list')
def step_then_changes_reflected(context):
    pass"
129,"As a user, I can search for a Server in the Servers List","Gherkin:

Feature: Server Search Functionality

Scenario: Search for a server in the servers list

Given the user is on the Servers Landing page
And the Servers List is displayed
When the user enters a server name in the search bar
And clicks the search button
Then the search results are shown in the table

Python:

from behave import given, when, then

@given('the user is on the Servers Landing page')
def step_impl(context):
    pass

@given('the Servers List is displayed')
def step_impl(context):
    pass

@when('the user enters a server name in the search bar')
def step_impl(context):
    pass

@when('clicks the search button')
def step_impl(context):
    pass

@then('the search results are shown in the table')
def step_impl(context):
    pass"
130,"As a User, I want empty stages shouldn't be hidden","Gherkin:

Feature: Display of Empty Stages

Scenario: Ensure empty stages are visible

Given a user is on a multi-stage form
And the current stage is empty
When the form is rendered
Then the empty stage should be visible
And pages without fields should be hidden

Python:

from behave import given, when, then

@given('a user is on a multi-stage form')
def step_given_user_on_multi_stage_form(context):
    pass

@given('the current stage is empty')
def step_given_current_stage_is_empty(context):
    pass

@when('the form is rendered')
def step_when_form_is_rendered(context):
    pass

@then('the empty stage should be visible')
def step_then_empty_stage_visible(context):
    pass

@then('pages without fields should be hidden')
def step_then_pages_without_fields_hidden(context):
    pass"
131,"As a User, I can add and submit a server","Gherkin:

Feature: Server Management

Scenario: Add and submit a new server

Given the user is on the Main Details Page
And the user enters a valid address
And the user enters a valid description
When the user submits the server
Then the server is successfully added

Python:

from behave import given, when, then

@given('the user is on the Main Details Page')
def step_impl(context):
    pass

@given('the user enters a valid address')
def step_impl(context):
    pass

@given('the user enters a valid description')
def step_impl(context):
    pass

@when('the user submits the server')
def step_impl(context):
    pass

@then('the server is successfully added')
def step_impl(context):
    pass"
132,"As a User, I can click Add from Servers Page and I am taken to Servers Create page","Gherkin:

Feature: Navigate to Servers Create Page

Scenario: User clicks Add button on Servers Page

Given the user is on the Servers Landing Page
When the user clicks the Add button
Then the user is taken to the Servers Create page

Python:

from behave import given, when, then

@given('the user is on the Servers Landing Page')
def step_given_user_on_servers_landing_page(context):
    context.browser.get('http://example.com/servers')

@when('the user clicks the Add button')
def step_when_user_clicks_add_button(context):
    add_button = context.browser.find_element_by_id('add-button')
    add_button.click()

@then('the user is taken to the Servers Create page')
def step_then_user_on_servers_create_page(context):
    assert context.browser.current_url == 'http://example.com/servers/create'"
133,"As a User, I want to add Side Navigation menu back for non-staged databases so its clearer how to get to the next page","Gherkin:

Feature: Display Side Navigation for Non-Staged Databases

Scenario: Display side navigation for non-staged and public record

Given a refreshed UI for create record
And the record is non-staged
And the record is public
When the user views the create record page
Then the left side menu is displayed

Python:

from behave import given, when, then

@given('a refreshed UI for create record')
def step_given_refreshed_ui(context):
    context.ui = 'refreshed'
    context.record = {}

@given('the record is non-staged')
def step_given_non_staged_record(context):
    context.record['staged'] = False

@given('the record is public')
def step_given_public_record(context):
    context.record['public'] = True

@when('the user views the create record page')
def step_when_user_views_page(context):
    context.page_viewed = True

@then('the left side menu is displayed')
def step_then_menu_displayed(context):
    assert context.ui == 'refreshed'
    assert context.record['staged'] == False
    assert context.record['public'] == True
    assert context.page_viewed == True
    assert 'menu_displayed' in context  # Simulate menu display check"
134,"As a User, I want to make the verification code in the email bigger & bolder to stand out more","Gherkin:

Feature: Email Verification Code Formatting

Scenario: Update verification code to be bigger and bolder

Given the user receives a verification email
And the email contains a verification code
When the user views the email
Then the verification code should be bigger
And the verification code should be bolder

Python:

from behave import given, when, then

@given('the user receives a verification email')
def step_given_user_receives_verification_email(context):
    pass

@given('the email contains a verification code')
def step_given_email_contains_verification_code(context):
    pass

@when('the user views the email')
def step_when_user_views_email(context):
    pass

@then('the verification code should be bigger')
def step_then_verification_code_bigger(context):
    pass

@then('the verification code should be bolder')
def step_then_verification_code_bolder(context):
    pass"
135,"As a User, I want to add ""Maximum number of files"" to the empty Multi Upload Field so users are aware of limits before uploading","Gherkin:

Feature: Multi Upload Field Maximum File Limit

Scenario: Display maximum file limit in empty multi upload field

Given a multi upload field is present on the form
And the maximum file limit is set to 5
When the form is displayed
Then the multi upload field should show ""Maximum number of files: 5""

Python:

from behave import given, when, then

@given('a multi upload field is present on the form')
def step_given_multi_upload_field_present(context):
    context.multi_upload_field = True

@given('the maximum file limit is set to {limit:d}')
def step_given_maximum_file_limit_set(context, limit):
    context.max_file_limit = limit

@when('the form is displayed')
def step_when_form_displayed(context):
    context.form_displayed = True

@then('the multi upload field should show ""Maximum number of files: {limit:d}""')
def step_then_multi_upload_field_shows_limit(context, limit):
    assert context.multi_upload_field
    assert context.form_displayed
    assert context.max_file_limit == limit"
136,"As a User, I want to open current location for single / same folder Move","Gherkin:

Feature: Open Current Location for Folder Move

Scenario: Open current location when moving a single resource

Given a user is logged in
And the user has permission to access the current folder
When the user moves a single resource
Then the current location is opened in the V3 folder tree branch

Python:

from behave import given, when, then

@given('a user is logged in')
def step_impl(context):
    pass

@given('the user has permission to access the current folder')
def step_impl(context):
    pass

@when('the user moves a single resource')
def step_impl(context):
    pass

@then('the current location is opened in the V3 folder tree branch')
def step_impl(context):
    pass"
137,"As a User, I want to change background color for public record auth pages","Feature: Change background color for email authentication pages

Scenario: Update background color to match success message

Given the user is on the email authentication page
And the current background color is not #F7F7F7
When the user views the email entry screen
And the user views the code entry screen
Then the background color should be #F7F7F7

Python:

from behave import given, when, then

@given('the user is on the email authentication page')
def step_given_user_on_email_auth_page(context):
    pass

@given('the current background color is not #F7F7F7')
def step_given_current_background_color(context):
    pass

@when('the user views the email entry screen')
def step_when_user_views_email_entry_screen(context):
    pass

@when('the user views the code entry screen')
def step_when_user_views_code_entry_screen(context):
    pass

@then('the background color should be #F7F7F7')
def step_then_background_color_should_be(context):
    pass"
138,"As a User, I want to support generate & keep session for the other four settings","Feature: Session Management for Markup Page

Scenario: Start session on new action

Given a user is on the Markup Page
And the user has an active session
When the user updates a comment status
Then a new session is generated
And the session is kept active

Python:

from behave import given, when, then

@given('a user is on the Markup Page')
def step_given_user_on_markup_page(context):
    pass

@given('the user has an active session')
def step_given_user_has_active_session(context):
    pass

@when('the user updates a comment status')
def step_when_user_updates_comment_status(context):
    pass

@then('a new session is generated')
def step_then_new_session_generated(context):
    pass

@then('the session is kept active')
def step_then_session_kept_active(context):
    pass"
139,"As a User, I want Guest Upload (MVP) Record File Multi Upload Limit Update to 1000","Gherkin:

Feature: Guest Upload Multi Upload Limit

Scenario: Update Multi Upload Limit to 1000

Given a user is on the upload page
And the multi upload field is present
When the user checks the default max limit
Then the default max limit should be 50
When the user sets a custom max limit to 1000
Then the custom max limit should be accepted

Python:

from behave import given, when, then

@given('a user is on the upload page')
def step_impl(context):
    pass

@given('the multi upload field is present')
def step_impl(context):
    pass

@when('the user checks the default max limit')
def step_impl(context):
    pass

@then('the default max limit should be 50')
def step_impl(context):
    pass

@when('the user sets a custom max limit to 1000')
def step_impl(context):
    pass

@then('the custom max limit should be accepted')
def step_impl(context):
    pass"
140,"As a User, I want to change ""Show All"" to ""Show More"" logic","Gherkin:

Feature: Change ""Show All"" to ""Show More"" Logic

Scenario: Display ""Show More"" when over 50 files exist

Given there are more than 50 files available
And the user is on the file display page
When the user views the file display options
Then the option should be labeled ""Show More""
And only 50 files should be displayed initially
And additional files should be accessible via scrolling

Python:

from behave import given, when, then

@given('there are more than 50 files available')
def step_impl(context):
    context.files = list(range(1, 101))  # Simulating 100 files

@given('the user is on the file display page')
def step_impl(context):
    context.page = 'file_display_page'

@when('the user views the file display options')
def step_impl(context):
    context.display_option = 'Show More' if len(context.files) > 50 else 'Show All'

@then('the option should be labeled ""Show More""')
def step_impl(context):
    assert context.display_option == 'Show More'

@then('only 50 files should be displayed initially')
def step_impl(context):
    context.displayed_files = context.files[:50]
    assert len(context.displayed_files) == 50

@then('additional files should be accessible via scrolling')
def step_impl(context):
    context.scrollable_files = context.files[50:]
    assert len(context.scrollable_files) == 50"
141,"As a User, I want Surface Question/Answer/Rating back end data in weekly report / script","Gherkin:

Feature: Weekly Asset Intelligence Report Generation

Scenario: Generate and update the weekly asset intelligence report

Given the existing weekly closed_captions_activation_report_
And the report includes data from various servers
When the report is updated to weekly_asset_intelligence_report
And the Dev Server reports are removed
Then the report should not include data from dcfprod, rtsprod, dev018, dev015, dpctest, dcftest, dev016, dev003, dev027, dev026, rtstest, macsprod

Python:

from behave import given, when, then

@given('the existing weekly closed_captions_activation_report_')
def step_given_existing_report(context):
    pass

@given('the report includes data from various servers')
def step_given_report_includes_data(context):
    pass

@when('the report is updated to weekly_asset_intelligence_report')
def step_when_report_is_updated(context):
    pass

@when('the Dev Server reports are removed')
def step_when_dev_server_reports_removed(context):
    pass

@then('the report should not include data from dcfprod, rtsprod, dev018, dev015, dpctest, dcftest, dev016, dev003, dev027, dev026, rtstest, macsprod')
def step_then_report_excludes_dev_servers(context):
    pass"
142,"As a User, I want to add Public User email address into Creator field for relevant alerts","Gherkin:

Feature: Append Public User Email to Creator Field in Alerts

Scenario: Append email to Creator field for public user created alert

Given a database alert with a ""Created By"" field
And the record was created by a public user
When the alert is generated
Then the ""Created By"" field should display ""Public Access <public_user_email>""

Python:

from behave import given, when, then

@given('a database alert with a ""Created By"" field')
def step_given_database_alert_with_created_by_field(context):
    context.alert = {""Created By"": ""Public Access""}

@given('the record was created by a public user')
def step_given_record_created_by_public_user(context):
    context.public_user_email = ""user@example.com""

@when('the alert is generated')
def step_when_alert_is_generated(context):
    if ""Public Access"" in context.alert[""Created By""]:
        context.alert[""Created By""] += f"" {context.public_user_email}""

@then('the ""Created By"" field should display ""Public Access <public_user_email>""')
def step_then_created_by_field_should_display(context):
    expected = f""Public Access {context.public_user_email}""
    assert context.alert[""Created By""] == expected, f""Expected '{expected}', but got '{context.alert['Created By']}'"""
143,"As a User, I want to hide Left Menu (to hide Future Stage details) for Public Users in updated UI in Create Record","Gherkin:

Feature: Hide Left Menu for Public Users in Create Record

Scenario: Hide Left Menu when UI Uplift is enabled

Given the ""Databases - Briefs UI Uplift Phase 1"" is enabled in MCP
And I am a Public User
And I am on the Create page for Staged Databases
When I view the page
Then the left menu is not visible

Python:

from behave import given, when, then

@given('the ""Databases - Briefs UI Uplift Phase 1"" is enabled in MCP')
def step_impl(context):
    context.ui_uplift_enabled = True

@given('I am a Public User')
def step_impl(context):
    context.user_type = ""Public""

@given('I am on the Create page for Staged Databases')
def step_impl(context):
    context.page = ""Create Staged Databases""

@when('I view the page')
def step_impl(context):
    context.page_viewed = True

@then('the left menu is not visible')
def step_impl(context):
    assert context.ui_uplift_enabled and context.user_type == ""Public"" and context.page == ""Create Staged Databases"" and context.page_viewed
    context.left_menu_visible = False
    assert not context.left_menu_visible"
144,"As a user, I want to set a Custom limit to number of files allowed within a Multiple Upload Field - Updated handling for existing files that exceed new limit","Feature: Custom Limit for Multiple Upload Field

Scenario: Update file limit and validate on record edit

Given a user has an existing record with multiple files uploaded
And the current file limit is set to 10
And the user sets a new file limit to 5
When the user edits the record
And tries to add more files
Then the system should prevent adding files if the total exceeds the new limit

Python:

from behave import given, when, then

@given('a user has an existing record with multiple files uploaded')
def step_impl(context):
    context.existing_files = 8

@given('the current file limit is set to 10')
def step_impl(context):
    context.current_limit = 10

@given('the user sets a new file limit to 5')
def step_impl(context):
    context.new_limit = 5

@when('the user edits the record')
def step_impl(context):
    context.editing_record = True

@when('tries to add more files')
def step_impl(context):
    context.files_to_add = 2

@then('the system should prevent adding files if the total exceeds the new limit')
def step_impl(context):
    total_files = context.existing_files + context.files_to_add
    assert total_files <= context.new_limit, ""File limit exceeded"""
145,"As a user, I want to be able to be able to go the next record and previous record while in the record page","Gherkin:

Feature: Navigate Records

Scenario: Navigate to the next and previous records

Given the user is on the record page
And the record is not the first in the list
And the record is not the last in the list
When the user hovers over the navigation area
Then the next button is visible
And the previous button is visible

Python:

from behave import given, when, then

@given('the user is on the record page')
def step_given_user_on_record_page(context):
    pass

@given('the record is not the first in the list')
def step_given_record_not_first(context):
    pass

@given('the record is not the last in the list')
def step_given_record_not_last(context):
    pass

@when('the user hovers over the navigation area')
def step_when_user_hovers_navigation(context):
    pass

@then('the next button is visible')
def step_then_next_button_visible(context):
    pass

@then('the previous button is visible')
def step_then_previous_button_visible(context):
    pass"
146,"As a User, I want MCP Setting for V3 Move","Gherkin:

Feature: MCP Platform Settings for V3 Move

Scenario: Add and verify new setting for V3 Move

Given the user is on the MCP Platform Settings page
And the user navigates to the Development Use Only section
When the user looks for the Resources - Move Resource (V3) setting
Then the setting should be present
And the setting should be disabled by default

Python:

from behave import given, when, then

@given('the user is on the MCP Platform Settings page')
def step_impl(context):
    pass

@given('the user navigates to the Development Use Only section')
def step_impl(context):
    pass

@when('the user looks for the Resources - Move Resource (V3) setting')
def step_impl(context):
    pass

@then('the setting should be present')
def step_impl(context):
    pass

@then('the setting should be disabled by default')
def step_impl(context):
    pass"
147,"As a user, I want to be able to see the workflow history of a record if there is one","Gherkin:

Feature: View Workflow History

Scenario: User views workflow history of a record

Given a record with workflow history is displayed
And the side navigation panel is visible
When the user clicks the workflow history button in the footer
Then the workflow history table is shown

Python:

from behave import given, when, then

@given('a record with workflow history is displayed')
def step_given_record_with_workflow_history(context):
    context.record = {'has_workflow_history': True}

@given('the side navigation panel is visible')
def step_given_side_navigation_panel_visible(context):
    context.side_navigation_panel_visible = True

@when('the user clicks the workflow history button in the footer')
def step_when_user_clicks_workflow_history_button(context):
    if context.record['has_workflow_history'] and context.side_navigation_panel_visible:
        context.workflow_history_button_clicked = True

@then('the workflow history table is shown')
def step_then_workflow_history_table_is_shown(context):
    assert context.workflow_history_button_clicked is True"
148,"As a User, I want new Auth Screens + Success Page - Add in Menu / Login Bar","Feature: Display Auth Screens with Logo

Scenario: User views the Auth Screen with logo and no login or nav menu

Given the user navigates to the Auth Screen
And the Auth Screen is loaded
When the page is displayed
Then the logo is visible
And the login and nav menu are not visible

Python:

from behave import given, when, then

@given('the user navigates to the Auth Screen')
def step_given_user_navigates_to_auth_screen(context):
    pass

@given('the Auth Screen is loaded')
def step_given_auth_screen_is_loaded(context):
    pass

@when('the page is displayed')
def step_when_page_is_displayed(context):
    pass

@then('the logo is visible')
def step_then_logo_is_visible(context):
    pass

@then('the login and nav menu are not visible')
def step_then_login_nav_menu_not_visible(context):
    pass"
149,"As a User, I want to  end my Session automatically when I leave the page by default","Gherkin:

Feature: Automatic Session Termination

Scenario: End session automatically when user leaves the page

Given a user is logged into the application
And the user is viewing the markup overlay
When the user closes the markup overlay
Then the session should end automatically

Python:

from behave import given, when, then

@given('a user is logged into the application')
def step_impl(context):
    context.user_logged_in = True

@given('the user is viewing the markup overlay')
def step_impl(context):
    context.viewing_markup_overlay = True

@when('the user closes the markup overlay')
def step_impl(context):
    context.viewing_markup_overlay = False

@then('the session should end automatically')
def step_impl(context):
    assert not context.user_logged_in"
150,"As a User, For ""Ask AI Beta"" project I want Beta icon","Feature: Display Beta Icon in Ask AI Side Panel

Scenario: User sees Beta icon in the side panel

Given the user opens the Ask AI side panel
And the side panel is fully loaded
When the user views the panel name and help tooltip
Then the Beta icon is displayed next to the panel name and help tooltip

Python:

from behave import given, when, then

@given('the user opens the Ask AI side panel')
def step_impl(context):
    pass

@given('the side panel is fully loaded')
def step_impl(context):
    pass

@when('the user views the panel name and help tooltip')
def step_impl(context):
    pass

@then('the Beta icon is displayed next to the panel name and help tooltip')
def step_impl(context):
    pass"
151,"As a User, we expect to see updated email template for Session Based Digest Email once Session is completed","Gherkin:

Feature: Session Based Digest Email Update

Scenario: User views updated email template after session completion

Given a session has been completed
And the email template is updated as per design
When the user receives the session digest email
Then the email should contain the updated summary
And the email should include the session start and end time

Python:

from behave import given, when, then

@given('a session has been completed')
def step_given_session_completed(context):
    pass

@given('the email template is updated as per design')
def step_given_email_template_updated(context):
    pass

@when('the user receives the session digest email')
def step_when_user_receives_email(context):
    pass

@then('the email should contain the updated summary')
def step_then_email_contains_summary(context):
    pass

@then('the email should include the session start and end time')
def step_then_email_includes_times(context):
    pass"
152,"As a User, I want to click a button on the Markup screen to manually end my Session","Gherkin:

Feature: End Session Button on Markup Screen

Scenario: User clicks the end session button

Given the user is on the Markup screen
And the Markup Comment Panel is visible
When the user clicks the end session button
Then the end session button should disappear
And the session ended message should disappear

Python:

from behave import given, when, then

@given('the user is on the Markup screen')
def step_impl(context):
    pass

@given('the Markup Comment Panel is visible')
def step_impl(context):
    pass

@when('the user clicks the end session button')
def step_impl(context):
    pass

@then('the end session button should disappear')
def step_impl(context):
    pass

@then('the session ended message should disappear')
def step_impl(context):
    pass"
153,"As a User, I want to  end my Session automatically when I leave the page by default","Gherkin:

Feature: Automatic Session Termination

Scenario: End session automatically when user leaves the page

Given the user is logged in
And the markup overlay is open
When the user closes the markup overlay
Then the session should end automatically

Python:

from behave import given, when, then

@given('the user is logged in')
def step_given_user_logged_in(context):
    context.user_logged_in = True

@given('the markup overlay is open')
def step_given_markup_overlay_open(context):
    context.overlay_open = True

@when('the user closes the markup overlay')
def step_when_user_closes_markup_overlay(context):
    context.overlay_open = False

@then('the session should end automatically')
def step_then_session_ends_automatically(context):
    assert not context.overlay_open
    context.session_active = False
    assert not context.session_active"
154,"As a User, I want Markup Page begins the session once the first activity on Mentions, New Comments, or New Replies gets sent to backend ","Gherkin:

Feature: Start Session on Markup Page Activity

Scenario: Start session when a new mention is sent

Given the user is on the Markup Page
And the user is logged in
When a new mention is sent to the backend
Then the session should start for the user

Python:

from behave import given, when, then

@given('the user is on the Markup Page')
def step_given_user_on_markup_page(context):
    pass

@given('the user is logged in')
def step_given_user_logged_in(context):
    pass

@when('a new mention is sent to the backend')
def step_when_new_mention_sent(context):
    pass

@then('the session should start for the user')
def step_then_session_starts(context):
    pass"
155,"As a User, I want Markup Page begins the session once the first activity on Updates to Comment Status, Edited Comments, Deleted Comments, or New Revisions gets sent to backend","Feature: Start session on Markup Page activity

Scenario: Start session when a comment is edited

Given the user is on the Markup Page
And the session has not started
When the user edits a comment
Then the session should start

Python:

from behave import given, when, then

@given('the user is on the Markup Page')
def step_given_user_on_markup_page(context):
    context.on_markup_page = True

@given('the session has not started')
def step_given_session_not_started(context):
    context.session_started = False

@when('the user edits a comment')
def step_when_user_edits_comment(context):
    context.comment_edited = True

@then('the session should start')
def step_then_session_should_start(context):
    if context.on_markup_page and context.comment_edited:
        context.session_started = True
    assert context.session_started is True"
156,"As a User, I want to set up Session Based Digest Email in My Account Alerts (Markup) for Comment Status Updates, Edited Comments, Deleted Comments, and New Revisions","Gherkin:

Feature: Session Based Digest Email Setup for Comment Alerts

Scenario: User sets up session-based digest for comment updates

Given the user is logged into their account
And the user navigates to My Account > Alerts (Markup)
When the user selects 'Session' from the Digest Frequency drop-down menu
And the user enables updates for Comment status
And the user enables updates for Edited Comments
Then the session-based digest email is configured successfully

Python:

from behave import given, when, then

@given('the user is logged into their account')
def step_impl(context):
    pass

@given('the user navigates to My Account > Alerts (Markup)')
def step_impl(context):
    pass

@when(""the user selects 'Session' from the Digest Frequency drop-down menu"")
def step_impl(context):
    pass

@when('the user enables updates for Comment status')
def step_impl(context):
    pass

@when('the user enables updates for Edited Comments')
def step_impl(context):
    pass

@then('the session-based digest email is configured successfully')
def step_impl(context):
    pass"
157,"As a User, I want to set up Session Based Digest Email in Admin Alerts (Markup) for Comment Status Updates, Edited Comments, Deleted Comments, and New Revisions","Gherkin:

Feature: Session Based Digest Email Setup for Admin Alerts

Scenario: Set Digest Frequency to Session for Comment Updates

Given the user is on the Admin Alerts (Markup) page
And the Digest Frequency drop-down is visible
When the user selects 'Session' from the Digest Frequency drop-down
And the user saves the settings
Then the Digest Frequency should be set to 'Session' for Comment status updates and Edited Comments

Python:

from behave import given, when, then

@given('the user is on the Admin Alerts (Markup) page')
def step_impl(context):
    pass

@given('the Digest Frequency drop-down is visible')
def step_impl(context):
    pass

@when(""the user selects 'Session' from the Digest Frequency drop-down"")
def step_impl(context):
    pass

@when('the user saves the settings')
def step_impl(context):
    pass

@then(""the Digest Frequency should be set to 'Session' for Comment status updates and Edited Comments"")
def step_impl(context):
    pass"
158,"As a User, I want to set up Session Based Digest Email in My Account Alerts (Markup) for Mention & New Comment & New Reply","Gherkin:

Feature: Session Based Digest Email Setup

Scenario: User sets up Session Based Digest Email with other frequencies

Given the user is on the My Account Alerts Markup page
And the user has access to alert frequency settings
When the user selects 'Session' for Mention alerts
And the user selects 'Hourly', 'Daily', and 'Weekly' for Mention alerts
Then the alert settings should include 'Session', 'Hourly', 'Daily', and 'Weekly' for Mention alerts

Python:

from behave import given, when, then

@given('the user is on the My Account Alerts Markup page')
def step_impl(context):
    pass

@given('the user has access to alert frequency settings')
def step_impl(context):
    pass

@when(""the user selects 'Session' for Mention alerts"")
def step_impl(context):
    pass

@when(""the user selects 'Hourly', 'Daily', and 'Weekly' for Mention alerts"")
def step_impl(context):
    pass

@then(""the alert settings should include 'Session', 'Hourly', 'Daily', and 'Weekly' for Mention alerts"")
def step_impl(context):
    pass"
159,"As a User, I want to set up Session Based Digest Email in Admin Alerts (Markup) for Mention & New Comment & New Reply","Gherkin:

Feature: Session Based Digest Email Setup in Admin Alerts

Scenario: Set Digest Frequency to Session for Mention and New Comment

Given the user is on the Admin Alerts Markup page
And the user is logged in as an Admin
When the user selects the Digest Frequency drop-down menu
And the user chooses 'Session' for Mention
And the user chooses 'Session' for New Comment
Then the Digest Frequency should be set to 'Session' for Mention and New Comment

Python:

from behave import given, when, then

@given('the user is on the Admin Alerts Markup page')
def step_impl(context):
    pass

@given('the user is logged in as an Admin')
def step_impl(context):
    pass

@when('the user selects the Digest Frequency drop-down menu')
def step_impl(context):
    pass

@when('the user chooses ""Session"" for Mention')
def step_impl(context):
    pass

@when('the user chooses ""Session"" for New Comment')
def step_impl(context):
    pass

@then('the Digest Frequency should be set to ""Session"" for Mention and New Comment')
def step_impl(context):
    pass"
160,"As a User, I want to have an Admin setting to enable that the Session can be manually ended","Feature: Admin can configure Session Based Digest setting

Scenario: Enable manual end trigger for Session Based Digest

Given the user is logged in as an Admin
And the Admin settings page is open
When the Admin enables the ""Session Based Digest"" setting
Then the setting should be saved successfully
And the manual end trigger for Session Based Digest should be active

Python:

from behave import given, when, then

@given('the user is logged in as an Admin')
def step_impl(context):
    pass

@given('the Admin settings page is open')
def step_impl(context):
    pass

@when('the Admin enables the ""Session Based Digest"" setting')
def step_impl(context):
    pass

@then('the setting should be saved successfully')
def step_impl(context):
    pass

@then('the manual end trigger for Session Based Digest should be active')
def step_impl(context):
    pass"
161,"As a User, I want to have an MCP setting for Session Based Digest under development-use only","Gherkin:

Feature: Manage MCP Setting for Session Based Digest

Scenario: Enable Session Based Digest of Markup Comments

Given the MCP setting ""Session Based Digest of Markup Comments"" is available under Development-use Only
And the setting is currently disabled
When the user enables the ""Session Based Digest of Markup Comments"" setting
Then the setting should be enabled

Python:

from behave import given, when, then

@given('the MCP setting ""Session Based Digest of Markup Comments"" is available under Development-use Only')
def step_given_mcp_setting_available(context):
    context.mcp_setting = ""Session Based Digest of Markup Comments""
    context.available = True

@given('the setting is currently disabled')
def step_given_setting_disabled(context):
    context.enabled = False

@when('the user enables the ""Session Based Digest of Markup Comments"" setting')
def step_when_user_enables_setting(context):
    if context.available:
        context.enabled = True

@then('the setting should be enabled')
def step_then_setting_should_be_enabled(context):
    assert context.enabled is True"
162,"As a user, I want to see footer actions like cancel, save as draft, next and submit (Staged Database)","Gherkin:

Feature: Footer Actions for Staged Database

Scenario: Display footer actions when MCP is ON

Given MCP is ON
And the user is viewing the staged database
When the footer is displayed
Then the footer shows ""Cancel""
And the footer shows ""Save as Draft""
And the footer shows ""Next""
And the footer shows ""Submit""

Python:

from behave import given, when, then

@given('MCP is ON')
def step_given_mcp_is_on(context):
    context.mcp_status = 'ON'

@given('the user is viewing the staged database')
def step_given_viewing_staged_database(context):
    context.viewing_staged_database = True

@when('the footer is displayed')
def step_when_footer_displayed(context):
    context.footer_displayed = True

@then('the footer shows ""Cancel""')
def step_then_footer_shows_cancel(context):
    assert context.footer_displayed and context.mcp_status == 'ON'

@then('the footer shows ""Save as Draft""')
def step_then_footer_shows_save_as_draft(context):
    assert context.footer_displayed and context.mcp_status == 'ON'

@then('the footer shows ""Next""')
def step_then_footer_shows_next(context):
    assert context.footer_displayed and context.mcp_status == 'ON'

@then('the footer shows ""Submit""')
def step_then_footer_shows_submit(context):
    assert context.footer_displayed and context.mcp_status == 'ON'"
163,"As a User, I want to set Primary Font Size in Admin and reflect to page title font size in Page Nav (both left & right side)","Feature: Set Primary Font Size in Admin and Reflect on Page Nav

Scenario: Update Primary Font Size and verify reflection on Page Nav

Given the user is on the Admin Template settings page
And the Primary Font Size is set to ""16px""
When the user views the Page Nav on the left side
And the user views the Page Nav on the right side within the builder
Then the page title font size should be ""16px"" on the left side
And the page title font size should be ""16px"" on the right side

Python:

from behave import given, when, then

@given('the user is on the Admin Template settings page')
def step_impl(context):
    pass

@given('the Primary Font Size is set to ""{size}""')
def step_impl(context, size):
    pass

@when('the user views the Page Nav on the left side')
def step_impl(context):
    pass

@when('the user views the Page Nav on the right side within the builder')
def step_impl(context):
    pass

@then('the page title font size should be ""{size}"" on the left side')
def step_impl(context, size):
    pass

@then('the page title font size should be ""{size}"" on the right side')
def step_impl(context, size):
    pass"
164,"As an internal User, I want to set Drag & Drop Page limit via Custom Page limit in MCP","Gherkin:

Feature: Manage Drag & Drop Page Limit in MCP

Scenario: Set Custom Page Limit for Drag & Drop

Given the user is on the MCP Restrictions tab
And the Drag & Drop limit is removed
When the user sets a custom page limit
Then the custom page limit is saved successfully

Python:

from behave import given, when, then

@given('the user is on the MCP Restrictions tab')
def step_impl(context):
    pass

@given('the Drag & Drop limit is removed')
def step_impl(context):
    pass

@when('the user sets a custom page limit')
def step_impl(context):
    pass

@then('the custom page limit is saved successfully')
def step_impl(context):
    pass"
165,"As a User, I want Permission updates/options: allow all platform users to Ask AI from documents they can Preview (or above)","Gherkin:

Feature: Permission Updates for AI Document Access

Scenario: Allow all platform users to ask AI from documents they can preview

Given the ""Enable vector search - text (V3) (development use only)"" setting is enabled
And the ""Main Admin only (Beta)"" sub-setting is configured
And a user has permission to preview a document
When the user attempts to ask AI from the document
Then the user is allowed to ask AI from the document

Python:

from behave import given, when, then

@given('the ""Enable vector search - text (V3) (development use only)"" setting is enabled')
def step_impl(context):
    pass

@given('the ""Main Admin only (Beta)"" sub-setting is configured')
def step_impl(context):
    pass

@given('a user has permission to preview a document')
def step_impl(context):
    pass

@when('the user attempts to ask AI from the document')
def step_impl(context):
    pass

@then('the user is allowed to ask AI from the document')
def step_impl(context):
    pass"
166,"As a User, Ignore documents that are in Pending / Declined / Cancelled ","Gherkin:

Feature: Document Upload and Approval Process

Scenario: Handle document in Pending status on initial upload

Given a document is uploaded
And the document status is Pending
When the document is sent for publish approval
Then the document should not be vectorized
And support to Ask AI should be dropped

Python:

from behave import given, when, then

@given('a document is uploaded')
def step_given_document_uploaded(context):
    context.document_status = 'Uploaded'

@given('the document status is Pending')
def step_given_document_status_pending(context):
    context.document_status = 'Pending'

@when('the document is sent for publish approval')
def step_when_document_sent_for_approval(context):
    context.approval_requested = True

@then('the document should not be vectorized')
def step_then_document_not_vectorized(context):
    assert context.document_status == 'Pending'
    context.vectorized = False

@then('support to Ask AI should be dropped')
def step_then_support_to_ask_ai_dropped(context):
    assert context.document_status == 'Pending'
    context.ask_ai_supported = False"
167,"As a User, I want to allow users to rate the answer with thumbs up / thumbs down","Gherkin:

Feature: Answer Rating System

Scenario: Display thumbs up and thumbs down icons for a fully formed answer

Given an answer is fully formed
When the answer is displayed
Then the thumbs up icon is visible with hover text 'Click if you found this response helpful.'
And the thumbs down icon is visible with hover text 'Click if you found this response unhelpful.'

Python:

from behave import given, when, then

@given('an answer is fully formed')
def step_given_answer_fully_formed(context):
    context.answer_fully_formed = True

@when('the answer is displayed')
def step_when_answer_displayed(context):
    assert context.answer_fully_formed is True

@then('the thumbs up icon is visible with hover text \'Click if you found this response helpful.\'')
def step_then_thumbs_up_visible(context):
    context.thumbs_up_visible = True
    context.thumbs_up_hover_text = 'Click if you found this response helpful.'
    assert context.thumbs_up_visible is True
    assert context.thumbs_up_hover_text == 'Click if you found this response helpful.'

@then('the thumbs down icon is visible with hover text \'Click if you found this response unhelpful.\'')
def step_then_thumbs_down_visible(context):
    context.thumbs_down_visible = True
    context.thumbs_down_hover_text = 'Click if you found this response unhelpful.'
    assert context.thumbs_down_visible is True
    assert context.thumbs_down_hover_text == 'Click if you found this response unhelpful.'"
168,Guest Upload MVP: Add local workflow info banners to note these wont apply for public users,"Feature: Display Info Banner for Public Databases

Scenario: Show info banner when editing settings of a public database

Given a database exists
And the database has public permission enabled
When the user navigates to Edit Database Settings
Then an info banner is displayed
And the banner notes that local workflow info does not apply to public users

Python:

from behave import given, when, then

@given('a database exists')
def step_given_database_exists(context):
    # Code to ensure a database exists
    pass

@given('the database has public permission enabled')
def step_given_public_permission_enabled(context):
    # Code to enable public permission for the database
    pass

@when('the user navigates to Edit Database Settings')
def step_when_navigate_to_edit_settings(context):
    # Code to simulate navigation to Edit Database Settings
    pass

@then('an info banner is displayed')
def step_then_info_banner_displayed(context):
    # Code to check if the info banner is displayed
    pass

@then('the banner notes that local workflow info does not apply to public users')
def step_then_banner_notes(context):
    # Code to verify the banner's message
    pass"
169,"PB - (Misc UX) As a User, I want to go back to Resource Lookup overlay after clicking to go to Resource Preview in Page Builder","Gherkin:

Feature: Navigate back to Resource Lookup from Resource Preview

Scenario: Return to Resource Lookup after closing Info Preview

Given the user is on the Resource Preview overlay in Page Builder
And the user has navigated from a specific Resource Lookup view
When the user clicks on the close icon in the Info Preview overlay
Then the user should be taken back to the specific Resource Lookup view

Python:

from behave import given, when, then

@given('the user is on the Resource Preview overlay in Page Builder')
def step_given_user_on_resource_preview(context):
    pass

@given('the user has navigated from a specific Resource Lookup view')
def step_given_user_navigated_from_resource_lookup(context):
    pass

@when('the user clicks on the close icon in the Info Preview overlay')
def step_when_user_clicks_close_icon(context):
    pass

@then('the user should be taken back to the specific Resource Lookup view')
def step_then_user_back_to_resource_lookup(context):
    pass"
170,"As a user, I want to be able to see integrated fields","Feature: Display Integrated Fields

Scenario: Display integrated fields when MCP is ON

Given MCP is ON
And the user is in a normal section
When the user views the section
Then the integrated fields are displayed according to design

Python:

from behave import given, when, then

@given('MCP is ON')
def step_given_mcp_is_on(context):
    context.mcp_status = 'ON'

@given('the user is in a normal section')
def step_given_user_in_normal_section(context):
    context.section_type = 'normal'

@when('the user views the section')
def step_when_user_views_section(context):
    context.action = 'view'

@then('the integrated fields are displayed according to design')
def step_then_display_integrated_fields(context):
    assert context.mcp_status == 'ON'
    assert context.section_type == 'normal'
    assert context.action == 'view'
    # Add logic to verify fields are displayed according to design"
171,MCP Front End - As a User when I click Server from the main menu it will open the server page,"Gherkin:

Feature: Server Page Navigation

Scenario: User navigates to the server page from the main menu

Given the user is on the main menu
When the user clicks on ""Server"" from the main menu
Then the server page should open
And the server page should display the title
And the server list should be in an AdvanceTable

Python:

from behave import given, when, then

@given('the user is on the main menu')
def step_given_user_on_main_menu(context):
    pass

@when('the user clicks on ""Server"" from the main menu')
def step_when_user_clicks_server(context):
    pass

@then('the server page should open')
def step_then_server_page_opens(context):
    pass

@then('the server page should display the title')
def step_then_server_page_displays_title(context):
    pass

@then('the server list should be in an AdvanceTable')
def step_then_server_list_in_advance_table(context):
    pass"
172,"MCP Front End - As a user, I can delete a server","Feature: Server Management

Scenario: Delete a server from the Servers table

Given the user is on the Servers page
And the Servers table is displayed
When the user clicks the delete icon for a server
Then a confirmation message is displayed
When the user confirms the deletion
Then the server is removed from the Servers table

Python:

from behave import given, when, then

@given('the user is on the Servers page')
def step_given_user_on_servers_page(context):
    pass

@given('the Servers table is displayed')
def step_given_servers_table_displayed(context):
    pass

@when('the user clicks the delete icon for a server')
def step_when_user_clicks_delete_icon(context):
    pass

@then('a confirmation message is displayed')
def step_then_confirmation_message_displayed(context):
    pass

@when('the user confirms the deletion')
def step_when_user_confirms_deletion(context):
    pass

@then('the server is removed from the Servers table')
def step_then_server_removed_from_table(context):
    pass"
173,"MCP Front End - As a user, I can update server details","Gherkin:

Feature: Update Server Details

Scenario: Update server details and handle warning on cancel

Given the user is on the Servers table page
And the Servers table is visible
When the user clicks on the Edit icon for a server
Then the Servers form opens in update mode
When the user updates the server details
And the user clicks on the Cancel button
Then a warning message is displayed

Python:

from behave import given, when, then

@given('the user is on the Servers table page')
def step_given_user_on_servers_table_page(context):
    pass

@given('the Servers table is visible')
def step_given_servers_table_visible(context):
    pass

@when('the user clicks on the Edit icon for a server')
def step_when_user_clicks_edit_icon(context):
    pass

@then('the Servers form opens in update mode')
def step_then_servers_form_opens_update_mode(context):
    pass

@when('the user updates the server details')
def step_when_user_updates_server_details(context):
    pass

@when('the user clicks on the Cancel button')
def step_when_user_clicks_cancel_button(context):
    pass

@then('a warning message is displayed')
def step_then_warning_message_displayed(context):
    pass"
174,"MCP Front End - As a User, I can View details of a server","Gherkin:

Feature: View Server Details

Scenario: User views server details from the Servers table

Given the user is on the Servers table page
And the Servers table is displayed
When the user clicks the view icon for a server
Then the Servers form is displayed in view mode

Python:

from behave import given, when, then

@given('the user is on the Servers table page')
def step_given_user_on_servers_table_page(context):
    pass

@given('the Servers table is displayed')
def step_given_servers_table_displayed(context):
    pass

@when('the user clicks the view icon for a server')
def step_when_user_clicks_view_icon(context):
    pass

@then('the Servers form is displayed in view mode')
def step_then_servers_form_displayed_in_view_mode(context):
    pass"
175,Guest Upload MVP - Email verification: New Email Template + Send Email,"Feature: Email Verification for Guest Upload

Scenario: Send verification email to public user

Given a public user is on the initial screen
And the user enters a valid email address
When the user submits the email address
Then a verification code is generated
And a verification email is sent to the entered email address

Python:

from behave import given, when, then

@given('a public user is on the initial screen')
def step_given_user_on_initial_screen(context):
    pass

@given('the user enters a valid email address')
def step_given_user_enters_valid_email(context):
    context.email = ""user@example.com""

@when('the user submits the email address')
def step_when_user_submits_email(context):
    context.verification_code = ""123456""

@then('a verification code is generated')
def step_then_verification_code_generated(context):
    assert context.verification_code is not None

@then('a verification email is sent to the entered email address')
def step_then_verification_email_sent(context):
    assert context.email == ""user@example.com"""
176,Guest Upload MVP - Email verification: New Auth Screens (core),"Gherkin:

Feature: Email Verification for Guest Upload

Scenario: Request access code via email

Given the user has passed the public concurrent queue check
And the user sees a modal for email input
When the user enters their email address
And requests an access code
Then the user should see a confirmation message

Python:

from behave import given, when, then

@given('the user has passed the public concurrent queue check')
def step_impl(context):
    pass

@given('the user sees a modal for email input')
def step_impl(context):
    pass

@when('the user enters their email address')
def step_impl(context):
    pass

@when('requests an access code')
def step_impl(context):
    pass

@then('the user should see a confirmation message')
def step_impl(context):
    pass"
177,"CMD - As a User, I want to see Markup Comments removed from Dashboard automatically for removed / archived Assets","Gherkin:

Feature: Automatic Removal of Markup Comments for Archived Assets

Scenario: Hide markup comments when associated asset is deleted

Given a user is viewing the Dashboard Widget
And there is an asset with markup comments
When the asset is deleted
Then the markup comments should be hidden in the Dashboard Widget

Python:

from behave import given, when, then

@given('a user is viewing the Dashboard Widget')
def step_given_user_viewing_dashboard(context):
    pass

@given('there is an asset with markup comments')
def step_given_asset_with_comments(context):
    pass

@when('the asset is deleted')
def step_when_asset_deleted(context):
    pass

@then('the markup comments should be hidden in the Dashboard Widget')
def step_then_comments_hidden(context):
    pass"
178,Guest Upload MVP: Add Email address into Public Usage Create Action,"Feature: Update User Details with Email for Public Usage

Scenario: Append email to user details when a public user creates a record

Given a public user accesses the system
And the user provides an email address ""email@address.com""
When the user creates a usage record
Then the user details should be updated to ""Public Access (email@address.com)""

Python:

from behave import given, when, then

@given('a public user accesses the system')
def step_given_public_user_accesses_system(context):
    pass

@given('the user provides an email address ""{email}""')
def step_given_user_provides_email(context, email):
    context.email = email

@when('the user creates a usage record')
def step_when_user_creates_usage_record(context):
    pass

@then('the user details should be updated to ""Public Access ({email})""')
def step_then_user_details_updated(context, email):
    expected_details = f""Public Access ({email})""
    assert context.user_details == expected_details"
179,"As a user, I want to see clearly identify that a section is part of a duplicable section","Gherkin:

Feature: Indentation of Duplicable Sections

Scenario: Display duplicable section with indentation

Given a document with multiple sections
And a section marked as duplicable
When the document is rendered
Then the duplicable section should be indented

Python:

from behave import given, when, then

@given('a document with multiple sections')
def step_given_document_with_sections(context):
    context.document = {""sections"": [""intro"", ""duplicable"", ""conclusion""]}

@given('a section marked as duplicable')
def step_given_section_marked_duplicable(context):
    context.duplicable_section = ""duplicable""

@when('the document is rendered')
def step_when_document_rendered(context):
    context.rendered_document = render_document(context.document)

@then('the duplicable section should be indented')
def step_then_section_should_be_indented(context):
    assert is_section_indented(context.rendered_document, context.duplicable_section)

def render_document(document):
    # Placeholder for document rendering logic
    return {""intro"": """", ""duplicable"": ""  "", ""conclusion"": """"}

def is_section_indented(rendered_document, section):
    # Placeholder for checking indentation
    return rendered_document[section] == ""  """
180,"As a user, I want to be able to jump to fields with errors if form is invalid ","Gherkin:

Feature: Form Error Navigation

Scenario: Navigate through form errors using arrow buttons

Given a form with multiple fields
And the form is submitted with errors
When the user views the footer
And the user clicks the arrow down button
Then the first field with an error is highlighted
And the number of errors is displayed in the footer

Python:

from behave import given, when, then

@given('a form with multiple fields')
def step_given_form_with_multiple_fields(context):
    pass

@given('the form is submitted with errors')
def step_given_form_submitted_with_errors(context):
    pass

@when('the user views the footer')
def step_when_user_views_footer(context):
    pass

@when('the user clicks the arrow down button')
def step_when_user_clicks_arrow_down(context):
    pass

@then('the first field with an error is highlighted')
def step_then_first_field_highlighted(context):
    pass

@then('the number of errors is displayed in the footer')
def step_then_number_of_errors_displayed(context):
    pass"
181,"As a user, I want to freely navigate between stages (Staged)","Gherkin:

Feature: Stage Navigation

Scenario: Navigate between stages and view their status

Given the user is on the stage navigation page
And the stages are displayed
When the user selects a stage to navigate to
Then the selected stage is shown
And the status of the selected stage is displayed

Python:

from behave import given, when, then

@given('the user is on the stage navigation page')
def step_given_user_on_stage_navigation_page(context):
    pass

@given('the stages are displayed')
def step_given_stages_are_displayed(context):
    pass

@when('the user selects a stage to navigate to')
def step_when_user_selects_stage(context):
    pass

@then('the selected stage is shown')
def step_then_selected_stage_is_shown(context):
    pass

@then('the status of the selected stage is displayed')
def step_then_status_of_selected_stage_is_displayed(context):
    pass"
182,"As a user, I want to freely navigate between sections and pages (Single)","Gherkin:

Feature: Navigation Panel Management

Scenario: User opens and closes the left navigation panel

Given the user is on the main page
And the Menu Panel component is visible
When the user clicks the toggle button on the left navigation panel
Then the left navigation panel should open
When the user clicks the toggle button again
Then the left navigation panel should close

Python:

from behave import given, when, then

@given('the user is on the main page')
def step_impl(context):
    context.browser.get('http://example.com/main')

@given('the Menu Panel component is visible')
def step_impl(context):
    menu_panel = context.browser.find_element_by_id('menu-panel')
    assert menu_panel.is_displayed()

@when('the user clicks the toggle button on the left navigation panel')
def step_impl(context):
    toggle_button = context.browser.find_element_by_id('toggle-button')
    toggle_button.click()

@then('the left navigation panel should open')
def step_impl(context):
    navigation_panel = context.browser.find_element_by_id('left-navigation-panel')
    assert navigation_panel.is_displayed()

@then('the left navigation panel should close')
def step_impl(context):
    navigation_panel = context.browser.find_element_by_id('left-navigation-panel')
    assert not navigation_panel.is_displayed()"
183,"PB - As a User, I want to have previous 'Block' background colour setting embedded in Text Widget toolbar after combining these two","Gherkin:

Feature: Embed Previous Block Background Colour in Text Widget Toolbar

Scenario: Set Background Colour in Text Widget Toolbar

Given a Text Widget with a previous Block background colour setting
And the Text Widget toolbar is visible
When I click on the background colour setting in the toolbar
And I open the colour swatch popover
And I select a new colour
Then the Text Widget background colour is updated to the new colour

Python:

from behave import given, when, then

@given('a Text Widget with a previous Block background colour setting')
def step_given_text_widget_with_previous_block_colour(context):
    # Code to ensure the Text Widget has a previous Block background colour setting
    pass

@given('the Text Widget toolbar is visible')
def step_given_text_widget_toolbar_visible(context):
    # Code to ensure the Text Widget toolbar is visible
    pass

@when('I click on the background colour setting in the toolbar')
def step_when_click_background_colour_setting(context):
    # Code to simulate clicking on the background colour setting in the toolbar
    pass

@when('I open the colour swatch popover')
def step_when_open_colour_swatch_popover(context):
    # Code to simulate opening the colour swatch popover
    pass

@when('I select a new colour')
def step_when_select_new_colour(context):
    # Code to simulate selecting a new colour
    pass

@then('the Text Widget background colour is updated to the new colour')
def step_then_text_widget_background_updated(context):
    # Code to verify the Text Widget background colour is updated
    pass"
184,"PB - As a User, I want to configure both Block and Video Widget properties","Gherkin:

Feature: Configure Widget Properties

Scenario: Configure Block and Video Widget from Navigation

Given the user is on the dashboard
And the user navigates to the widget settings
When the user selects the Block Widget
And the user configures the Block Widget properties
And the user selects the Video Widget
And the user configures the Video Widget properties
Then the new widget settings should be saved successfully

Python:

from behave import given, when, then

@given('the user is on the dashboard')
def step_impl(context):
    pass

@given('the user navigates to the widget settings')
def step_impl(context):
    pass

@when('the user selects the Block Widget')
def step_impl(context):
    pass

@when('the user configures the Block Widget properties')
def step_impl(context):
    pass

@when('the user selects the Video Widget')
def step_impl(context):
    pass

@when('the user configures the Video Widget properties')
def step_impl(context):
    pass

@then('the new widget settings should be saved successfully')
def step_impl(context):
    pass"
185,"PB - As a User, I want to configure both Block and Image Widget properties","Gherkin:

Feature: Configure Widget Properties

Scenario: Configure Block and Image Widget from Navigation

Given the user is on the dashboard
And the user navigates to the widget settings
When the user selects a Block Widget
And the user configures the Block Widget properties
And the user selects an Image Widget
And the user configures the Image Widget properties
Then the new widget settings should be saved successfully

Python:

from behave import given, when, then

@given('the user is on the dashboard')
def step_impl(context):
    pass

@given('the user navigates to the widget settings')
def step_impl(context):
    pass

@when('the user selects a Block Widget')
def step_impl(context):
    pass

@when('the user configures the Block Widget properties')
def step_impl(context):
    pass

@when('the user selects an Image Widget')
def step_impl(context):
    pass

@when('the user configures the Image Widget properties')
def step_impl(context):
    pass

@then('the new widget settings should be saved successfully')
def step_impl(context):
    pass"
186,"PB - As a User, I want to configure both Block and Text Widget properties","Gherkin:

Feature: Configure Widget Properties

Scenario: Configure Block and Text Widget from Navigation

Given the user is on the dashboard
And the user navigates to the widget settings
When the user selects a Block Widget
And the user configures the Block Widget properties
And the user selects a Text Widget
And the user configures the Text Widget properties
Then the new widget settings should be saved successfully

Python:

from behave import given, when, then

@given('the user is on the dashboard')
def step_impl(context):
    pass

@given('the user navigates to the widget settings')
def step_impl(context):
    pass

@when('the user selects a Block Widget')
def step_impl(context):
    pass

@when('the user configures the Block Widget properties')
def step_impl(context):
    pass

@when('the user selects a Text Widget')
def step_impl(context):
    pass

@when('the user configures the Text Widget properties')
def step_impl(context):
    pass

@then('the new widget settings should be saved successfully')
def step_impl(context):
    pass"
187,"PB - As a User, I want to configure both Block and Button Widget properties","Feature: Configure Widget Properties

Scenario: Configure Block and Button Widget from Navigation

Given the user is on the widget configuration page
And the user has navigated to the Block and Button Widget settings
When the user selects the Block Widget settings
And the user updates the Block Widget properties
And the user selects the Button Widget settings
And the user updates the Button Widget properties
Then the new widget settings should be saved successfully

Python:

from behave import given, when, then

@given('the user is on the widget configuration page')
def step_impl(context):
    pass

@given('the user has navigated to the Block and Button Widget settings')
def step_impl(context):
    pass

@when('the user selects the Block Widget settings')
def step_impl(context):
    pass

@when('the user updates the Block Widget properties')
def step_impl(context):
    pass

@when('the user selects the Button Widget settings')
def step_impl(context):
    pass

@when('the user updates the Button Widget properties')
def step_impl(context):
    pass

@then('the new widget settings should be saved successfully')
def step_impl(context):
    pass"
188,"4-1. As a User, I want to resize Image Widget by Width slider from Nav","Gherkin:

Feature: Resize Image Widget by Width Slider

Scenario: Adjust Image Widget Width from Nav Panel

Given the Image Widget is displayed on the page
And the Width slider is available in the Nav Panel
When the user adjusts the Width slider
Then the Image Widget's width changes according to the slider
And the Image remains the same percentage of its Block horizontally

Python:

from behave import given, when, then

@given('the Image Widget is displayed on the page')
def step_impl(context):
    pass

@given('the Width slider is available in the Nav Panel')
def step_impl(context):
    pass

@when('the user adjusts the Width slider')
def step_impl(context):
    pass

@then(""the Image Widget's width changes according to the slider"")
def step_impl(context):
    pass

@then('the Image remains the same percentage of its Block horizontally')
def step_impl(context):
    pass"
189,"3-2. As a User, I want to reposition Image Widget by dragging image itself when create/editing a Page","Feature: Reposition Image Widget by Dragging

Scenario: Reposition Image Widget within a Page Section

Given a Page with an Image Widget in a Section
And the Image Widget has been dragged into the Section
When the user drags the Image Widget to a new position
Then the dotted line of the Image and bounding box with 8px padding is visible
And the Image Widget’s outer bounding box border line is visible
And the Image remains in the same percentage of the Block after resizing

Python:

from behave import given, when, then

@given('a Page with an Image Widget in a Section')
def step_given_page_with_image_widget(context):
    pass

@given('the Image Widget has been dragged into the Section')
def step_given_image_widget_dragged(context):
    pass

@when('the user drags the Image Widget to a new position')
def step_when_user_drags_image_widget(context):
    pass

@then('the dotted line of the Image and bounding box with 8px padding is visible')
def step_then_dotted_line_and_bounding_box_visible(context):
    pass

@then('the Image Widget’s outer bounding box border line is visible')
def step_then_outer_bounding_box_visible(context):
    pass

@then('the Image remains in the same percentage of the Block after resizing')
def step_then_image_remains_same_percentage(context):
    pass"
190,"4-2. As a User, I want the position and size that I set of the image to still work in different responsive modes","Gherkin:

Feature: Responsive Image Position and Size

Scenario: Maintain image position and size across responsive modes

Given the user is on the image editing page
And the user has resized the image by dragging the dots
And the user has repositioned the image by dragging it
When the user switches to mobile mode
And the user switches to tablet mode
And the user switches to desktop mode
Then the image should maintain the same horizontal percentage with the block in all modes

Python:

from behave import given, when, then

@given('the user is on the image editing page')
def step_impl(context):
    pass

@given('the user has resized the image by dragging the dots')
def step_impl(context):
    pass

@given('the user has repositioned the image by dragging it')
def step_impl(context):
    pass

@when('the user switches to mobile mode')
def step_impl(context):
    pass

@when('the user switches to tablet mode')
def step_impl(context):
    pass

@when('the user switches to desktop mode')
def step_impl(context):
    pass

@then('the image should maintain the same horizontal percentage with the block in all modes')
def step_impl(context):
    pass"
191,"2-3. As a User, I want to Undo & Redo resizing & repositioning","Feature: Undo and Redo Resizing and Repositioning

Scenario: Undo and Redo Image Resizing

Given an image is displayed on the canvas
And the user has resized the image by dragging the dots
When the user releases the mouse button
And the user clicks on the Undo button in the top bar
Then the image returns to its previous size
And the user clicks on the Redo button in the top bar
Then the image returns to the resized state

Python:

from behave import given, when, then

@given('an image is displayed on the canvas')
def step_given_image_displayed(context):
    pass

@given('the user has resized the image by dragging the dots')
def step_given_user_resized_image(context):
    pass

@when('the user releases the mouse button')
def step_when_user_releases_mouse(context):
    pass

@when('the user clicks on the Undo button in the top bar')
def step_when_user_clicks_undo(context):
    pass

@then('the image returns to its previous size')
def step_then_image_previous_size(context):
    pass

@when('the user clicks on the Redo button in the top bar')
def step_when_user_clicks_redo(context):
    pass

@then('the image returns to the resized state')
def step_then_image_resized_state(context):
    pass"
192,"PB - As a User, I want to see Drag & Drop Page thumbnails as preview in Custom Page v2 index page","Feature: Preview Drag & Drop Page Thumbnails

Scenario: Display thumbnails in Custom Page v2 index page

Given the user is on the Custom Page v2 index page
And the page is set to List layout view
When the user navigates to the Drag & Drop Pages section
Then the user should see page thumbnails as previews

Python:

from behave import given, when, then

@given('the user is on the Custom Page v2 index page')
def step_given_user_on_custom_page_v2_index(context):
    pass

@given('the page is set to List layout view')
def step_given_page_set_to_list_layout(context):
    pass

@when('the user navigates to the Drag & Drop Pages section')
def step_when_user_navigates_to_drag_drop_section(context):
    pass

@then('the user should see page thumbnails as previews')
def step_then_user_sees_thumbnails_as_previews(context):
    pass"
193,"PB - (Misc) As a User, I want to set auto-play as default or not for Video Widgets when viewing a Smart Page","Gherkin:

Feature: Video Widget Auto-Play Setting

Scenario: Set auto-play for Video Widget on Smart Page

Given a Smart Page with a Video Widget
And the auto-play button is unchecked by default
When the user checks the auto-play button
Then the Video Widget should be set to auto-play on viewing

Python:

from behave import given, when, then

@given('a Smart Page with a Video Widget')
def step_given_smart_page_with_video_widget(context):
    context.smart_page = SmartPage()
    context.video_widget = VideoWidget()
    context.smart_page.add_widget(context.video_widget)

@given('the auto-play button is unchecked by default')
def step_given_auto_play_button_unchecked(context):
    assert not context.video_widget.auto_play

@when('the user checks the auto-play button')
def step_when_user_checks_auto_play_button(context):
    context.video_widget.set_auto_play(True)

@then('the Video Widget should be set to auto-play on viewing')
def step_then_video_widget_auto_plays(context):
    assert context.video_widget.auto_play"
194,"BP - (Misc) As a User, I want to Replace resources via Resource Lookup from Nav Panel","Feature: Replace resources via Resource Lookup from Nav Panel

Scenario: Successfully replace a resource and update tooltips

Given the user is on the Page Builder with a resource selected
And the ""Replace"" button is visible in the Nav Panel
When the user clicks the ""Replace"" button
And selects a new resource from the Resource Lookup
Then the resource is replaced successfully
And the tooltip for the ""Replace"" button updates to ""Select an image from your Resourcecustomsingular area"" for Page background
And the tooltip for the ""Replace"" button updates to ""Select a video from your Resourcecustomsingular area"" for Video Widget

Python:

from behave import given, when, then

@given('the user is on the Page Builder with a resource selected')
def step_impl(context):
    pass

@given('the ""Replace"" button is visible in the Nav Panel')
def step_impl(context):
    pass

@when('the user clicks the ""Replace"" button')
def step_impl(context):
    pass

@when('selects a new resource from the Resource Lookup')
def step_impl(context):
    pass

@then('the resource is replaced successfully')
def step_impl(context):
    pass

@then('the tooltip for the ""Replace"" button updates to ""Select an image from your Resourcecustomsingular area"" for Page background')
def step_impl(context):
    pass

@then('the tooltip for the ""Replace"" button updates to ""Select a video from your Resourcecustomsingular area"" for Video Widget')
def step_impl(context):
    pass"
195,"PB - As an Internal User, I want to have MCP(development use only) settings to enable/disable features per Epic for Drag & Drop Page MVP ","Gherkin:

Feature: Manage MCP Settings for Drag & Drop Page MVP

Scenario: Enable Smart Page Features for Development Use

Given the MCP settings page is accessed by an internal user
And the user is on the Development Use Only section
When the user enables ""Smart Page: Widgets combining Block""
And the user enables ""Smart Page: Image Resizing""
And the user enables ""Smart Pages - Page Templates (development use only)""
And the user enables ""Smart Page: Page Grouping""
Then the settings should be saved successfully

Python:

from behave import given, when, then

@given('the MCP settings page is accessed by an internal user')
def step_impl(context):
    pass

@given('the user is on the Development Use Only section')
def step_impl(context):
    pass

@when('the user enables ""Smart Page: Widgets combining Block""')
def step_impl(context):
    pass

@when('the user enables ""Smart Page: Image Resizing""')
def step_impl(context):
    pass

@when('the user enables ""Smart Pages - Page Templates (development use only)""')
def step_impl(context):
    pass

@when('the user enables ""Smart Page: Page Grouping""')
def step_impl(context):
    pass

@then('the settings should be saved successfully')
def step_impl(context):
    pass"
196,"PB - As a User, I want to see a Smart Page  template popup after click on V2 create","Feature: Smart Page Template Popup

Scenario: Display Smart Page Template Popup after clicking on V2 create

Given the user is on the V2 Page creation popup
And the user clicks on the Smart Page option
When the user is redirected to the V3 Page Builder
Then the Page Template popup should be displayed
And the popup should have the subject ""Popup Subject""
And the background page should be an empty default page with three empty sections

Python:

from behave import given, when, then

@given('the user is on the V2 Page creation popup')
def step_given_user_on_v2_creation_popup(context):
    pass

@given('the user clicks on the Smart Page option')
def step_given_user_clicks_smart_page(context):
    pass

@when('the user is redirected to the V3 Page Builder')
def step_when_user_redirected_to_v3_builder(context):
    pass

@then('the Page Template popup should be displayed')
def step_then_template_popup_displayed(context):
    pass

@then('the popup should have the subject ""Popup Subject""')
def step_then_popup_has_subject(context):
    pass

@then('the background page should be an empty default page with three empty sections')
def step_then_background_page_empty_sections(context):
    pass"
197,"PB - As a User, I want to create an empty  Smart Page from the template popup","Feature: Create an empty Smart Page from template popup

Scenario: User creates a blank Smart Page using the template popup

Given the user is on the template popup
And the ""Start with a blank template"" button is visible
When the user clicks on the ""Start with a blank template"" button
Then the first template under ""Colours"" is selected
And a blank Smart Page with three empty sections is created and loaded in the Page Builder

Python:

from behave import given, when, then

@given('the user is on the template popup')
def step_given_user_on_template_popup(context):
    pass

@given('the ""Start with a blank template"" button is visible')
def step_given_button_visible(context):
    pass

@when('the user clicks on the ""Start with a blank template"" button')
def step_when_user_clicks_button(context):
    pass

@then('the first template under ""Colours"" is selected')
def step_then_first_template_selected(context):
    pass

@then('a blank Smart Page with three empty sections is created and loaded in the Page Builder')
def step_then_blank_page_created(context):
    pass"
198,"PB - As a User, I want to select a Template from Template popup","Feature: Template Selection from Popup

Scenario: User selects a template from the template popup

Given the user is on the template selection popup
And the templates are visible with hover effects
When the user clicks on a template
Then the template is marked as selected

Python:

from behave import given, when, then

@given('the user is on the template selection popup')
def step_given_user_on_template_popup(context):
    pass

@given('the templates are visible with hover effects')
def step_given_templates_visible_with_hover(context):
    pass

@when('the user clicks on a template')
def step_when_user_clicks_template(context):
    pass

@then('the template is marked as selected')
def step_then_template_marked_selected(context):
    pass"
199,"PB - As a User, I want to see previews of Page templates as in thumbnails","Feature: Preview Page Templates as Thumbnails

Scenario: View thumbnails of pre-defined Page Templates

Given the user is on the page template selection popup
And the popup displays pre-defined Page Templates
When the user views the popup
Then the user should see thumbnails of the Page Templates

Python:

from behave import given, when, then

@given('the user is on the page template selection popup')
def step_given_user_on_template_popup(context):
    pass

@given('the popup displays pre-defined Page Templates')
def step_given_popup_displays_templates(context):
    pass

@when('the user views the popup')
def step_when_user_views_popup(context):
    pass

@then('the user should see thumbnails of the Page Templates')
def step_then_user_sees_thumbnails(context):
    pass"
200,"PB - As a User, I want to edit and save a Smart Page with template after it's loaded","Gherkin:

Feature: Edit and Save Smart Page

Scenario: Edit and save a Smart Page with a loaded template

Given a Smart Page is loaded with a template
And the template is editable
When the user edits the Smart Page
And the user saves the Smart Page
Then the Smart Page is saved successfully

Python:

from behave import given, when, then

@given('a Smart Page is loaded with a template')
def step_given_smart_page_loaded(context):
    pass

@given('the template is editable')
def step_given_template_editable(context):
    pass

@when('the user edits the Smart Page')
def step_when_user_edits_smart_page(context):
    pass

@when('the user saves the Smart Page')
def step_when_user_saves_smart_page(context):
    pass

@then('the Smart Page is saved successfully')
def step_then_smart_page_saved(context):
    pass"
201,"PB - As a User, I want to apply/load a selected Smart Page template in Page Builder","Feature: Apply Smart Page Template in Page Builder

Scenario: Load a selected Smart Page template

Given the user is on the template selection page
And the templates are displayed as thumbnails
When the user clicks on a template
Then the user is redirected to the Page Builder
And an empty Smart Page is loaded

Python:

from behave import given, when, then

@given('the user is on the template selection page')
def step_given_user_on_template_selection_page(context):
    pass

@given('the templates are displayed as thumbnails')
def step_given_templates_displayed_as_thumbnails(context):
    pass

@when('the user clicks on a template')
def step_when_user_clicks_on_template(context):
    pass

@then('the user is redirected to the Page Builder')
def step_then_user_redirected_to_page_builder(context):
    pass

@then('an empty Smart Page is loaded')
def step_then_empty_smart_page_loaded(context):
    pass"
202,"BP - (Misc) As a User, I want to see the Page Tree remain the same while switching Pages from Nav Panel","Feature: Page Tree Consistency

Scenario: Page Tree remains unchanged while switching pages

Given the user is viewing a page with the Page Tree expanded
And the parent page is expanded with sub-pages displayed
When the user switches to another page from the Nav Panel
Then the Page Tree should remain unchanged

Python:

from behave import given, when, then

@given('the user is viewing a page with the Page Tree expanded')
def step_impl(context):
    pass

@given('the parent page is expanded with sub-pages displayed')
def step_impl(context):
    pass

@when('the user switches to another page from the Nav Panel')
def step_impl(context):
    pass

@then('the Page Tree should remain unchanged')
def step_impl(context):
    pass"
203,"PB - (Misc) As a User, I want to further have an option to hide / unhide the download button for Images / Video","Feature: Toggle visibility of download button for media widgets

Scenario: User hides the download button for an image widget

Given a page with an image widget
And the download button is visible by default
When the user clicks the hide button for the download option
Then the download button should be hidden

Python:

from behave import given, when, then

@given('a page with an image widget')
def step_given_page_with_image_widget(context):
    context.page = Page()
    context.page.add_image_widget()

@given('the download button is visible by default')
def step_given_download_button_visible(context):
    assert context.page.image_widget.download_button.is_visible() is True

@when('the user clicks the hide button for the download option')
def step_when_user_clicks_hide_button(context):
    context.page.image_widget.toggle_download_button_visibility()

@then('the download button should be hidden')
def step_then_download_button_hidden(context):
    assert context.page.image_widget.download_button.is_visible() is False"
204,"PB - As a User, I want to add Widgets directly to a Section","Gherkin:

Feature: Add Widgets to Section in Page Builder

Scenario: Successfully add Widgets to a Section

Given the user is in Create/Edit mode in Page Builder
And the user sees the Nav with all existing Widgets and the ""Spacer"" Widget
And the user sees the Section under Core elements
When the user drags a Widget from Nav to the Section
And the user repeats this until 6 Widgets are added
Then the Section contains exactly 6 Widgets

Python:

from behave import given, when, then

@given('the user is in Create/Edit mode in Page Builder')
def step_impl(context):
    pass

@given('the user sees the Nav with all existing Widgets and the ""Spacer"" Widget')
def step_impl(context):
    pass

@given('the user sees the Section under Core elements')
def step_impl(context):
    pass

@when('the user drags a Widget from Nav to the Section')
def step_impl(context):
    pass

@when('the user repeats this until 6 Widgets are added')
def step_impl(context):
    pass

@then('the Section contains exactly 6 Widgets')
def step_impl(context):
    pass"
205,"PB - As a User, I want to add a new Widget ""Spacer""","Gherkin:

Feature: Add Spacer Widget

Scenario: Add and configure a Spacer Widget in a Section

Given the user is on the design page
And the user can see the Spacer widget in the navigation
When the user drags the Spacer widget into a Section
Then the Spacer widget should be visible in the Section
And the Spacer widget should have default settings
And the user can configure the Spacer widget settings

Python:

from behave import given, when, then

@given('the user is on the design page')
def step_impl(context):
    pass

@given('the user can see the Spacer widget in the navigation')
def step_impl(context):
    pass

@when('the user drags the Spacer widget into a Section')
def step_impl(context):
    pass

@then('the Spacer widget should be visible in the Section')
def step_impl(context):
    pass

@then('the Spacer widget should have default settings')
def step_impl(context):
    pass

@then('the user can configure the Spacer widget settings')
def step_impl(context):
    pass"
206,"PB - As a User, I want to delete a Widget with the underlying Block","Feature: Delete Widget with Underlying Block

Scenario: Successfully delete a Widget with its Block

Given a Widget with an underlying Block exists
And the user is on the Widget management page
When the user deletes the Widget
Then the Widget should be removed
And the underlying Block should also be removed

Python:

from behave import given, when, then

@given('a Widget with an underlying Block exists')
def step_given_widget_with_block_exists(context):
    context.widget = create_widget_with_block()

@given('the user is on the Widget management page')
def step_given_user_on_management_page(context):
    context.page = navigate_to_widget_management_page()

@when('the user deletes the Widget')
def step_when_user_deletes_widget(context):
    context.page.delete_widget(context.widget)

@then('the Widget should be removed')
def step_then_widget_should_be_removed(context):
    assert not context.page.widget_exists(context.widget)

@then('the underlying Block should also be removed')
def step_then_block_should_be_removed(context):
    assert not context.page.block_exists(context.widget.block)"
207,"PB - As a User, I want to have Text Box Widget toolbar as a whole for the combo of Block & Widget","Feature: Text Box Widget and Block Selection

Scenario: Highlight bounding box and display toolbar

Given a user has a Text Box Widget and a Block
And the user selects the Text Box Widget and Block as a whole
When the selection is made
Then the bounding box is highlighted
And the text box toolbar with Up arrow is displayed

Python:

from behave import given, when, then

@given('a user has a Text Box Widget and a Block')
def step_given_user_has_text_box_widget_and_block(context):
    pass

@given('the user selects the Text Box Widget and Block as a whole')
def step_given_user_selects_widget_and_block(context):
    pass

@when('the selection is made')
def step_when_selection_is_made(context):
    pass

@then('the bounding box is highlighted')
def step_then_bounding_box_is_highlighted(context):
    pass

@then('the text box toolbar with Up arrow is displayed')
def step_then_toolbar_with_up_arrow_is_displayed(context):
    pass"
208,"PB - As a User, I want to only select & see the combo of Widget and Block (bounding box experience) in Page Builder","Feature: Widget and Block Selection in Page Builder

Scenario: Highlight bounding box when selecting Widget and Block

Given the user is on the Page Builder
And a Widget and Block are present on the page
When the user selects the Widget and Block
Then the bounding box around the Widget and Block is highlighted
And the user can navigate up to the Section

Python:

from behave import given, when, then

@given('the user is on the Page Builder')
def step_given_user_on_page_builder(context):
    pass

@given('a Widget and Block are present on the page')
def step_given_widget_and_block_present(context):
    pass

@when('the user selects the Widget and Block')
def step_when_user_selects_widget_and_block(context):
    pass

@then('the bounding box around the Widget and Block is highlighted')
def step_then_bounding_box_highlighted(context):
    pass

@then('the user can navigate up to the Section')
def step_then_user_can_navigate_up(context):
    pass"
209,"PB - As a User, I want to undo & redo actions for the combo of Widget & Block","Feature: Undo and Redo Actions for Widget and Block

Scenario: Undo adding a Widget with Block to the Page

Given a Page with no Widgets
And a Widget with Block is added to the Page
When the user undoes the last action
Then the Page should have no Widgets

Python:

from behave import given, when, then

@given('a Page with no Widgets')
def step_given_page_with_no_widgets(context):
    context.page = Page()
    assert len(context.page.widgets) == 0

@given('a Widget with Block is added to the Page')
def step_given_widget_with_block_added(context):
    context.widget = Widget(block=Block())
    context.page.add_widget(context.widget)
    assert len(context.page.widgets) == 1

@when('the user undoes the last action')
def step_when_user_undoes_last_action(context):
    context.page.undo_last_action()

@then('the Page should have no Widgets')
def step_then_page_should_have_no_widgets(context):
    assert len(context.page.widgets) == 0"
210,"PB - As a User, I want to see a new landing page","Feature: New Landing Page Display

Scenario: User views the landing page with empty sections

Given the user is on the landing page
When the page loads
Then the user should see empty sections
And no blocks should be visible

Python:

from behave import given, when, then

@given('the user is on the landing page')
def step_given_user_on_landing_page(context):
    context.browser.get('http://example.com/landing')

@when('the page loads')
def step_when_page_loads(context):
    assert context.browser.title is not None

@then('the user should see empty sections')
def step_then_user_sees_empty_sections(context):
    sections = context.browser.find_elements_by_class_name('section')
    assert all(section.text == '' for section in sections)

@then('no blocks should be visible')
def step_then_no_blocks_visible(context):
    blocks = context.browser.find_elements_by_class_name('block')
    assert len(blocks) == 0"
211,"PB - As a User, I want to report Resource Download (Preview) action in Usage Reporting for Custom Page Module","Feature: Report Resource Download Action in Usage Reporting

Scenario: Track Resource Download (Preview) in User's Usage Report

Given a user is on the Custom Page Module
And the Custom Page Module is configured in Admin as ""Custom Page""
When the user downloads a resource with ""Good"" quality as a preview
Then the action is recorded in the User's usage report
And the Custom Page Module does not appear in the Custom Page usage report

Python:

from behave import given, when, then

@given('a user is on the Custom Page Module')
def step_given_user_on_custom_page_module(context):
    pass

@given('the Custom Page Module is configured in Admin as ""Custom Page""')
def step_given_custom_page_configured(context):
    pass

@when('the user downloads a resource with ""Good"" quality as a preview')
def step_when_user_downloads_resource(context):
    pass

@then('the action is recorded in the User\'s usage report')
def step_then_action_recorded_user_report(context):
    pass

@then('the Custom Page Module does not appear in the Custom Page usage report')
def step_then_module_not_in_custom_page_report(context):
    pass"
212,"PB - As a User, I want to report on Resource downloaded (Preview) separately than added in Smart Page for Resource Module (Usage)","Feature: Resource Usage Reporting

Scenario: Report Resource Download in Smart Page

Given a previously uploaded Resource is available in the system
And the Resource is of Preview type with ""Good"" quality
And the User is on the Smart Page
When the User performs a Resource download action via Resource Lookup
Then the Resource download action is tracked in the Resource usage report
And the User's usage report reflects the download action

Python:

from behave import given, when, then

@given('a previously uploaded Resource is available in the system')
def step_given_resource_available(context):
    pass

@given('the Resource is of Preview type with ""Good"" quality')
def step_given_resource_preview_type(context):
    pass

@given('the User is on the Smart Page')
def step_given_user_on_smart_page(context):
    pass

@when('the User performs a Resource download action via Resource Lookup')
def step_when_user_downloads_resource(context):
    pass

@then('the Resource download action is tracked in the Resource usage report')
def step_then_resource_usage_tracked(context):
    pass

@then('the User\'s usage report reflects the download action')
def step_then_user_usage_report_updated(context):
    pass"
213,"Rename ""Simple"" Page to ""Smart"" Page","Feature: Rename ""Simple"" Page to ""Smart"" Page

Scenario: Update page title from ""Simple"" to ""Smart""

Given the user is on the Brand Page MVP project
And the page title is ""Simple Page""
When the page is updated
Then the page title should be ""Smart Page""

Python:

from behave import given, when, then

@given('the user is on the Brand Page MVP project')
def step_given_user_on_brand_page(context):
    # Code to navigate to the Brand Page MVP project
    pass

@given('the page title is ""Simple Page""')
def step_given_page_title_is_simple(context):
    # Code to verify the page title is ""Simple Page""
    pass

@when('the page is updated')
def step_when_page_is_updated(context):
    # Code to update the page
    pass

@then('the page title should be ""Smart Page""')
def step_then_page_title_is_smart(context):
    # Code to verify the page title is now ""Smart Page""
    pass"
214,"PB - (FE components) As a User, I want to move a sub page to become a standalone Simple Page (Parent)","Feature: Move Sub-Page to Standalone Page

Scenario: User moves a sub-page to become a standalone page

Given the user is in editing mode in Page Builder
And the user sees a sub-page in the Navigation Panel
When the user drags the sub-page to the standalone section
Then the sub-page becomes a standalone page
And the Navigation Panel updates to show the new page order

Python:

from behave import given, when, then

@given('the user is in editing mode in Page Builder')
def step_impl(context):
    pass

@given('the user sees a sub-page in the Navigation Panel')
def step_impl(context):
    pass

@when('the user drags the sub-page to the standalone section')
def step_impl(context):
    pass

@then('the sub-page becomes a standalone page')
def step_impl(context):
    pass

@then('the Navigation Panel updates to show the new page order')
def step_impl(context):
    pass"
215,"PB - As a User, I want to re-order pages within the same parent/root via Nav - FE integration","Feature: Re-order Pages via Drag-and-Drop in Navigation Panel

Scenario: Re-order a Page with Sub-pages within the same Parent

Given a user is editing a document with a navigation panel
And the document contains a parent page with sub-pages
When the user drags and drops the parent page to a new position within the same parent
Then the parent page is moved to the new position
And the sub-pages are moved together with the parent page
And the sub-pages are collapsed under the parent page in the navigation panel

Python:

from behave import given, when, then

@given('a user is editing a document with a navigation panel')
def step_impl(context):
    pass

@given('the document contains a parent page with sub-pages')
def step_impl(context):
    pass

@when('the user drags and drops the parent page to a new position within the same parent')
def step_impl(context):
    pass

@then('the parent page is moved to the new position')
def step_impl(context):
    pass

@then('the sub-pages are moved together with the parent page')
def step_impl(context):
    pass

@then('the sub-pages are collapsed under the parent page in the navigation panel')
def step_impl(context):
    pass"
216,"PB - As a User, I want to be able to download the resources added to the page, if I have permission to do so - Video widget","Gherkin:

Feature: Download Video Resource

Scenario: User downloads a video resource from the Video Widget

Given the user is on a Simple Page with a Video Widget
And the user has permission to download resources
When the user hovers over the Video Widget
And the download button is displayed
Then the user sees a tooltip ""Download""
And the user clicks the download button
And the video resource starts downloading

Python:

from behave import given, when, then

@given('the user is on a Simple Page with a Video Widget')
def step_given_user_on_simple_page_with_video_widget(context):
    pass

@given('the user has permission to download resources')
def step_given_user_has_permission(context):
    pass

@when('the user hovers over the Video Widget')
def step_when_user_hovers_over_video_widget(context):
    pass

@when('the download button is displayed')
def step_when_download_button_displayed(context):
    pass

@then('the user sees a tooltip ""Download""')
def step_then_user_sees_tooltip(context):
    pass

@then('the user clicks the download button')
def step_then_user_clicks_download_button(context):
    pass

@then('the video resource starts downloading')
def step_then_video_resource_starts_downloading(context):
    pass"
217,"PB - As a User, I want to move a sub page to become a standalone Smart Page (Parent)","Feature: Move Sub-Page to Standalone Smart Page

Scenario: Successfully move a sub-page to become a standalone page

Given the user is in editing mode in Page Builder
And the user sees a sub-page in the Navigation Panel
When the user drags the sub-page to the top level in the Navigation Panel
Then the sub-page becomes a standalone page
And the Navigation Panel reflects the updated order

Python:

from behave import given, when, then

@given('the user is in editing mode in Page Builder')
def step_given_user_in_editing_mode(context):
    pass

@given('the user sees a sub-page in the Navigation Panel')
def step_given_user_sees_sub_page(context):
    pass

@when('the user drags the sub-page to the top level in the Navigation Panel')
def step_when_user_drags_sub_page(context):
    pass

@then('the sub-page becomes a standalone page')
def step_then_sub_page_standalone(context):
    pass

@then('the Navigation Panel reflects the updated order')
def step_then_navigation_panel_updated(context):
    pass"
218,"PB - As a User, I want the status of  Resource added via Resource Lookup to be linked with Resource module - resource permission lost scenario","Feature: Resource Permission Management

Scenario: Display placeholders and permission lost icon for resources without permission

Given a user with specific resource permissions
And resources have been uploaded via resource lookup
And the user is editing or previewing the page
When the user views the page
Then the user should see placeholders for resources without permission
And the user should see a permission lost icon for those resources
And the user should see tooltips when hovering over the permission lost icon

Python:

from behave import given, when, then

@given('a user with specific resource permissions')
def step_given_user_with_permissions(context):
    pass

@given('resources have been uploaded via resource lookup')
def step_given_resources_uploaded(context):
    pass

@given('the user is editing or previewing the page')
def step_given_user_editing_previewing(context):
    pass

@when('the user views the page')
def step_when_user_views_page(context):
    pass

@then('the user should see placeholders for resources without permission')
def step_then_see_placeholders(context):
    pass

@then('the user should see a permission lost icon for those resources')
def step_then_see_permission_lost_icon(context):
    pass

@then('the user should see tooltips when hovering over the permission lost icon')
def step_then_see_tooltips(context):
    pass"
219,"PB - As an internal User, I want to set Page limits via MCP settings","Feature: Manage Page Limits in MCP

Scenario: Set default page limit for a new client

Given I am on the MCP control panel
And I have created a new client
When I navigate to the Platform Restriction area
And I set the Page limit to 2
Then the client's site should have a page limit of 2

Python:

from behave import given, when, then

@given('I am on the MCP control panel')
def step_impl(context):
    pass

@given('I have created a new client')
def step_impl(context):
    pass

@when('I navigate to the Platform Restriction area')
def step_impl(context):
    pass

@when('I set the Page limit to 2')
def step_impl(context):
    pass

@then('the client\'s site should have a page limit of 2')
def step_impl(context):
    pass"
220,"PB - As a User, I want to see sub-pages in Custom Page v2 index list (with a subtitle for parent)","Gherkin:

Feature: Display Sub-Pages with Parent Information in Custom Page v2 Index

Scenario: View parent page information for a sub-page

Given the user is on the Custom Page v2 index list
And the sub-pages are listed
When the user clicks on the ""+"" button next to a sub-page
Then the information ""Parent: {parent page name}"" is displayed
And the user can see the Added and Last Updated information
And the user can click on the parent page name to view the parent page

Python:

from behave import given, when, then

@given('the user is on the Custom Page v2 index list')
def step_impl(context):
    pass

@given('the sub-pages are listed')
def step_impl(context):
    pass

@when('the user clicks on the ""+"" button next to a sub-page')
def step_impl(context):
    pass

@then('the information ""Parent: {parent page name}"" is displayed')
def step_impl(context):
    pass

@then('the user can see the Added and Last Updated information')
def step_impl(context):
    pass

@then('the user can click on the parent page name to view the parent page')
def step_impl(context):
    pass"
221,"PB - As a User, I want to configure permissions of sub-pages in Admin -> Group","Gherkin:

Feature: Configure Sub-Page Permissions

Scenario: Configure and Propagate Permissions for Sub-Pages

Given the user is on the Admin Group Permission page
And the user can see the parent page with sub-pages listed
When the user selects a sub-page to configure permissions
And the user sets the desired permissions for the sub-page
And the user triggers permission propagation
Then the permissions should be applied to the sub-page
And the propagation should follow the resource folder logic

Python:

from behave import given, when, then

@given('the user is on the Admin Group Permission page')
def step_impl(context):
    pass

@given('the user can see the parent page with sub-pages listed')
def step_impl(context):
    pass

@when('the user selects a sub-page to configure permissions')
def step_impl(context):
    pass

@when('the user sets the desired permissions for the sub-page')
def step_impl(context):
    pass

@when('the user triggers permission propagation')
def step_impl(context):
    pass

@then('the permissions should be applied to the sub-page')
def step_impl(context):
    pass

@then('the propagation should follow the resource folder logic')
def step_impl(context):
    pass"
222,[Bulk Review] Same Template:  Needed until - cross date value handling,"Gherkin:

Feature: Bulk Review of Resource Download Requests

Scenario: Select requests with the same template for bulk review

Given there are multiple resource download requests
And all requests are tied to the same template
And each request has a different ""Needed until"" value
When I select the requests for bulk review
Then the requests are successfully selected regardless of the ""Needed until"" values

Python:

from behave import given, when, then

@given('there are multiple resource download requests')
def step_impl(context):
    context.requests = [
        {'template': 'TemplateA', 'needed_until': '2023-12-01'},
        {'template': 'TemplateA', 'needed_until': '2023-11-15'},
        {'template': 'TemplateA', 'needed_until': None}
    ]

@given('all requests are tied to the same template')
def step_impl(context):
    assert all(req['template'] == 'TemplateA' for req in context.requests)

@given('each request has a different ""Needed until"" value')
def step_impl(context):
    needed_until_values = [req['needed_until'] for req in context.requests]
    assert len(set(needed_until_values)) == len(context.requests)

@when('I select the requests for bulk review')
def step_impl(context):
    context.selected_requests = context.requests

@then('the requests are successfully selected regardless of the ""Needed until"" values')
def step_impl(context):
    assert len(context.selected_requests) == len(context.requests)"
223,Review Request' in footer should be plural  - change to 'Review Request(s)',"Gherkin:

Feature: Update Bulk Action Footer Text

Scenario: Change 'Review Request' to 'Review Request(s)'

Given the user is on the Bulk Action Footer page
And the footer displays 'Review Request'
When the page is loaded
Then the footer should display 'Review Request(s)'

Python:

from behave import given, when, then

@given('the user is on the Bulk Action Footer page')
def step_given_user_on_bulk_action_footer_page(context):
    pass

@given('the footer displays ""Review Request""')
def step_given_footer_displays_review_request(context):
    pass

@when('the page is loaded')
def step_when_page_is_loaded(context):
    pass

@then('the footer should display ""Review Request(s)""')
def step_then_footer_displays_review_requests(context):
    pass"
224,[Bulk SBT] Staged requests: values carry over for staged requests in individual response (should be wiped after stage response is submitted),"Gherkin:

Feature: Bulk SBT Staged Request Handling

Scenario: Clear response fields after bulk response with pending stages

Given a Bulk List with staged requests
And a user responds to a request in bulk
When the request remains pending due to further stages
Then the response fields for that request are cleared

Python:

from behave import given, when, then

@given('a Bulk List with staged requests')
def step_given_bulk_list_with_staged_requests(context):
    pass

@given('a user responds to a request in bulk')
def step_given_user_responds_in_bulk(context):
    pass

@when('the request remains pending due to further stages')
def step_when_request_remains_pending(context):
    pass

@then('the response fields for that request are cleared')
def step_then_response_fields_cleared(context):
    pass"
225,"PB - (DND replace) As a User, I want to create a sub-page for an exisiting Smart Page via Nav","Feature: Create a sub-page for an existing Smart Page via Nav

Scenario: User creates a sub-page from the navigation settings

Given the user is on the Smart Page navigation
And the user sees the settings button for a simple page
When the user clicks on the settings button
And the sub-page popup appears
And the user inputs the sub-page's title as ""New Sub Page""
And the user clicks on the ""Save"" button
Then the user sees the placeholder ""Add page name"" before input
And the new sub-page ""New Sub Page"" is displayed under the parent page in descending order of update

Python:

from behave import given, when, then

@given('the user is on the Smart Page navigation')
def step_given_user_on_smart_page_nav(context):
    pass

@given('the user sees the settings button for a simple page')
def step_given_user_sees_settings_button(context):
    pass

@when('the user clicks on the settings button')
def step_when_user_clicks_settings_button(context):
    pass

@when('the sub-page popup appears')
def step_when_sub_page_popup_appears(context):
    pass

@when('the user inputs the sub-page\'s title as ""New Sub Page""')
def step_when_user_inputs_sub_page_title(context):
    pass

@when('the user clicks on the ""Save"" button')
def step_when_user_clicks_save_button(context):
    pass

@then('the user sees the placeholder ""Add page name"" before input')
def step_then_user_sees_placeholder(context):
    pass

@then('the new sub-page ""New Sub Page"" is displayed under the parent page in descending order of update')
def step_then_new_sub_page_displayed(context):
    pass"
226,[X-Template] Bulk Approvals - Select logic: Advanced cross template/type select (excluding record requests) - Full support/logic,"Gherkin:

Feature: Bulk Approvals with Advanced Cross Template Select

Scenario: Select multiple requests for bulk approval

Given multiple Templates have Enable Bulk Reviewing enabled
And the new Admin setting for advanced select is enabled
When a user selects an item from the Approval List
Then the system allows selection of other requests across templates excluding record requests

Python:

from behave import given, when, then

@given('multiple Templates have Enable Bulk Reviewing enabled')
def step_impl(context):
    pass

@given('the new Admin setting for advanced select is enabled')
def step_impl(context):
    pass

@when('a user selects an item from the Approval List')
def step_impl(context):
    pass

@then('the system allows selection of other requests across templates excluding record requests')
def step_impl(context):
    pass"
227,"[RESTRICTIONS] Cross param handling of 'Complete Stage/Complete Request' (merge setting in bulk, apply to relevant in bulk action)","Gherkin:

Feature: Bulk Review Merge Settings

Scenario: Merge Complete Stage and Complete Request in Bulk Review

Given a list of requests with a mix of ""Complete Stage"" and ""Complete Request"" fields
And the user is a Main Admin or Workflow Admin
When the user selects the requests for Bulk Review
And applies the ""Complete Stage / Request"" setting
Then the corresponding field is updated for each request
And if no Pending items remain, update in Bulk Response

Python:

from behave import given, when, then

@given('a list of requests with a mix of ""Complete Stage"" and ""Complete Request"" fields')
def step_given_list_of_requests(context):
    pass

@given('the user is a Main Admin or Workflow Admin')
def step_given_user_is_admin(context):
    pass

@when('the user selects the requests for Bulk Review')
def step_when_user_selects_requests(context):
    pass

@when('applies the ""Complete Stage / Request"" setting')
def step_when_applies_setting(context):
    pass

@then('the corresponding field is updated for each request')
def step_then_update_fields(context):
    pass

@then('if no Pending items remain, update in Bulk Response')
def step_then_update_bulk_response(context):
    pass"
228,"[RESTRICTIONS] Cross param handling of 'Hide Decline' (hide Decline if all share param,  ignore Bulk Apply of Decline to items that don't apply)","Gherkin:

Feature: Bulk Review Decline Handling

Scenario: Handle mixed items with Hide Decline in Bulk Review

Given a list of requests with mixed Hide Decline settings
And the Bulk Review response panel is open
When Decline is selected for bulk application
Then Decline is applied only to items without Hide Decline
And items with Hide Decline remain pending
And Decline is hidden if all remaining items have Hide Decline

Python:

from behave import given, when, then

@given('a list of requests with mixed Hide Decline settings')
def step_given_mixed_hide_decline_settings(context):
    pass

@given('the Bulk Review response panel is open')
def step_given_bulk_review_panel_open(context):
    pass

@when('Decline is selected for bulk application')
def step_when_decline_selected_bulk(context):
    pass

@then('Decline is applied only to items without Hide Decline')
def step_then_decline_applied_to_non_hidden(context):
    pass

@then('items with Hide Decline remain pending')
def step_then_items_with_hide_decline_pending(context):
    pass

@then('Decline is hidden if all remaining items have Hide Decline')
def step_then_decline_hidden_if_all_hidden(context):
    pass"
229,Bulk Approve Response UUID {createdInBulkId} condition in Stats - so we can see all requests responded to together,"Gherkin:

Feature: Bulk Approve Response UUID in Stats

Scenario: Display Bulk Response UUID in Stats Module

Given the stats module is open
And the Tool is set to '{{Workflow}} Responses'
And the column dropdown is open
When I select '*Bulk Response UUID*' from the dropdown
Then it should display under 'Bulk Review'
And the value field should have a placeholder text 'Value'
And I can filter using equals, does not equal, begins with, does not begin with, ends with, does not end with, contains, does not contain

Python:

from behave import given, when, then

@given('the stats module is open')
def step_impl(context):
    pass

@given(""the Tool is set to '{{Workflow}} Responses'"")
def step_impl(context):
    pass

@given('the column dropdown is open')
def step_impl(context):
    pass

@when(""I select '*Bulk Response UUID*' from the dropdown"")
def step_impl(context):
    pass

@then(""it should display under 'Bulk Review'"")
def step_impl(context):
    pass

@then(""the value field should have a placeholder text 'Value'"")
def step_impl(context):
    pass

@then('I can filter using equals, does not equal, begins with, does not begin with, ends with, does not end with, contains, does not contain')
def step_impl(context):
    pass"
230,[RESTRICTIONS] Cross param handling of Comment field (plain text on bulk page regardless of if rich on request),"Gherkin:

Feature: Bulk Review Comment Handling

Scenario: Display plain text option for mixed comment types

Given a Bulk Review with a mix of requests with rich and plain text comments
When the user opens the Bulk Review response panel
Then only the plain comments option is displayed
And text entered in the plain comments field is applied to all requests

Python:

from behave import given, when, then

@given('a Bulk Review with a mix of requests with rich and plain text comments')
def step_given_bulk_review_with_mixed_comments(context):
    pass

@when('the user opens the Bulk Review response panel')
def step_when_user_opens_bulk_review_panel(context):
    pass

@then('only the plain comments option is displayed')
def step_then_plain_comments_option_displayed(context):
    pass

@then('text entered in the plain comments field is applied to all requests')
def step_then_text_applied_to_all_requests(context):
    pass"
231,Bulk Approve action Tracking surfacing in Review Request - Responses,"Gherkin:

Feature: Bulk Approve Action Tracking in Review Request Responses

Scenario: Display Bulk Review Indicator for Responses

Given a user has submitted responses in bulk
And the user is viewing their own response
When the response status is displayed
Then the text ""Bulk Review"" should appear on its own line to the right of the status chip

Python:

from behave import given, when, then

@given('a user has submitted responses in bulk')
def step_given_user_submitted_responses_in_bulk(context):
    # Code to simulate user submitting responses in bulk
    pass

@given('the user is viewing their own response')
def step_given_user_viewing_own_response(context):
    # Code to simulate user viewing their own response
    pass

@when('the response status is displayed')
def step_when_response_status_displayed(context):
    # Code to display the response status
    pass

@then('the text ""Bulk Review"" should appear on its own line to the right of the status chip')
def step_then_bulk_review_text_appears(context):
    # Code to verify the ""Bulk Review"" text appears correctly
    pass"
232,[RESTRICTIONS] When we detect not all requests have same params we modify Response section (Overall check for non-matching params),"Feature: Detect and Modify Response for Non-Matching Params

Scenario: Modify response when requests have non-matching params

Given a set of requests with varying parameters
And the BulkReview component is set with a workflow setting including all params
When the requests are processed
Then the response section is modified to handle non-matching params

Python:

from behave import given, when, then

@given('a set of requests with varying parameters')
def step_given_requests_with_varying_params(context):
    context.requests = [{'param1': 'value1'}, {'param1': 'value2'}]

@given('the BulkReview component is set with a workflow setting including all params')
def step_given_bulk_review_component_with_params(context):
    context.workflow_setting = {'param1': 'value'}

@when('the requests are processed')
def step_when_requests_are_processed(context):
    context.processed = True

@then('the response section is modified to handle non-matching params')
def step_then_response_is_modified(context):
    assert context.processed is True
    context.response_modified = True"
233,"PB - As a User, I want to see Nav panel when viewing a Simple Page","Feature: View Navigation Panel on Simple Page

Scenario: User views and interacts with the Navigation Panel

Given the user is on a Simple Page
And the user has permission to view saved pages
When the user clicks the extend button on the top left
Then the Left Side Panel should open as Page Nav
And the user should see all saved Simple pages in order of Last Updated
And the currently opened page should be highlighted with a grey background and bold font
And the user can click on a different page to switch to it

Python:

from behave import given, when, then

@given('the user is on a Simple Page')
def step_given_user_on_simple_page(context):
    pass

@given('the user has permission to view saved pages')
def step_given_user_has_permission(context):
    pass

@when('the user clicks the extend button on the top left')
def step_when_user_clicks_extend_button(context):
    pass

@then('the Left Side Panel should open as Page Nav')
def step_then_panel_opens(context):
    pass

@then('the user should see all saved Simple pages in order of Last Updated')
def step_then_user_sees_saved_pages(context):
    pass

@then('the currently opened page should be highlighted with a grey background and bold font')
def step_then_current_page_highlighted(context):
    pass

@then('the user can click on a different page to switch to it')
def step_then_user_can_switch_page(context):
    pass"
234,"BP - As a User, I want to single select resources from Resource Lookup with unchangeable filter based on file type in Page Builder","Feature: Resource Selection in Page Builder

Scenario: Single select image resource for Page background

Given the user is on the Page Builder
And the user opens the Resource Lookup for Page background
When the user views the filtering options
Then the File Format filter is locked with only Image enabled
And the user can select a single image resource

Python:

from behave import given, when, then

@given('the user is on the Page Builder')
def step_impl(context):
    pass

@given('the user opens the Resource Lookup for Page background')
def step_impl(context):
    pass

@when('the user views the filtering options')
def step_impl(context):
    pass

@then('the File Format filter is locked with only Image enabled')
def step_impl(context):
    pass

@then('the user can select a single image resource')
def step_impl(context):
    pass"
235,As a user I can only select a max of 300 items to Review in Bulk (FE),"Feature: Bulk Review Item Selection Limit

Scenario: User selects the maximum number of items for bulk review

Given the user is on the bulk review page
And the user has selected 299 items
When the user selects one more item
Then the total selected items should be 300
And all other select icons for non-selected items become disabled
And the hover text for disabled icons is 'A maximum of 300 Requests has been selected.'

Python:

from behave import given, when, then

@given('the user is on the bulk review page')
def step_given_user_on_bulk_review_page(context):
    pass

@given('the user has selected 299 items')
def step_given_user_selected_299_items(context):
    pass

@when('the user selects one more item')
def step_when_user_selects_one_more_item(context):
    pass

@then('the total selected items should be 300')
def step_then_total_selected_items_300(context):
    pass

@then('all other select icons for non-selected items become disabled')
def step_then_icons_become_disabled(context):
    pass

@then('the hover text for disabled icons is ""A maximum of 300 Requests has been selected.""')
def step_then_hover_text_is_displayed(context):
    pass"
236,Need to add Stage icon in bulk review list for Staged requests,"Gherkin:

Feature: Display Stage Icon in Bulk Review List

Scenario: Update and display stage icons for staged requests in bulk review

Given the user is on the Bulk Review Page
And there are staged requests in the list
When the user performs a bulk action on the requests
Then the stage icons should update to reflect the current stage of each request

Python:

from behave import given, when, then

@given('the user is on the Bulk Review Page')
def step_given_user_on_bulk_review_page(context):
    pass

@given('there are staged requests in the list')
def step_given_staged_requests_in_list(context):
    pass

@when('the user performs a bulk action on the requests')
def step_when_user_performs_bulk_action(context):
    pass

@then('the stage icons should update to reflect the current stage of each request')
def step_then_stage_icons_update(context):
    pass"
237,"As a user, I want to see added information saved to request when I click on Navigation buttons for Single Page","Feature: Navigation and Information Retention on Single Page

Scenario: Retain Complete Stage and Hide Decline settings during navigation

Given the user is on the Single Page with 'Complete Stage' and 'Hide Decline' features enabled
And 'Complete Stage' is selected for an item
And 'Approve with Comments' is selected for the same item
When the user navigates to the next item using 'Save & Next'
And the user navigates back to the previous item
Then 'Complete Stage' should still be selected for the item
And 'Approve with Comments' should still be selected for the item

Python:

from behave import given, when, then

@given('the user is on the Single Page with \'Complete Stage\' and \'Hide Decline\' features enabled')
def step_impl(context):
    # Code to ensure the user is on the Single Page with the required features enabled
    pass

@given('\'Complete Stage\' is selected for an item')
def step_impl(context):
    # Code to select 'Complete Stage' for an item
    pass

@given('\'Approve with Comments\' is selected for the same item')
def step_impl(context):
    # Code to select 'Approve with Comments' for the item
    pass

@when('the user navigates to the next item using \'Save & Next\'')
def step_impl(context):
    # Code to navigate to the next item using 'Save & Next'
    pass

@when('the user navigates back to the previous item')
def step_impl(context):
    # Code to navigate back to the previous item
    pass

@then('\'Complete Stage\' should still be selected for the item')
def step_impl(context):
    # Code to verify 'Complete Stage' is still selected for the item
    pass

@then('\'Approve with Comments\' should still be selected for the item')
def step_impl(context):
    # Code to verify 'Approve with Comments' is still selected for the item
    pass"
238,As a user I want to see 'Bulk Review' in bulk review page header (page name),"Gherkin:

Feature: Bulk Review Page Header

Scenario: Verify Bulk Review page header

Given the user is on the Bulk Review page
When the page is fully loaded
Then the page header should display ""Bulk Review""

Python:

from behave import given, when, then

@given('the user is on the Bulk Review page')
def step_given_user_on_bulk_review_page(context):
    context.browser.get('http://example.com/bulk-review')

@when('the page is fully loaded')
def step_when_page_fully_loaded(context):
    assert context.browser.execute_script(""return document.readyState"") == ""complete""

@then('the page header should display ""Bulk Review""')
def step_then_page_header_display_bulk_review(context):
    header = context.browser.find_element_by_tag_name('h1').text
    assert header == ""Bulk Review"""
239,As a user I can Bulk Submit (updates from Grouped work),"Feature: Bulk Submit Functionality for Grouped Work

Scenario: Successfully bulk submit updates from grouped work

Given the user is on the Grouped Review page
And there are staged requests ready for submission
When the user hovers over the Submit & Continue button
And the user clicks the Submit & Continue button
Then a snackbar message confirms the submission
And the items in the list are updated accordingly
And the user can complete the staged request multiple times until completed
And the Complete Stage works for the last stage completion
And the user can save a staged request with mixed current stages

Python:

from behave import given, when, then

@given('the user is on the Grouped Review page')
def step_impl(context):
    pass

@given('there are staged requests ready for submission')
def step_impl(context):
    pass

@when('the user hovers over the Submit & Continue button')
def step_impl(context):
    pass

@when('the user clicks the Submit & Continue button')
def step_impl(context):
    pass

@then('a snackbar message confirms the submission')
def step_impl(context):
    pass

@then('the items in the list are updated accordingly')
def step_impl(context):
    pass

@then('the user can complete the staged request multiple times until completed')
def step_impl(context):
    pass

@then('the Complete Stage works for the last stage completion')
def step_impl(context):
    pass

@then('the user can save a staged request with mixed current stages')
def step_impl(context):
    pass"
240,As a user I can Bulk Apply (updates from Grouped work),"Feature: Bulk Apply Updates from Grouped Work

Scenario: Successfully apply updates in bulk from the Grouped Review page

Given the user is on the Grouped Review page
And there are staged requests available
When the user clicks the ""Apply"" button with a count displayed
Then the updates are applied to the staged requests
And a snackbar notification is shown confirming the updates

Python:

from behave import given, when, then

@given('the user is on the Grouped Review page')
def step_impl(context):
    pass

@given('there are staged requests available')
def step_impl(context):
    pass

@when('the user clicks the ""Apply"" button with a count displayed')
def step_impl(context):
    pass

@then('the updates are applied to the staged requests')
def step_impl(context):
    pass

@then('a snackbar notification is shown confirming the updates')
def step_impl(context):
    pass"
241,As a user I want to click 'Review Request' action in action dropdown in footer to open Bulk Approve Page (action redirect),"Gherkin:

Feature: Bulk Review Request Action

Scenario: User clicks 'Review Request' to open Bulk Approve Page

Given the user is on the Bulk List page
And items are selected in the list
When the user clicks the 'Review Request' action in the footer
Then the Bulk Review Request page opens
And the user closes the Bulk Review Request page
Then the user is returned to the Approvals List
And previously selected items are still selected
And the Bulk Footer is still displayed

Python:

from behave import given, when, then

@given('the user is on the Bulk List page')
def step_given_user_on_bulk_list_page(context):
    pass

@given('items are selected in the list')
def step_given_items_selected(context):
    pass

@when('the user clicks the ""Review Request"" action in the footer')
def step_when_user_clicks_review_request(context):
    pass

@then('the Bulk Review Request page opens')
def step_then_bulk_review_request_page_opens(context):
    pass

@when('the user closes the Bulk Review Request page')
def step_when_user_closes_bulk_review_request_page(context):
    pass

@then('the user is returned to the Approvals List')
def step_then_user_returned_to_approvals_list(context):
    pass

@then('previously selected items are still selected')
def step_then_items_still_selected(context):
    pass

@then('the Bulk Footer is still displayed')
def step_then_bulk_footer_still_displayed(context):
    pass"
242,As a user I want to see 'Review Request' bulk action in action dropdown in footer,"Gherkin:

Feature: Bulk Action Dropdown in Footer

Scenario: Display 'Review Request' in Bulk Action Dropdown

Given a user is on the items page
And the Bulk Action footer bar is not visible
When the user selects one item's checkbox
And the user clicks on the 'Select Bulk Action' dropdown
Then the 'Review Request' action is displayed in the dropdown

Python:

from behave import given, when, then

@given('a user is on the items page')
def step_impl(context):
    pass

@given('the Bulk Action footer bar is not visible')
def step_impl(context):
    pass

@when('the user selects one item\'s checkbox')
def step_impl(context):
    pass

@when('the user clicks on the \'Select Bulk Action\' dropdown')
def step_impl(context):
    pass

@then('the \'Review Request\' action is displayed in the dropdown')
def step_impl(context):
    pass"
243,As a user I want to check cancel in footer to clear the select of all selected requests,"Gherkin:

Feature: Cancel Selection in Footer

Scenario: Deselect all selected requests using the Cancel action

Given a list of items with checkboxes
And at least one item's checkbox is selected
When the Bulk Action footer bar is displayed
And the user clicks the 'Cancel' action on the right side of the footer
Then all selected items are deselected
And all checkboxes are displayed as selectable

Python:

from behave import given, when, then

@given('a list of items with checkboxes')
def step_given_list_of_items(context):
    context.items = [{'selected': False} for _ in range(5)]

@given('at least one item\'s checkbox is selected')
def step_given_item_selected(context):
    context.items[0]['selected'] = True

@when('the Bulk Action footer bar is displayed')
def step_when_footer_displayed(context):
    context.footer_displayed = True

@when('the user clicks the \'Cancel\' action on the right side of the footer')
def step_when_user_clicks_cancel(context):
    if context.footer_displayed:
        for item in context.items:
            item['selected'] = False

@then('all selected items are deselected')
def step_then_items_deselected(context):
    assert all(not item['selected'] for item in context.items)

@then('all checkboxes are displayed as selectable')
def step_then_checkboxes_selectable(context):
    assert all('selectable' in item for item in context.items)"
244,As a user the Bulk Action Footer bar displays when one relevant item is selected,"Feature: Bulk Action Footer Bar Display

Scenario: Display Bulk Action Footer when one item is selected

Given the user is on the item selection page
And no items are selected
When the user selects one item's checkbox
Then the Bulk Action footer bar is displayed
And the 'Select All' action is hidden
And the 'View Selected' feature is hidden

Python:

from behave import given, when, then

@given('the user is on the item selection page')
def step_impl(context):
    pass

@given('no items are selected')
def step_impl(context):
    pass

@when(""the user selects one item's checkbox"")
def step_impl(context):
    pass

@then('the Bulk Action footer bar is displayed')
def step_impl(context):
    pass

@then(""the 'Select All' action is hidden"")
def step_impl(context):
    pass

@then(""the 'View Selected' feature is hidden"")
def step_impl(context):
    pass"
245,As a user I only see the checkbox *column* when relevant (core mcp / template level check),"Feature: Display Bulk Actions Checkbox Column

Scenario: Display checkbox column when relevant settings are enabled

Given the MCP development setting is enabled
And at least one active Template has the new setting enabled
When the user views the template list
Then the Bulk Actions Checkbox column is displayed

Python:

from behave import given, when, then

@given('the MCP development setting is enabled')
def step_impl(context):
    context.mcp_setting_enabled = True

@given('at least one active Template has the new setting enabled')
def step_impl(context):
    context.template_setting_enabled = True

@when('the user views the template list')
def step_impl(context):
    context.viewing_template_list = True

@then('the Bulk Actions Checkbox column is displayed')
def step_impl(context):
    assert context.mcp_setting_enabled and context.template_setting_enabled
    assert context.viewing_template_list"
246,Bulk Approvals - MCP Development Setting,"Gherkin:

Feature: Bulk Approvals Development Setting

Scenario: Enable Bulk Approvals in Development

Given the MCP development section is accessible
And the user is in sprint 203
When the user adds the ""Approvals - Approvals List (V3) - Bulk Approvals"" setting
Then the setting should be enabled for development use only

Python:

from behave import given, when, then

@given('the MCP development section is accessible')
def step_impl(context):
    pass

@given('the user is in sprint 203')
def step_impl(context):
    pass

@when('the user adds the ""Approvals - Approvals List (V3) - Bulk Approvals"" setting')
def step_impl(context):
    pass

@then('the setting should be enabled for development use only')
def step_impl(context):
    pass"
247,"PB - As a User, I want to single-select resource from resource module overlay","Feature: Single-select resource from resource module overlay

Scenario: User selects a single resource and views tooltip

Given the user is on the resource module overlay
And the overlay displays multiple resources
When the user selects a single resource
And the user hovers over the exit button
Then the selected resource is saved for upload
And the tooltip message ""Close overlay. No selections will be added."" is displayed

Python:

from behave import given, when, then

@given('the user is on the resource module overlay')
def step_given_user_on_resource_module_overlay(context):
    pass

@given('the overlay displays multiple resources')
def step_given_overlay_displays_resources(context):
    pass

@when('the user selects a single resource')
def step_when_user_selects_single_resource(context):
    pass

@when('the user hovers over the exit button')
def step_when_user_hovers_over_exit_button(context):
    pass

@then('the selected resource is saved for upload')
def step_then_selected_resource_saved(context):
    pass

@then('the tooltip message ""Close overlay. No selections will be added."" is displayed')
def step_then_tooltip_message_displayed(context):
    pass"
248,"PB - As a User, I want to report Create Page action in the usage reporting","Gherkin:

Feature: Create Page Usage Reporting

Scenario: Report Create Page Action

Given a user is logged into the system
And the user has access to the usage reporting feature
When the user creates a new page
Then the Simple Page reporting should include the create action
And the User Usage Report should reflect the create action
And the Custom Page Usage Report should reflect the create action
And the user can search and export the report on the create action

Python:

from behave import given, when, then

@given('a user is logged into the system')
def step_impl(context):
    pass

@given('the user has access to the usage reporting feature')
def step_impl(context):
    pass

@when('the user creates a new page')
def step_impl(context):
    pass

@then('the Simple Page reporting should include the create action')
def step_impl(context):
    pass

@then('the User Usage Report should reflect the create action')
def step_impl(context):
    pass

@then('the Custom Page Usage Report should reflect the create action')
def step_impl(context):
    pass

@then('the user can search and export the report on the create action')
def step_impl(context):
    pass"
249,"PB - As a User, I want to report Edit Page action in the usage reporting","Gherkin:

Feature: Edit Page Usage Reporting

Scenario: Report Edit Page action in User Usage Report

Given a user is logged into the system
And the user navigates to the Edit Page
When the user performs an Edit action
Then the Edit action is recorded in the User Usage Report
And the Edit action is recorded in the Custom Page Usage Report

Python:

from behave import given, when, then

@given('a user is logged into the system')
def step_impl(context):
    pass

@given('the user navigates to the Edit Page')
def step_impl(context):
    pass

@when('the user performs an Edit action')
def step_impl(context):
    pass

@then('the Edit action is recorded in the User Usage Report')
def step_impl(context):
    pass

@then('the Edit action is recorded in the Custom Page Usage Report')
def step_impl(context):
    pass"
250,"PB - As a User, I want to report Delete Page action in the usage reporting","Feature: Report Delete Page Action in Usage Reporting

Scenario: User views and exports Delete Page action report

Given the user is logged into the usage reporting system
And the user has navigated to the Delete Page action report section
When the user searches for Delete Page actions
And the user exports the report
Then the report should be successfully exported

Python:

from behave import given, when, then

@given('the user is logged into the usage reporting system')
def step_impl(context):
    pass

@given('the user has navigated to the Delete Page action report section')
def step_impl(context):
    pass

@when('the user searches for Delete Page actions')
def step_impl(context):
    pass

@when('the user exports the report')
def step_impl(context):
    pass

@then('the report should be successfully exported')
def step_impl(context):
    pass"
251,"PB - As a User, I want to report View Page action in the usage reporting","Gherkin:

Feature: View Page Action Reporting

Scenario: Report View Page action in User Usage Report

Given a user is logged into the reporting system
And the user navigates to the User Usage Report section
When the user views a Simple Page
Then the View action is recorded in the User Usage Report
And the user can search and export the report

Python:

from behave import given, when, then

@given('a user is logged into the reporting system')
def step_impl(context):
    pass

@given('the user navigates to the User Usage Report section')
def step_impl(context):
    pass

@when('the user views a Simple Page')
def step_impl(context):
    pass

@then('the View action is recorded in the User Usage Report')
def step_impl(context):
    pass

@then('the user can search and export the report')
def step_impl(context):
    pass"
252,"PB - As a User, I want to set Page/Section/Block/Widgets Colour in Opacity ","Gherkin:

Feature: Set Colour with Opacity

Scenario: Set background colour with opacity for a section

Given a user is on the design page
And the user selects a section to edit
When the user sets the background colour with opacity using the opacity bar
And the user adjusts the hue bar
Then the section's background colour is updated with the specified opacity
And the hex code is updated to reflect the changes

Python:

from behave import given, when, then

@given('a user is on the design page')
def step_given_user_on_design_page(context):
    pass

@given('the user selects a section to edit')
def step_given_user_selects_section(context):
    pass

@when('the user sets the background colour with opacity using the opacity bar')
def step_when_user_sets_opacity(context):
    pass

@when('the user adjusts the hue bar')
def step_when_user_adjusts_hue(context):
    pass

@then(""the section's background colour is updated with the specified opacity"")
def step_then_background_colour_updated(context):
    pass

@then('the hex code is updated to reflect the changes')
def step_then_hex_code_updated(context):
    pass"
253,"PB - (Misc) As a User, I want to have a standard Text Widget - Link input without a placeholder","Gherkin:

Feature: Text Widget Link Input

Scenario: User inputs a valid web link without ""https://""

Given the text widget link popup is displayed
And the user inputs a valid web link without ""https://""
When the user clicks to open the link in a new browser tab
Then the link should open with ""http://"" or ""https://""

Python:

from behave import given, when, then

@given('the text widget link popup is displayed')
def step_given_text_widget_link_popup_displayed(context):
    pass

@given('the user inputs a valid web link without ""https://""')
def step_given_user_inputs_valid_web_link(context):
    pass

@when('the user clicks to open the link in a new browser tab')
def step_when_user_clicks_to_open_link(context):
    pass

@then('the link should open with ""http://"" or ""https://""')
def step_then_link_should_open_with_http_or_https(context):
    pass"
254,"As a User, I want to access Reply action for New Replies in Daily Digest Email","Gherkin:

Feature: Access Reply Action in Daily Digest Email

Scenario: User replies to a new comment from Daily Digest Email

Given the user has received the Daily Digest Email
And the email contains a new reply notification
When the user clicks on the ""Reply"" link
Then the user is redirected to the Reply page in a new tab
And the applicable comment is highlighted
And the text-box is active for the user to type a reply

Python:

from behave import given, when, then

@given('the user has received the Daily Digest Email')
def step_impl(context):
    pass

@given('the email contains a new reply notification')
def step_impl(context):
    pass

@when('the user clicks on the ""Reply"" link')
def step_impl(context):
    pass

@then('the user is redirected to the Reply page in a new tab')
def step_impl(context):
    pass

@then('the applicable comment is highlighted')
def step_impl(context):
    pass

@then('the text-box is active for the user to type a reply')
def step_impl(context):
    pass"
255,"PB - (Misc) As a User, I want to differentiate page saving between creating a new and editing an existing Simple Page","Gherkin:

Feature: Simple Page Saving

Scenario: Save a new Simple Page and navigate to editing mode

Given a user is on the Simple Page Builder create page
When the user saves the new Simple Page
Then the user is redirected to the editing page URL in editing mode

Python:

from behave import given, when, then

@given('a user is on the Simple Page Builder create page')
def step_given_user_on_create_page(context):
    pass

@when('the user saves the new Simple Page')
def step_when_user_saves_new_page(context):
    pass

@then('the user is redirected to the editing page URL in editing mode')
def step_then_user_redirected_to_editing_page(context):
    pass"
256,"PB - (Misc) As a User, I want to have custom fonts in SPB text widget","Gherkin:

Feature: Custom Fonts in SPB Text Widget

Scenario: User selects and views custom fonts in the text widget

Given the user is on the Simple Page Builder editor
And the user has uploaded custom fonts
When the user opens the font drop-down menu
And the user selects a custom font
Then the text widget displays the content in the selected custom font

Python:

from behave import given, when, then

@given('the user is on the Simple Page Builder editor')
def step_impl(context):
    pass

@given('the user has uploaded custom fonts')
def step_impl(context):
    pass

@when('the user opens the font drop-down menu')
def step_impl(context):
    pass

@when('the user selects a custom font')
def step_impl(context):
    pass

@then('the text widget displays the content in the selected custom font')
def step_impl(context):
    pass"
257,"PB - (Misc) As a User, I want to set Spacing (aka. Gap) in between Blocks that added in a Section","Feature: Set Spacing Between Blocks in a Section

Scenario: User sets spacing between blocks using the side panel

Given the user is on the section editor page
And the side panel is open
And the default spacing value is set to 8px
When the user sees the ""Spacing"" title in the side panel
And the user sees ""GAP BETWEEN OBJECTS"" between the ""Spacing"" title and the slider
And the user sets the spacing value to 20px using the slider
Then the spacing between blocks is updated to 20px

Python:

from behave import given, when, then

@given('the user is on the section editor page')
def step_impl(context):
    pass

@given('the side panel is open')
def step_impl(context):
    pass

@given('the default spacing value is set to 8px')
def step_impl(context):
    pass

@when('the user sees the ""Spacing"" title in the side panel')
def step_impl(context):
    pass

@when('the user sees ""GAP BETWEEN OBJECTS"" between the ""Spacing"" title and the slider')
def step_impl(context):
    pass

@when('the user sets the spacing value to 20px using the slider')
def step_impl(context):
    pass

@then('the spacing between blocks is updated to 20px')
def step_impl(context):
    pass"
258,"PB - As a User, I want to select a Simple Page in my Admin > Templates > Menu options","Feature: Manage Simple Pages in Admin Templates

Scenario: Select and Save a Simple Page in Navigation

Given the user is on the Admin Templates Menu
And a list of custom pages including Simple Pages is displayed
When the user selects a Simple Page to add to Navigation
And the user saves the setting
Then the setting is saved successfully

Python:

from behave import given, when, then

@given('the user is on the Admin Templates Menu')
def step_given_user_on_admin_templates_menu(context):
    pass

@given('a list of custom pages including Simple Pages is displayed')
def step_given_list_of_custom_pages_displayed(context):
    pass

@when('the user selects a Simple Page to add to Navigation')
def step_when_user_selects_simple_page(context):
    pass

@when('the user saves the setting')
def step_when_user_saves_setting(context):
    pass

@then('the setting is saved successfully')
def step_then_setting_saved_successfully(context):
    pass"
259,"PB - As a Admin User, I want to update the permission in the Admin - Group(include user as group) for individual pages in the module, incl. Simple Pages","Gherkin:

Feature: Update Permissions for Individual Pages in Admin Module

Scenario: Admin updates permissions for a Simple Page

Given the Admin User is logged into the Admin module
And the Admin User navigates to the Group permissions section
And the Admin User selects a Simple Page to update permissions
When the Admin User updates the permissions for the Simple Page
Then the updated permissions are saved successfully
And the Simple Page permission configuration is displayed in native design

Python:

from behave import given, when, then

@given('the Admin User is logged into the Admin module')
def step_impl(context):
    pass

@given('the Admin User navigates to the Group permissions section')
def step_impl(context):
    pass

@given('the Admin User selects a Simple Page to update permissions')
def step_impl(context):
    pass

@when('the Admin User updates the permissions for the Simple Page')
def step_impl(context):
    pass

@then('the updated permissions are saved successfully')
def step_impl(context):
    pass

@then('the Simple Page permission configuration is displayed in native design')
def step_impl(context):
    pass"
260,"PB - (Misc) As a User, I want to adjust Text colour simultaneously when interacting within the Text Widget's colour popup","Gherkin:

Feature: Adjust Text Colour in Text Widget

Scenario: Adjust and dismiss Text Colour popup

Given the Text Widget is open
And the Text Colour icon is visible in the toolbar
When I click on the Text Colour icon
And I adjust the Text Colour using the colour swatch popup
Then the text colour changes simultaneously
And I click on any other area to dismiss the colour swatch popup

Python:

from behave import given, when, then

@given('the Text Widget is open')
def step_given_text_widget_open(context):
    pass

@given('the Text Colour icon is visible in the toolbar')
def step_given_text_colour_icon_visible(context):
    pass

@when('I click on the Text Colour icon')
def step_when_click_text_colour_icon(context):
    pass

@when('I adjust the Text Colour using the colour swatch popup')
def step_when_adjust_text_colour(context):
    pass

@then('the text colour changes simultaneously')
def step_then_text_colour_changes(context):
    pass

@then('I click on any other area to dismiss the colour swatch popup')
def step_then_dismiss_colour_swatch_popup(context):
    pass"
261,"PB - As a User, I want to edit a Block","Feature: Edit Block Settings

Scenario: User edits block padding and background

Given a block is selected
And the side panel is open
When the user sets the padding to 20px for Left, Right, Top, and Bottom
And the user sets the ratio to 2
And the user sets the background color to blue
Then the block should have 20px padding on all sides
And the block should have a ratio of 2
And the block should have a blue background

Python:

from behave import given, when, then

@given('a block is selected')
def step_given_block_selected(context):
    pass

@given('the side panel is open')
def step_given_side_panel_open(context):
    pass

@when('the user sets the padding to 20px for Left, Right, Top, and Bottom')
def step_when_set_padding(context):
    pass

@when('the user sets the ratio to 2')
def step_when_set_ratio(context):
    pass

@when('the user sets the background color to blue')
def step_when_set_background_color(context):
    pass

@then('the block should have 20px padding on all sides')
def step_then_check_padding(context):
    pass

@then('the block should have a ratio of 2')
def step_then_check_ratio(context):
    pass

@then('the block should have a blue background')
def step_then_check_background_color(context):
    pass"
262,"PB - As a User, I want to add a Section to a Simple Page","Gherkin:

Feature: Add Section to Simple Page

Scenario: Successfully add a Section with custom settings

Given the user is on the Simple Page editor
And the side panel is open
When the user adds a new Section from the side panel
And sets the background to a custom image
And sets the direction to vertical
Then the Section is added to the page
And the Section has a custom background image
And the Section is set to vertical direction

Python:

from behave import given, when, then

@given('the user is on the Simple Page editor')
def step_impl(context):
    pass

@given('the side panel is open')
def step_impl(context):
    pass

@when('the user adds a new Section from the side panel')
def step_impl(context):
    pass

@when('sets the background to a custom image')
def step_impl(context):
    pass

@when('sets the direction to vertical')
def step_impl(context):
    pass

@then('the Section is added to the page')
def step_impl(context):
    pass

@then('the Section has a custom background image')
def step_impl(context):
    pass

@then('the Section is set to vertical direction')
def step_impl(context):
    pass"
263,"PB - As a User, I want to delete a Block","Gherkin:

Feature: Block Management

Scenario: Delete a Block and Undo the Action

Given a user has selected a block
And the toolbar is visible
When the user clicks on the delete icon
Then the block and its contents are deleted
And the remaining blocks are auto-aligned
When the user clicks on undo
Then the block and its contents are restored

Python:

from behave import given, when, then

@given('a user has selected a block')
def step_given_user_selected_block(context):
    pass

@given('the toolbar is visible')
def step_given_toolbar_visible(context):
    pass

@when('the user clicks on the delete icon')
def step_when_user_clicks_delete_icon(context):
    pass

@then('the block and its contents are deleted')
def step_then_block_deleted(context):
    pass

@then('the remaining blocks are auto-aligned')
def step_then_blocks_auto_aligned(context):
    pass

@when('the user clicks on undo')
def step_when_user_clicks_undo(context):
    pass

@then('the block and its contents are restored')
def step_then_block_restored(context):
    pass"
264,"PB - As a User, I want to re-order  Blocks, so I can re-order the Widgets within","Feature: Reorder Blocks

Scenario: Reorder a Block across different Sections

Given a user is on the dashboard with multiple Sections and Blocks
And the user sees the tool bar for a selected Block
When the user clicks and holds the Reorder icon
And drags the Block to a different Section
Then the Block is reordered across Sections

Python:

from behave import given, when, then

@given('a user is on the dashboard with multiple Sections and Blocks')
def step_impl(context):
    pass

@given('the user sees the tool bar for a selected Block')
def step_impl(context):
    pass

@when('the user clicks and holds the Reorder icon')
def step_impl(context):
    pass

@when('drags the Block to a different Section')
def step_impl(context):
    pass

@then('the Block is reordered across Sections')
def step_impl(context):
    pass"
265,"PB - As a User, I want to have an Image Widget (via URL)","Gherkin:

Feature: Image Widget Management

Scenario: Add Image Widget and Display Image via URL

Given the user is on the design page
And the side panel with widgets is visible
When the user drags the Image Widget icon from the side panel to a block
Then the image placeholder icon is displayed in the block
When the user inputs a valid image URL in the side panel
Then the image is displayed in the block

Python:

from behave import given, when, then

@given('the user is on the design page')
def step_impl(context):
    pass

@given('the side panel with widgets is visible')
def step_impl(context):
    pass

@when('the user drags the Image Widget icon from the side panel to a block')
def step_impl(context):
    pass

@then('the image placeholder icon is displayed in the block')
def step_impl(context):
    pass

@when('the user inputs a valid image URL in the side panel')
def step_impl(context):
    pass

@then('the image is displayed in the block')
def step_impl(context):
    pass"
266,"PB - As a User, I want to edit Colour in  Text Widget (excl. eye dropper)","Feature: Edit Colour in Text Widget

Scenario: Change text colour using Colour Swatch

Given the user is on the Text Widget editor page
And the Rich Text Editor is visible
When the user selects text in the Text Widget
And the user opens the Colour Swatch
And the user selects a new colour from the Colour Swatch
Then the selected text colour changes to the new colour

Python:

from behave import given, when, then

@given('the user is on the Text Widget editor page')
def step_user_on_editor_page(context):
    pass

@given('the Rich Text Editor is visible')
def step_rich_text_editor_visible(context):
    pass

@when('the user selects text in the Text Widget')
def step_user_selects_text(context):
    pass

@when('the user opens the Colour Swatch')
def step_user_opens_colour_swatch(context):
    pass

@when('the user selects a new colour from the Colour Swatch')
def step_user_selects_new_colour(context):
    pass

@then('the selected text colour changes to the new colour')
def step_text_colour_changes(context):
    pass"
267,"PB - As a User, I want to have a Text Widget","Gherkin:

Feature: Text Widget Functionality

Scenario: Use rich text editor within the Block

Given the user is on the custom page V3
And the Text Widget is available in the Block
When the user opens the rich text editor
And the user inputs text with various styles
Then the text box auto-extends its height
And the user can delete the text

Python:

from behave import given, when, then

@given('the user is on the custom page V3')
def step_impl(context):
    pass

@given('the Text Widget is available in the Block')
def step_impl(context):
    pass

@when('the user opens the rich text editor')
def step_impl(context):
    pass

@when('the user inputs text with various styles')
def step_impl(context):
    pass

@then('the text box auto-extends its height')
def step_impl(context):
    pass

@then('the user can delete the text')
def step_impl(context):
    pass"
268,"PB - As a User, I want to add a Widget to Block","Gherkin:

Feature: Add Widget to Block

Scenario: Successfully add a widget to a block

Given a widget toolbar with available widgets
And an existing target block on the page
When I drag a widget from the toolbar to the target block
Then the widget is added to the block
And I can edit the widget according to its type

Python:

from behave import given, when, then

@given('a widget toolbar with available widgets')
def step_given_widget_toolbar(context):
    pass

@given('an existing target block on the page')
def step_given_target_block(context):
    pass

@when('I drag a widget from the toolbar to the target block')
def step_when_drag_widget(context):
    pass

@then('the widget is added to the block')
def step_then_widget_added(context):
    pass

@then('I can edit the widget according to its type')
def step_then_edit_widget(context):
    pass"
269,"PB - As a User, I want to move Widgets across Blocks","Gherkin:

Feature: Reorder Widgets Across Blocks

Scenario: Move a Widget to an Empty Block in a Different Section

Given a Widget is added to a Block in Section A
And the target Block in Section B is empty
When I click and hold the reorder icon on the Widget
And I drag the Widget to the target Block in Section B
Then the Widget is moved to the target Block
And I see selecting and hovering effects during the move

Python:

from behave import given, when, then

@given('a Widget is added to a Block in Section A')
def step_given_widget_in_section_a(context):
    pass

@given('the target Block in Section B is empty')
def step_given_target_block_empty(context):
    pass

@when('I click and hold the reorder icon on the Widget')
def step_when_click_hold_reorder_icon(context):
    pass

@when('I drag the Widget to the target Block in Section B')
def step_when_drag_widget_to_target_block(context):
    pass

@then('the Widget is moved to the target Block')
def step_then_widget_moved_to_target_block(context):
    pass

@then('I see selecting and hovering effects during the move')
def step_then_see_selecting_hovering_effects(context):
    pass"
270,"PB - As a User, I want to Undo & Redo any editing actions on Simple Page","Feature: Undo and Redo Editing Actions

Scenario: Undo and Redo the last edit action

Given the user is on the Simple Page Builder
And the user has made an edit to a section
When the user clicks the Undo button
Then the section reverts to its previous state
When the user clicks the Redo button
Then the section returns to the edited state

Python:

from behave import given, when, then

@given('the user is on the Simple Page Builder')
def step_impl(context):
    pass

@given('the user has made an edit to a section')
def step_impl(context):
    pass

@when('the user clicks the Undo button')
def step_impl(context):
    pass

@then('the section reverts to its previous state')
def step_impl(context):
    pass

@when('the user clicks the Redo button')
def step_impl(context):
    pass

@then('the section returns to the edited state')
def step_impl(context):
    pass"
271,"PB - As a User, I want to edit an existing Simple page in Simple Page Builder","Feature: Edit an existing Simple page in Simple Page Builder

Scenario: Successfully update and save a Simple page

Given a user is on the Simple Page Builder with a pre-saved page loaded
And the user has a valid URL to update the page
When the user updates the page content
And the user updates the page URL
And the user clicks on save/publish
Then the page updates should be saved successfully

Python:

from behave import given, when, then

@given('a user is on the Simple Page Builder with a pre-saved page loaded')
def step_given_user_on_page_builder(context):
    pass

@given('the user has a valid URL to update the page')
def step_given_user_has_valid_url(context):
    pass

@when('the user updates the page content')
def step_when_user_updates_content(context):
    pass

@when('the user updates the page URL')
def step_when_user_updates_url(context):
    pass

@when('the user clicks on save/publish')
def step_when_user_clicks_save(context):
    pass

@then('the page updates should be saved successfully')
def step_then_page_updates_saved(context):
    pass"
272,"PB - As a Dev, I want to have a dev only MCP setting to control the feature of Simple Page Builder","Feature: Dev-only MCP Setting for Simple Page Builder

Scenario: Enable Simple Page Builder for Development Use

Given I am in the Development Use Only Area
And the dev-use only MCP setting is visible
When I enable the Simple Page Builder setting
Then I should be able to use the Simple Page Builder
And the Simple Page option should not appear in the page creation popup if the setting is disabled

Python:

from behave import given, when, then

@given('I am in the Development Use Only Area')
def step_impl(context):
    pass

@given('the dev-use only MCP setting is visible')
def step_impl(context):
    pass

@when('I enable the Simple Page Builder setting')
def step_impl(context):
    pass

@then('I should be able to use the Simple Page Builder')
def step_impl(context):
    pass

@then('the Simple Page option should not appear in the page creation popup if the setting is disabled')
def step_impl(context):
    pass"
273,"As a user, I want to see footer actions like cancel, save as draft, next and submit (Single Database)","Gherkin:

Feature: Footer Actions Display

Scenario: Display footer actions when MCP is ON

Given MCP is ON
And the recordForm is loaded
When the footer component is created
Then the footer should display cancel, save as draft, next, and submit actions

Python:

from behave import given, when, then

@given('MCP is ON')
def step_given_mcp_is_on(context):
    context.mcp_status = True

@given('the recordForm is loaded')
def step_given_recordform_loaded(context):
    context.record_form_loaded = True

@when('the footer component is created')
def step_when_footer_component_created(context):
    context.footer_created = True

@then('the footer should display cancel, save as draft, next, and submit actions')
def step_then_footer_displays_actions(context):
    assert context.footer_created
    context.footer_actions = ['cancel', 'save as draft', 'next', 'submit']
    assert all(action in context.footer_actions for action in ['cancel', 'save as draft', 'next', 'submit'])"
274,"As a user, I want to easily identify where a section starts and ends","Gherkin:

Feature: Section Identification

Scenario: Highlight section boundaries when MCP setting is on

Given the MCP setting is on
And a section is present on the page
When the page is loaded
Then the section should have a background color
And the section should have a border-radius
And the section should have a border

Python:

from behave import given, when, then

@given('the MCP setting is on')
def step_given_mcp_setting_is_on(context):
    context.mcp_setting = True

@given('a section is present on the page')
def step_given_section_is_present(context):
    context.section_present = True

@when('the page is loaded')
def step_when_page_is_loaded(context):
    context.page_loaded = True

@then('the section should have a background color')
def step_then_section_has_background_color(context):
    assert context.mcp_setting and context.section_present and context.page_loaded

@then('the section should have a border-radius')
def step_then_section_has_border_radius(context):
    assert context.mcp_setting and context.section_present and context.page_loaded

@then('the section should have a border')
def step_then_section_has_border(context):
    assert context.mcp_setting and context.section_present and context.page_loaded"
275,"As a user, I want to be able to change the width of the form","Gherkin:

Feature: Change form width

Scenario: User changes the width of the form using the expand/collapse icon

Given the form is open
And the form is in its default width
When the user clicks the expand/collapse icon
Then the form width changes
And the footer width changes

Python:

from behave import given, when, then

@given('the form is open')
def step_given_form_is_open(context):
    pass

@given('the form is in its default width')
def step_given_form_default_width(context):
    pass

@when('the user clicks the expand/collapse icon')
def step_when_user_clicks_icon(context):
    pass

@then('the form width changes')
def step_then_form_width_changes(context):
    pass

@then('the footer width changes')
def step_then_footer_width_changes(context):
    pass"
276,"As a user, I want to be able to close the record","Feature: Close Record Functionality

Scenario: Close record with unsaved changes in Edit mode

Given the user is in Edit mode with unsaved changes
And the record header contains an {{X}} ghost button
And the record footer contains a Close button
When the user clicks the {{X}} ghost button
And the user clicks the Close button in the footer
Then a dialog is displayed warning of unsaved changes

Python:

from behave import given, when, then

@given('the user is in Edit mode with unsaved changes')
def step_given_user_in_edit_mode_with_unsaved_changes(context):
    pass

@given('the record header contains an {{X}} ghost button')
def step_given_record_header_contains_ghost_button(context):
    pass

@given('the record footer contains a Close button')
def step_given_record_footer_contains_close_button(context):
    pass

@when('the user clicks the {{X}} ghost button')
def step_when_user_clicks_ghost_button(context):
    pass

@when('the user clicks the Close button in the footer')
def step_when_user_clicks_close_button_footer(context):
    pass

@then('a dialog is displayed warning of unsaved changes')
def step_then_dialog_displayed_warning_unsaved_changes(context):
    pass"
277,"As a user, I want to be able to see the actions when in view and update mode","Gherkin:

Feature: Display Actions in View and Update Mode

Scenario: User sees actions in view and update mode

Given the user is on the item page
And the item is in view mode
When the user switches to update mode
Then the actions are visible

Python:

from behave import given, when, then

@given('the user is on the item page')
def step_given_user_on_item_page(context):
    pass

@given('the item is in view mode')
def step_given_item_in_view_mode(context):
    pass

@when('the user switches to update mode')
def step_when_user_switches_to_update_mode(context):
    pass

@then('the actions are visible')
def step_then_actions_are_visible(context):
    pass"
278,"As a user, I want to see the seq ID of the record in the header","Gherkin:

Feature: Display Sequence ID in Header

Scenario: User views the sequence ID in the header

Given the user is on the record page
And the record has a sequence ID
When the page is loaded
Then the sequence ID is displayed in a Chip component
And the sequence ID is truncated with a tooltip
And the user can copy the sequence ID using the copy icon

Python:

from behave import given, when, then

@given('the user is on the record page')
def step_given_user_on_record_page(context):
    pass

@given('the record has a sequence ID')
def step_given_record_has_sequence_id(context):
    pass

@when('the page is loaded')
def step_when_page_is_loaded(context):
    pass

@then('the sequence ID is displayed in a Chip component')
def step_then_sequence_id_displayed_in_chip(context):
    pass

@then('the sequence ID is truncated with a tooltip')
def step_then_sequence_id_truncated_with_tooltip(context):
    pass

@then('the user can copy the sequence ID using the copy icon')
def step_then_user_can_copy_sequence_id(context):
    pass"
279,"As a user, I want to see the status of the record in the header","Gherkin:

Feature: Display Record Status in Header

Scenario: User views the record status in the header

Given a record exists with a status
And the user is on the record page
When the page is loaded
Then the header should display the status of the record

Python:

from behave import given, when, then

@given('a record exists with a status')
def step_given_record_exists_with_status(context):
    context.record_status = ""Draft""  # Example status

@given('the user is on the record page')
def step_given_user_on_record_page(context):
    context.page_loaded = True

@when('the page is loaded')
def step_when_page_is_loaded(context):
    assert context.page_loaded is True

@then('the header should display the status of the record')
def step_then_header_displays_status(context):
    displayed_status = ""Draft""  # Simulate fetching status from header
    assert displayed_status == context.record_status"
280,"As a user, I want to see the database name and record name in the header","Gherkin:

Feature: Display Database and Record Name in Header

Scenario: User views the header with database and record name

Given the user is on the page with the OverlayHeader component
And the database name is ""SampleDB""
And the record name is ""Record123""
When the header is displayed
Then the header shows the database name ""SampleDB"" as clickable
And the header shows the record name ""Record123""
And the database and record names are truncated with a tooltip to display the full value

Python:

from behave import given, when, then

@given('the user is on the page with the OverlayHeader component')
def step_given_user_on_page_with_overlay_header(context):
    pass

@given('the database name is ""{database_name}""')
def step_given_database_name(context, database_name):
    context.database_name = database_name

@given('the record name is ""{record_name}""')
def step_given_record_name(context, record_name):
    context.record_name = record_name

@when('the header is displayed')
def step_when_header_displayed(context):
    pass

@then('the header shows the database name ""{database_name}"" as clickable')
def step_then_database_name_clickable(context, database_name):
    assert context.database_name == database_name

@then('the header shows the record name ""{record_name}""')
def step_then_record_name_displayed(context, record_name):
    assert context.record_name == record_name

@then('the database and record names are truncated with a tooltip to display the full value')
def step_then_names_truncated_with_tooltip(context):
    pass"
281,"PB - As a User, I want the status of background Image added via Resource Lookup to be linked with Resource module","Feature: Link Background Image Status with Resource Module

Scenario: Link status of background image added via Resource Lookup

Given a background image is added via Resource Lookup in Page Builder
And the image is set as a Page or Section background
When the image is linked with the Resource Module
Then the status of the background image should be linked with the derived Image resources

Python:

from behave import given, when, then

@given('a background image is added via Resource Lookup in Page Builder')
def step_given_background_image_added(context):
    pass

@given('the image is set as a Page or Section background')
def step_given_image_set_as_background(context):
    pass

@when('the image is linked with the Resource Module')
def step_when_image_linked_with_resource_module(context):
    pass

@then('the status of the background image should be linked with the derived Image resources')
def step_then_status_linked_with_resources(context):
    pass"
282,"PB - (Misc) As a User, I want to select and upload more file formats via Resource Lookup in Page Builder","Gherkin:

Feature: Upload Multiple File Formats via Resource Lookup

Scenario: User uploads files with automatic quality selection

Given the user is on the Page Builder Resource Lookup
And the user has multiple file formats to upload
When the user selects files for upload
Then the files are uploaded with Good quality automatically

Python:

from behave import given, when, then

@given('the user is on the Page Builder Resource Lookup')
def step_impl(context):
    pass

@given('the user has multiple file formats to upload')
def step_impl(context):
    pass

@when('the user selects files for upload')
def step_impl(context):
    pass

@then('the files are uploaded with Good quality automatically')
def step_impl(context):
    pass"
283,Guest Upload MVP: Add in new temporary MCP settings for this project,"Gherkin:

Feature: Manage Temporary MCP Settings

Scenario: Display Child Settings When Parent is Enabled

Given the parent setting ""Database - Public Records & Uploads (development use only)"" is available
And the parent setting is enabled
When the user accesses the settings page
Then the child settings for temporary MCP are displayed

Python:

from behave import given, when, then

@given('the parent setting ""Database - Public Records & Uploads (development use only)"" is available')
def step_given_parent_setting_available(context):
    pass

@given('the parent setting is enabled')
def step_given_parent_setting_enabled(context):
    pass

@when('the user accesses the settings page')
def step_when_user_accesses_settings_page(context):
    pass

@then('the child settings for temporary MCP are displayed')
def step_then_child_settings_displayed(context):
    pass"
284,Guest Upload MVP: All Save/Submit buttons to say 'Submit' for Public User and redirect to success message,"Gherkin:

Feature: Guest Upload MVP

Scenario: Public User sees 'Submit' button and success message

Given a public user is on the upload page
And the user has filled out the necessary fields
When the user clicks the 'Submit' button
Then the user is redirected to the success message page

Python:

from behave import given, when, then

@given('a public user is on the upload page')
def step_given_public_user_on_upload_page(context):
    pass

@given('the user has filled out the necessary fields')
def step_given_user_filled_out_fields(context):
    pass

@when('the user clicks the ""Submit"" button')
def step_when_user_clicks_submit(context):
    pass

@then('the user is redirected to the success message page')
def step_then_user_redirected_to_success(context):
    pass"
285,"PB - (Misc UI) As a User, I want to have tooltips around Widgets after combining with Blocks","Feature: Tooltips for Image Widgets

Scenario: Display updated tooltips on Image Resizing

Given the user is on the Image Widget page
And the Image Widget is combined with Blocks
When the user hovers over the Image Resizing button
Then the tooltip displays ""Resize Image""
And the tooltip updates to ""Image Fit"" when the user selects Image Fit

Python:

from behave import given, when, then

@given('the user is on the Image Widget page')
def step_impl(context):
    pass

@given('the Image Widget is combined with Blocks')
def step_impl(context):
    pass

@when('the user hovers over the Image Resizing button')
def step_impl(context):
    pass

@then('the tooltip displays ""Resize Image""')
def step_impl(context):
    pass

@then('the tooltip updates to ""Image Fit"" when the user selects Image Fit')
def step_impl(context):
    pass"
286,"PB - As a User, I want to edit (rename) an existing Page Category in Page Builder","Feature: Edit Page Category in Page Builder

Scenario: Successfully rename an existing Page Category

Given the user is on the Page Builder dashboard
And the user sees an existing Page Category
When the user clicks on the kebab button next to the Page Category
And the user selects 'Edit Page Category'
Then the 'Edit Page Category' pop-up is displayed
And the user sees the info message ""Rename Page Category.""

Python:

from behave import given, when, then

@given('the user is on the Page Builder dashboard')
def step_impl(context):
    pass

@given('the user sees an existing Page Category')
def step_impl(context):
    pass

@when('the user clicks on the kebab button next to the Page Category')
def step_impl(context):
    pass

@when('the user selects \'Edit Page Category\'')
def step_impl(context):
    pass

@then('the \'Edit Page Category\' pop-up is displayed')
def step_impl(context):
    pass

@then('the user sees the info message ""Rename Page Category.""')
def step_impl(context):
    pass"
287,"PB - As a User, I should not see the Page Category dropdown when viewing Pages if none of them are assigned to Category","Gherkin:

Feature: Page Category Visibility

Scenario: Hide Page Category dropdown when no pages are assigned to a category

Given the user is on the Pages view
And all pages are not assigned to any category
When the user views a page
Then the Page Category dropdown should not be visible

Python:

from behave import given, when, then

@given('the user is on the Pages view')
def step_given_user_on_pages_view(context):
    pass

@given('all pages are not assigned to any category')
def step_given_pages_not_assigned_category(context):
    pass

@when('the user views a page')
def step_when_user_views_page(context):
    pass

@then('the Page Category dropdown should not be visible')
def step_then_dropdown_not_visible(context):
    pass"
288,"PB - As a User, I want to switch Page Categories when viewing a Page if there are multiple Page Categories","Gherkin:

Feature: Switch Page Categories

Scenario: User switches to another Page Category via dropdown

Given the user is on a Page with multiple Page Categories
And the user has permission to view the Page Categories
When the user opens the Page Categories dropdown
And the user selects a different Page Category
Then the Pages under the selected Page Category are loaded

Python:

from behave import given, when, then

@given('the user is on a Page with multiple Page Categories')
def step_given_user_on_page_with_multiple_categories(context):
    pass

@given('the user has permission to view the Page Categories')
def step_given_user_has_permission(context):
    pass

@when('the user opens the Page Categories dropdown')
def step_when_user_opens_dropdown(context):
    pass

@when('the user selects a different Page Category')
def step_when_user_selects_different_category(context):
    pass

@then('the Pages under the selected Page Category are loaded')
def step_then_pages_under_selected_category_loaded(context):
    pass"
289,"PB - As a User, I want to see Page Category being selected by default when viewing a Page as it's been assign to one","Gherkin:

Feature: Default Page Category Selection

Scenario: View Page with Default Category Selected

Given a user is viewing a Page
And the Page has a Category assigned
When the Page is loaded
Then the Page Category Name is displayed by default
And the pages under the Category are loaded to the left side from Nav

Python:

from behave import given, when, then

@given('a user is viewing a Page')
def step_given_user_viewing_page(context):
    pass

@given('the Page has a Category assigned')
def step_given_page_has_category(context):
    pass

@when('the Page is loaded')
def step_when_page_loaded(context):
    pass

@then('the Page Category Name is displayed by default')
def step_then_category_name_displayed(context):
    pass

@then('the pages under the Category are loaded to the left side from Nav')
def step_then_pages_loaded_left_nav(context):
    pass"
290,"PB - As a User, I want to un-assign a Page Category from an existing parent / standalone page","Feature: Un-assign Page Category from a Page

Scenario: Un-assign a standalone page from a Page Category

Given a standalone page is assigned to a Page Category
And the user is on the page management interface
When the user clicks on the ""Assign Page Category"" button
And selects the option to un-assign the page from the category
Then the page should no longer be associated with the Page Category

Python:

from behave import given, when, then

@given('a standalone page is assigned to a Page Category')
def step_given_page_assigned_to_category(context):
    # Code to ensure the page is assigned to a category
    pass

@given('the user is on the page management interface')
def step_given_user_on_management_interface(context):
    # Code to navigate to the page management interface
    pass

@when('the user clicks on the ""Assign Page Category"" button')
def step_when_user_clicks_assign_button(context):
    # Code to simulate clicking the assign button
    pass

@when('selects the option to un-assign the page from the category')
def step_when_user_selects_unassign_option(context):
    # Code to simulate selecting the un-assign option
    pass

@then('the page should no longer be associated with the Page Category')
def step_then_page_not_associated_with_category(context):
    # Code to verify the page is no longer associated with the category
    pass"
291,"PB - As a User, I want to assign / re-assign an existing parent / standalone page to an existing Page Category","Feature: Assign Page to Page Category

Scenario: Assign a standalone page to an existing Page Category

Given a standalone page exists
And a Page Category exists
When the user clicks on the ""Assign Page Category"" button
And selects the existing Page Category
Then the standalone page is assigned to the selected Page Category

Python:

from behave import given, when, then

@given('a standalone page exists')
def step_given_standalone_page_exists(context):
    # Code to ensure a standalone page exists
    pass

@given('a Page Category exists')
def step_given_page_category_exists(context):
    # Code to ensure a Page Category exists
    pass

@when('the user clicks on the ""Assign Page Category"" button')
def step_when_user_clicks_assign_button(context):
    # Code to simulate clicking the Assign Page Category button
    pass

@when('selects the existing Page Category')
def step_when_user_selects_page_category(context):
    # Code to simulate selecting a Page Category
    pass

@then('the standalone page is assigned to the selected Page Category')
def step_then_page_assigned_to_category(context):
    # Code to verify the page is assigned to the selected category
    pass"
292,"PB - As a User, I want to customise the order of pages under All Pages and the order of pages under each Page Category","Feature: Customise Page Order

Scenario: User customises the order of pages under a Page Category

Given the user is on the All Pages section
And there is a Page Category with multiple pages
When the user selects a page to move
And the user changes the order of the page within the Page Category
Then the page order is updated successfully

Python:

from behave import given, when, then

@given('the user is on the All Pages section')
def step_given_user_on_all_pages(context):
    pass

@given('there is a Page Category with multiple pages')
def step_given_page_category_with_pages(context):
    pass

@when('the user selects a page to move')
def step_when_user_selects_page(context):
    pass

@when('the user changes the order of the page within the Page Category')
def step_when_user_changes_order(context):
    pass

@then('the page order is updated successfully')
def step_then_page_order_updated(context):
    pass"
293,"PB - As a User, I want to delete an existing Page Category in Page Builder","Gherkin:

Feature: Delete Page Category in Page Builder

Scenario: Successfully delete an existing Page Category

Given the user is on the Page Builder Navi Panel
And the Page Category dropdown is visible
When the user clicks on the kebab button next to the Page Category dropdown
And the user selects 'Delete Page Category'
Then the Page Category should be removed from the list

Python:

from behave import given, when, then

@given('the user is on the Page Builder Navi Panel')
def step_impl(context):
    pass

@given('the Page Category dropdown is visible')
def step_impl(context):
    pass

@when('the user clicks on the kebab button next to the Page Category dropdown')
def step_impl(context):
    pass

@when('the user selects \'Delete Page Category\'')
def step_impl(context):
    pass

@then('the Page Category should be removed from the list')
def step_impl(context):
    pass"
294,"PB - As a User, I want to create a new Page Category in Page Builder","Feature: Create a new Page Category in Page Builder

Scenario: User adds a new Page Category

Given the user is on the Page Builder dashboard
And the kebab button is visible
When the user clicks on the kebab button
And the user clicks on 'Add Page Category'
Then the 'Add Page Category' pop-up should be displayed

Python:

from behave import given, when, then

@given('the user is on the Page Builder dashboard')
def step_impl(context):
    pass

@given('the kebab button is visible')
def step_impl(context):
    pass

@when('the user clicks on the kebab button')
def step_impl(context):
    pass

@when('the user clicks on ""Add Page Category""')
def step_impl(context):
    pass

@then('the ""Add Page Category"" pop-up should be displayed')
def step_impl(context):
    pass"
295,"PB - As a User, I want to see & select Page Category in Page Builder","Gherkin:

Feature: Page Category Selection in Page Builder

Scenario: Default Page Category Selection

Given the user is on the Page Builder via an Edit action button
And the Page Category drop-down menu is visible
When the user views the Page Category drop-down menu
Then the ""All Pages"" option should be selected by default

Python:

from behave import given, when, then

@given('the user is on the Page Builder via an Edit action button')
def step_impl(context):
    pass

@given('the Page Category drop-down menu is visible')
def step_impl(context):
    pass

@when('the user views the Page Category drop-down menu')
def step_impl(context):
    pass

@then('the ""All Pages"" option should be selected by default')
def step_impl(context):
    pass"
296,"PB - [4/4] As an Internal User, I want to have MCP(development use only) settings to enable/disable features per Epic for Drag & Drop Page MVP ","Feature: Manage MCP Settings for Drag & Drop Page

Scenario: Enable Drag & Drop Pages - Page Category setting

Given I am an Internal User
And I navigate to the Platform Settings
And I locate the Development Use only section
When I add the MCP setting ""Drag & Drop Pages - Page Category""
And I enable the setting
Then the setting should be enabled successfully

Python:

from behave import given, when, then

@given('I am an Internal User')
def step_impl(context):
    pass

@given('I navigate to the Platform Settings')
def step_impl(context):
    pass

@given('I locate the Development Use only section')
def step_impl(context):
    pass

@when('I add the MCP setting ""Drag & Drop Pages - Page Category""')
def step_impl(context):
    pass

@when('I enable the setting')
def step_impl(context):
    pass

@then('the setting should be enabled successfully')
def step_impl(context):
    pass"
297,Guest Upload MVP: Mandatory Anti-Virus for all public uploads (even when not enabled in MCP),"Gherkin:

Feature: Guest Upload Virus Scanning

Scenario: Scan uploaded files for viruses when user is not logged in

Given a guest user is on the upload page
And the user selects a file to upload
When the file is uploaded
Then the file is scanned for viruses
And if a virus is detected, an error is shown with an explanation

Python:

from behave import given, when, then

@given('a guest user is on the upload page')
def step_impl(context):
    pass

@given('the user selects a file to upload')
def step_impl(context):
    pass

@when('the file is uploaded')
def step_impl(context):
    pass

@then('the file is scanned for viruses')
def step_impl(context):
    pass

@then('if a virus is detected, an error is shown with an explanation')
def step_impl(context):
    pass"
298,"PB - (Misc) As a User, I want to be informed why the Page cannot be saved in Page Builder if it's beyond the set Page limit in MCP","Gherkin:

Feature: Page Save Restriction in Page Builder

Scenario: Display warning when page limit is reached

Given the user is in Page Builder
And the D&D page limit in MCP has been reached
When the user clicks on the Save button on the top bar
Then a warning snack bar with message ""Page limit of {&number set as page limit in MCP} reached."" is displayed

Python:

from behave import given, when, then

@given('the user is in Page Builder')
def step_given_user_in_page_builder(context):
    pass

@given('the D&D page limit in MCP has been reached')
def step_given_page_limit_reached(context):
    pass

@when('the user clicks on the Save button on the top bar')
def step_when_user_clicks_save(context):
    pass

@then('a warning snack bar with message ""Page limit of {&number set as page limit in MCP} reached."" is displayed')
def step_then_warning_displayed(context):
    pass"
299,[Ask AI Alpha] As a user I want to choose to search whole platform or current location (Logic: Filter/Search results limit),"Gherkin:

Feature: Search Filter Functionality

Scenario: User deselects 'Limit to current view' to search the whole platform

Given the user is on the search panel
And the 'Limit to current view' checkbox is enabled by default
When the user deselects the 'Limit to current view' checkbox
And the user asks a question
Then the search should be conducted across the whole platform

Python:

from behave import given, when, then

@given('the user is on the search panel')
def step_impl(context):
    context.panel_open = True

@given('the ""Limit to current view"" checkbox is enabled by default')
def step_impl(context):
    context.limit_to_view = True

@when('the user deselects the ""Limit to current view"" checkbox')
def step_impl(context):
    context.limit_to_view = False

@when('the user asks a question')
def step_impl(context):
    context.question_asked = True

@then('the search should be conducted across the whole platform')
def step_impl(context):
    assert not context.limit_to_view
    assert context.question_asked"
300,"[V3 Move] Resources - Info/Preview Page: When Resource is Pending, hide Move action in this page","Gherkin:

Feature: Resource Info/Preview Page Actions

Scenario: Hide Move action when resource is pending

Given a resource is in a pending publish request
And the user accesses the Info Preview page via Workflow actions
When the user views the available actions
Then the Move action is not displayed

Python:

from behave import given, when, then

@given('a resource is in a pending publish request')
def step_given_resource_pending(context):
    context.resource_status = 'pending'

@given('the user accesses the Info Preview page via Workflow actions')
def step_given_user_accesses_info_preview(context):
    context.page_accessed = 'Info Preview'

@when('the user views the available actions')
def step_when_user_views_actions(context):
    context.actions = ['Edit', 'Delete']  # Example actions without 'Move'

@then('the Move action is not displayed')
def step_then_move_action_not_displayed(context):
    assert 'Move' not in context.actions"
301,"PB - As a User, I want to have previous 'Block' background colour setting embedded in Text Widget toolbar after combining these two","Gherkin:

Feature: Embed Previous Block Background Colour in Text Widget Toolbar

Scenario: Set Background Colour for Text Widget

Given the Text Widget is open
And the previous Block background colour is set
When I click on the background colour setting in the Text Widget toolbar
And I open the colour swatch popover
Then I can set the colour for the Text Widget background

Python:

from behave import given, when, then

@given('the Text Widget is open')
def step_given_text_widget_is_open(context):
    pass

@given('the previous Block background colour is set')
def step_given_previous_block_background_colour_is_set(context):
    pass

@when('I click on the background colour setting in the Text Widget toolbar')
def step_when_click_background_colour_setting(context):
    pass

@when('I open the colour swatch popover')
def step_when_open_colour_swatch_popover(context):
    pass

@then('I can set the colour for the Text Widget background')
def step_then_set_colour_for_text_widget_background(context):
    pass"
302,"PB - As a User, I want to configure both Block and Video Widget properties","Gherkin:

Feature: Configure Widget Properties

Scenario: Configure Video Widget Settings

Given the user is on the widget configuration page
And the Video Widget is available
When the user selects the Video Widget
And the user enters a valid Video URL
Then the Video Widget settings should be updated with the new URL

Python:

from behave import given, when, then

@given('the user is on the widget configuration page')
def step_impl(context):
    pass

@given('the Video Widget is available')
def step_impl(context):
    pass

@when('the user selects the Video Widget')
def step_impl(context):
    pass

@when('the user enters a valid Video URL')
def step_impl(context):
    pass

@then('the Video Widget settings should be updated with the new URL')
def step_impl(context):
    pass"
303,"PB - As a User, I want to configure both Block and Image Widget properties","Gherkin:

Feature: Configure Widget Properties

Scenario: Configure Image Widget Settings

Given the user is on the widget configuration page
And the Image Widget is available
When the user inputs a valid Image URL
And performs a resource lookup
Then the Image Widget settings should be updated successfully

Python:

from behave import given, when, then

@given('the user is on the widget configuration page')
def step_impl(context):
    pass

@given('the Image Widget is available')
def step_impl(context):
    pass

@when('the user inputs a valid Image URL')
def step_impl(context):
    pass

@when('performs a resource lookup')
def step_impl(context):
    pass

@then('the Image Widget settings should be updated successfully')
def step_impl(context):
    pass"
304,"PB - As a User, I want to configure both Block and Text Widget properties","Gherkin:

Feature: Configure Widget Properties

Scenario: Configure Text Box Padding

Given the user is on the widget configuration page
And the Text Widget is available
When the user selects the Text Widget
And the user sets the padding to ""10px""
Then the Text Widget padding should be updated to ""10px""

Python:

from behave import given, when, then

@given('the user is on the widget configuration page')
def step_impl(context):
    pass

@given('the Text Widget is available')
def step_impl(context):
    pass

@when('the user selects the Text Widget')
def step_impl(context):
    pass

@when('the user sets the padding to ""{padding}""')
def step_impl(context, padding):
    pass

@then('the Text Widget padding should be updated to ""{padding}""')
def step_impl(context, padding):
    pass"
305,"PB - As a User, I want to configure both Block and Button Widget properties","Gherkin:

Feature: Configure Widget Properties

Scenario: Configure Button Widget Properties

Given the user is on the widget configuration page
And the Button widget is available
When the user sets the Button Text to ""Submit""
And the user sets the Button Link to ""http://example.com""
Then the Button Text should be ""Submit""
And the Button Link should be ""http://example.com""

Python:

from behave import given, when, then

@given('the user is on the widget configuration page')
def step_impl(context):
    pass

@given('the Button widget is available')
def step_impl(context):
    pass

@when('the user sets the Button Text to ""{text}""')
def step_impl(context, text):
    pass

@when('the user sets the Button Link to ""{link}""')
def step_impl(context, link):
    pass

@then('the Button Text should be ""{text}""')
def step_impl(context, text):
    pass

@then('the Button Link should be ""{link}""')
def step_impl(context, link):
    pass"
306,[Ask AI Alpha] As a user I want to choose to search whole platform or current location (Logic: Folder location limit),"Feature: Search Limitation Options

Scenario: Default search limitation to current view

Given the user opens the search panel
And the ""Limit to current view"" checkbox is visible
When the panel is opened
Then the ""Limit to current view"" checkbox is enabled by default

Python:

from behave import given, when, then

@given('the user opens the search panel')
def step_impl(context):
    pass

@given('the ""Limit to current view"" checkbox is visible')
def step_impl(context):
    pass

@when('the panel is opened')
def step_impl(context):
    pass

@then('the ""Limit to current view"" checkbox is enabled by default')
def step_impl(context):
    pass"
307,"3-1. As a User, I want to resize Image Widget by dragging image itself when creating/editing a Page","Feature: Resize Image Widget by Dragging

Scenario: Resize Image Widget by dragging the image itself

Given a Page with an Image Widget in a Section
And the Image Widget is displaying a dotted line and bounding box with 8px padding
When I click and drag one of the eight dots on the Image Widget
Then the Image Widget's outer bounding box border line is visible
And the Image is resized within the 'Block'

Python:

from behave import given, when, then

@given('a Page with an Image Widget in a Section')
def step_given_page_with_image_widget(context):
    pass

@given('the Image Widget is displaying a dotted line and bounding box with 8px padding')
def step_given_image_widget_displaying_dotted_line(context):
    pass

@when('I click and drag one of the eight dots on the Image Widget')
def step_when_click_and_drag_dot(context):
    pass

@then(""the Image Widget's outer bounding box border line is visible"")
def step_then_outer_bounding_box_visible(context):
    pass

@then(""the Image is resized within the 'Block'"")
def step_then_image_resized_within_block(context):
    pass"
308,"4-1. As a User, I want to resize Image Widget by Width slider from Nav","Gherkin:

Feature: Resize Image Widget by Width Slider

Scenario: Adjust Image Widget Width from Nav Panel

Given the Image Widget is displayed on the page
And the Width slider is available in the Nav Panel
When the user adjusts the Width slider
Then the Image Widget's width changes according to the slider
And the Image remains the same percentage of its Block horizontally

Python:

from behave import given, when, then

@given('the Image Widget is displayed on the page')
def step_impl(context):
    pass

@given('the Width slider is available in the Nav Panel')
def step_impl(context):
    pass

@when('the user adjusts the Width slider')
def step_impl(context):
    pass

@then(""the Image Widget's width changes according to the slider"")
def step_impl(context):
    pass

@then('the Image remains the same percentage of its Block horizontally')
def step_impl(context):
    pass"
309,"3-2. As a User, I want to reposition Image Widget by dragging image itself when create/editing a Page","Gherkin:

Feature: Reposition Image Widget by Dragging

Scenario: Drag and reposition Image Widget on a Page

Given a Page with an Image Widget in a Section
And the Image Widget is visible with a dotted line and bounding box
When I drag the Image Widget to a new position
Then the Image Widget should be repositioned
And the bounding box should remain visible with 8px padding

Python:

from behave import given, when, then

@given('a Page with an Image Widget in a Section')
def step_given_page_with_image_widget(context):
    pass

@given('the Image Widget is visible with a dotted line and bounding box')
def step_given_image_widget_visible(context):
    pass

@when('I drag the Image Widget to a new position')
def step_when_drag_image_widget(context):
    pass

@then('the Image Widget should be repositioned')
def step_then_image_widget_repositioned(context):
    pass

@then('the bounding box should remain visible with 8px padding')
def step_then_bounding_box_visible(context):
    pass"
310,"4-2. As a User, I want the position and size that I set of the image to still work in different responsive modes","Gherkin:

Feature: Responsive Image Position and Size

Scenario: Maintain image position and size across responsive modes

Given the user is on the image editing page
And the user has resized the image by dragging the dots
And the user has repositioned the image by dragging it
When the user switches to mobile mode
And the user switches to tablet mode
And the user switches to desktop mode
Then the image should maintain the same horizontal percentage with the block in all modes

Python:

from behave import given, when, then

@given('the user is on the image editing page')
def step_impl(context):
    pass

@given('the user has resized the image by dragging the dots')
def step_impl(context):
    pass

@given('the user has repositioned the image by dragging it')
def step_impl(context):
    pass

@when('the user switches to mobile mode')
def step_impl(context):
    pass

@when('the user switches to tablet mode')
def step_impl(context):
    pass

@when('the user switches to desktop mode')
def step_impl(context):
    pass

@then('the image should maintain the same horizontal percentage with the block in all modes')
def step_impl(context):
    pass"
311,"2-3. As a User, I want to Undo & Redo resizing & repositioning","Gherkin:

Feature: Undo and Redo Resizing and Repositioning

Scenario: Undo and Redo resizing the image by dragging the dots

Given the user has resized the image by dragging the dots
And the user sees the Undo option in the top bar
When the user clicks on Undo
Then the image returns to its previous size
And the user sees the Redo option in the top bar
When the user clicks on Redo
Then the image returns to the resized state

Python:

from behave import given, when, then

@given('the user has resized the image by dragging the dots')
def step_impl(context):
    # Code to simulate resizing the image by dragging the dots
    pass

@given('the user sees the Undo option in the top bar')
def step_impl(context):
    # Code to verify the Undo option is visible
    pass

@when('the user clicks on Undo')
def step_impl(context):
    # Code to simulate clicking the Undo option
    pass

@then('the image returns to its previous size')
def step_impl(context):
    # Code to verify the image size is reverted
    pass

@then('the user sees the Redo option in the top bar')
def step_impl(context):
    # Code to verify the Redo option is visible
    pass

@when('the user clicks on Redo')
def step_impl(context):
    # Code to simulate clicking the Redo option
    pass

@then('the image returns to the resized state')
def step_impl(context):
    # Code to verify the image size is restored to resized state
    pass"
312,"2-4. As a User, I want to set Image Fit & Position via Nav Panel","Gherkin:

Feature: Set Image Fit and Position via Navigation Panel

Scenario: Set Image Fit to Cover Mode

Given the user has entered a valid image URL
And the image is successfully loaded in the widget
When the user selects the ""Cover"" mode from the navigation panel
Then the image should be resized and cropped to fit the widget in cover mode

Python:

from behave import given, when, then

@given('the user has entered a valid image URL')
def step_impl(context):
    # Code to simulate entering a valid image URL
    pass

@given('the image is successfully loaded in the widget')
def step_impl(context):
    # Code to verify the image is loaded
    pass

@when('the user selects the ""Cover"" mode from the navigation panel')
def step_impl(context):
    # Code to simulate selecting the Cover mode
    pass

@then('the image should be resized and cropped to fit the widget in cover mode')
def step_impl(context):
    # Code to verify the image is resized and cropped correctly
    pass"
313,"PB - As a User, I want to see Drag & Drop Page thumbnails as preview in Custom Page v2 index page","Feature: Preview Drag & Drop Page Thumbnails

Scenario: Display thumbnails in Custom Page v2 index page

Given the user is on the Custom Page v2 index page
And the page is set to List layout view
When the user navigates to the Drag & Drop Pages section
Then the user should see page thumbnails as previews

Python:

from behave import given, when, then

@given('the user is on the Custom Page v2 index page')
def step_given_user_on_custom_page_v2_index(context):
    pass

@given('the page is set to List layout view')
def step_given_page_set_to_list_layout(context):
    pass

@when('the user navigates to the Drag & Drop Pages section')
def step_when_user_navigates_to_drag_drop_section(context):
    pass

@then('the user should see page thumbnails as previews')
def step_then_user_sees_thumbnails_as_previews(context):
    pass"
314,Conditional Reviewers: Re-assign should only be supported when Condition Set has 'Required Approvals' set to 'One',"Gherkin:

Feature: Conditional Reviewer Re-assignment

Scenario: Attempt to re-assign when 'Required Approvals' is set to 'One'

Given a Condition Set with 'Required Approvals' set to 'One'
And all selected Reviewers are required to approve
When a user attempts to re-assign a Reviewer
Then an alert message ""Re-assign is not supported as all selected Reviewer(s) are required to approve."" is displayed

Python:

from behave import given, when, then

@given('a Condition Set with \'Required Approvals\' set to \'One\'')
def step_given_condition_set_with_required_approvals(context):
    context.condition_set = {'required_approvals': 'One'}

@given('all selected Reviewers are required to approve')
def step_given_all_reviewers_required(context):
    context.all_reviewers_required = True

@when('a user attempts to re-assign a Reviewer')
def step_when_user_attempts_reassign(context):
    context.reassign_attempted = True

@then('an alert message ""Re-assign is not supported as all selected Reviewer(s) are required to approve."" is displayed')
def step_then_alert_message_displayed(context):
    assert context.reassign_attempted
    assert context.all_reviewers_required
    context.alert_message = ""Re-assign is not supported as all selected Reviewer(s) are required to approve.""
    assert context.alert_message == ""Re-assign is not supported as all selected Reviewer(s) are required to approve."""
315,"[Ask AI Alpha] As a user, I want the Q&A system not to include any deleted documents ","Gherkin:

Feature: Exclude Deleted Documents from Q&A

Scenario: Ensure deleted documents are not used in answers

Given a document repository with documents
And a document is marked as deleted
When a user asks a question
Then the answer should not include information from the deleted document

Python:

from behave import given, when, then

@given('a document repository with documents')
def step_given_document_repository(context):
    context.documents = {'doc1': 'content1', 'doc2': 'content2'}
    context.deleted_documents = []

@given('a document is marked as deleted')
def step_given_document_marked_deleted(context):
    context.deleted_documents.append('doc1')

@when('a user asks a question')
def step_when_user_asks_question(context):
    context.question = ""What is the content?""
    context.answer = generate_answer(context.question, context.documents, context.deleted_documents)

@then('the answer should not include information from the deleted document')
def step_then_answer_excludes_deleted(context):
    assert 'content1' not in context.answer

def generate_answer(question, documents, deleted_documents):
    available_docs = {k: v for k, v in documents.items() if k not in deleted_documents}
    return "" "".join(available_docs.values())"
316,"[Ask AI Alpha] As a user, I want my newly uploaded documents to be ingested by the Q&A system","Gherkin:

Feature: Document Ingestion for Q&A System

Scenario: Ingest new documents when vector search is enabled

Given the MCP setting ""Enable vector search - text (V3) (development use only)"" is enabled
And a new document is uploaded to the system
When the document ingestion process is triggered
Then the document should be indexed in the Q&A system

Python:

from behave import given, when, then

@given('the MCP setting ""Enable vector search - text (V3) (development use only)"" is enabled')
def step_impl(context):
    context.vector_search_enabled = True

@given('a new document is uploaded to the system')
def step_impl(context):
    context.document_uploaded = True

@when('the document ingestion process is triggered')
def step_impl(context):
    if context.vector_search_enabled and context.document_uploaded:
        context.ingestion_triggered = True

@then('the document should be indexed in the Q&A system')
def step_impl(context):
    assert context.ingestion_triggered is True"
317,"PB - (Misc) As a User, I want to set auto-play as default or not for Video Widgets when viewing a Smart Page","Gherkin:

Feature: Video Widget Auto-Play Setting

Scenario: Set auto-play as default for Video Widgets

Given a Smart Page with a Video Widget
And the auto-play button is unchecked by default
When the user checks the auto-play button
Then the Video Widget should be set to auto-play on viewing

Python:

from behave import given, when, then

@given('a Smart Page with a Video Widget')
def step_given_smart_page_with_video_widget(context):
    context.video_widget = VideoWidget()
    context.smart_page = SmartPage()
    context.smart_page.add_widget(context.video_widget)

@given('the auto-play button is unchecked by default')
def step_given_auto_play_button_unchecked(context):
    assert not context.video_widget.auto_play

@when('the user checks the auto-play button')
def step_when_user_checks_auto_play_button(context):
    context.video_widget.set_auto_play(True)

@then('the Video Widget should be set to auto-play on viewing')
def step_then_video_widget_auto_plays(context):
    assert context.video_widget.auto_play"
318,"[Ask AI Alpha] As a Main Admin user, only I and other Main Admins can use 'Ask AI' in Alpha phase","Gherkin:

Feature: Access Control for AI Assist in Alpha Phase

Scenario: Main Admin user can see AI Assist button

Given the user is logged in as a Main Admin
When the user navigates to the dashboard
Then the user should see the 'AI Assist' button

Python:

from behave import given, when, then

@given('the user is logged in as a Main Admin')
def step_given_user_logged_in_as_main_admin(context):
    context.user_role = 'Main Admin'

@when('the user navigates to the dashboard')
def step_when_user_navigates_to_dashboard(context):
    context.page = 'dashboard'

@then(""the user should see the 'AI Assist' button"")
def step_then_user_should_see_ai_assist_button(context):
    assert context.user_role == 'Main Admin' and context.page == 'dashboard'"
319,[Ask AI Alpha] As a user when button is clicked the 'Ask AI' side panel slides in (overall side panel component),"Gherkin:

Feature: Ask AI Side Panel Interaction

Scenario: Open side panel on button click

Given the user is on a desktop or tablet device
And the 'Ask AI' button is visible
When the user clicks the 'Ask AI' button
Then the side panel slides in from the right side of the screen

Python:

from behave import given, when, then

@given('the user is on a desktop or tablet device')
def step_given_user_on_desktop_or_tablet(context):
    # Code to ensure the user is on a desktop or tablet device
    pass

@given('the \'Ask AI\' button is visible')
def step_given_ask_ai_button_visible(context):
    # Code to check if the 'Ask AI' button is visible
    pass

@when('the user clicks the \'Ask AI\' button')
def step_when_user_clicks_ask_ai_button(context):
    # Code to simulate clicking the 'Ask AI' button
    pass

@then('the side panel slides in from the right side of the screen')
def step_then_side_panel_slides_in(context):
    # Code to verify the side panel slides in from the right
    pass"
320,[Ask AI Alpha] As a user I want to see the 'Ask AI' side panel header and see help tooltip there,"Gherkin:

Feature: Display of 'Ask AI' Side Panel Header and Tooltip

Scenario: User sees 'Ask AI' header and help tooltip in the side panel

Given the user is on the main application page
And the side panel is open
When the user looks at the side panel header
Then the header should display 'Ask AI'
And a help tooltip icon should be next to the header
When the user hovers over the help tooltip icon
Then the tooltip text should display 'Ask AI to summarize an answer from your documents. Enable 'Current view' to narrow your search to your current folder location and search only.'

Python:

from behave import given, when, then

@given('the user is on the main application page')
def step_impl(context):
    pass

@given('the side panel is open')
def step_impl(context):
    pass

@when('the user looks at the side panel header')
def step_impl(context):
    pass

@then('the header should display ""Ask AI""')
def step_impl(context):
    pass

@then('a help tooltip icon should be next to the header')
def step_impl(context):
    pass

@when('the user hovers over the help tooltip icon')
def step_impl(context):
    pass

@then('the tooltip text should display ""Ask AI to summarize an answer from your documents. Enable \'Current view\' to narrow your search to your current folder location and search only.""')
def step_impl(context):
    pass"
321,[Ask AI Alpha] As a user I want to close the 'Ask AI' side panel,"Gherkin:

Feature: Close Ask AI Side Panel

Scenario: User closes the Ask AI side panel

Given the Ask AI side panel is open
And the close icon is visible in the header section
When the user clicks the close icon
Then the Ask AI side panel should be closed

Python:

from behave import given, when, then

@given('the Ask AI side panel is open')
def step_given_side_panel_open(context):
    context.side_panel_open = True

@given('the close icon is visible in the header section')
def step_given_close_icon_visible(context):
    context.close_icon_visible = True

@when('the user clicks the close icon')
def step_when_user_clicks_close_icon(context):
    if context.side_panel_open and context.close_icon_visible:
        context.side_panel_open = False

@then('the Ask AI side panel should be closed')
def step_then_side_panel_closed(context):
    assert not context.side_panel_open, ""The side panel is not closed"""
322,[Ask AI Alpha] As a user I want to enter a question in 'Ask AI' field,"Feature: Ask AI Question Field

Scenario: User enters a question in the Ask AI field

Given the user is on the Ask AI page
And the Ask AI field is displayed under the panel header
When the user sees the placeholder text 'Ask me a question'
And the user enters a question in the Ask AI field
Then the question is accepted by the system

Python:

from behave import given, when, then

@given('the user is on the Ask AI page')
def step_given_user_on_ask_ai_page(context):
    pass

@given('the Ask AI field is displayed under the panel header')
def step_given_ask_ai_field_displayed(context):
    pass

@when(""the user sees the placeholder text 'Ask me a question'"")
def step_when_user_sees_placeholder(context):
    pass

@when('the user enters a question in the Ask AI field')
def step_when_user_enters_question(context):
    pass

@then('the question is accepted by the system')
def step_then_question_accepted(context):
    pass"
323,[Ask AI Alpha] As a user I can click 'Ask' button to trigger search AI (or can click enter),"Gherkin:

Feature: Ask AI Alpha Button Functionality

Scenario: Enable and use the 'Ask' button to trigger search AI

Given the panel is open
And the 'Ask' button is displayed under the question field
And the 'Ask' button is disabled by default
When I enter a question in the question field
And the 'Ask' button becomes enabled
Then the hover text displays 'Click or hit enter to ask your question.'
And I click the 'Ask' button
Then the search AI is triggered

Python:

from behave import given, when, then

@given('the panel is open')
def step_impl(context):
    pass

@given('the ""Ask"" button is displayed under the question field')
def step_impl(context):
    pass

@given('the ""Ask"" button is disabled by default')
def step_impl(context):
    pass

@when('I enter a question in the question field')
def step_impl(context):
    pass

@when('the ""Ask"" button becomes enabled')
def step_impl(context):
    pass

@then('the hover text displays ""Click or hit enter to ask your question.""')
def step_impl(context):
    pass

@when('I click the ""Ask"" button')
def step_impl(context):
    pass

@then('the search AI is triggered')
def step_impl(context):
    pass"
324,[Ask AI Alpha] As a user I want to choose to search whole platform or current location (UI + pendo),"Gherkin:

Feature: Search Functionality

Scenario: Default Search Limitation

Given the search panel is opened
And the ""Limit to current view"" checkbox is visible
When I look at the ""Limit to current view"" checkbox
Then the checkbox should be enabled by default

Python:

from behave import given, when, then

@given('the search panel is opened')
def step_given_search_panel_opened(context):
    pass

@given('the ""Limit to current view"" checkbox is visible')
def step_given_checkbox_visible(context):
    pass

@when('I look at the ""Limit to current view"" checkbox')
def step_when_look_at_checkbox(context):
    pass

@then('the checkbox should be enabled by default')
def step_then_checkbox_enabled(context):
    pass"
325,[Ask AI Alpha] As a user I can tell when results are being loaded,"Gherkin:

Feature: Loading Indicator for AI Answer

Scenario: Display loading wheel while answer is being fetched and built

Given the user has entered a question in the input field
And the 'Ask' button is disabled
When the user submits the question
Then a loading wheel appears on the 'Ask' button
And the loading wheel remains visible while the answer is being fetched and built
And the loading wheel disappears when the answer is fully built

Python:

from behave import given, when, then

@given('the user has entered a question in the input field')
def step_impl(context):
    pass

@given('the ""Ask"" button is disabled')
def step_impl(context):
    pass

@when('the user submits the question')
def step_impl(context):
    pass

@then('a loading wheel appears on the ""Ask"" button')
def step_impl(context):
    pass

@then('the loading wheel remains visible while the answer is being fetched and built')
def step_impl(context):
    pass

@then('the loading wheel disappears when the answer is fully built')
def step_impl(context):
    pass"
326,[Ask AI Alpha] As a user I get informed if there is no answer and advised to update my question to try again,"Gherkin:

Feature: AI Alpha Query Handling

Scenario: Inform user when no answer is available

Given the AI Alpha system is running
And a user submits a query
When the system cannot find an answer
Then the user is informed with a retry message
And the message says ""We are unable to assist with that query at the moment. Try asking something else.""

Python:

from behave import given, when, then

@given('the AI Alpha system is running')
def step_impl(context):
    context.system_running = True

@given('a user submits a query')
def step_impl(context):
    context.query_submitted = True

@when('the system cannot find an answer')
def step_impl(context):
    context.answer_found = False

@then('the user is informed with a retry message')
def step_impl(context):
    assert not context.answer_found

@then('the message says ""We are unable to assist with that query at the moment. Try asking something else.""')
def step_impl(context):
    context.retry_message = ""We are unable to assist with that query at the moment. Try asking something else.""
    assert context.retry_message == ""We are unable to assist with that query at the moment. Try asking something else."""
327,[Ask AI Alpha] As a user I get informed if there is an tech error (generic error handling),"Gherkin:

Feature: Display error message for technical issues

Scenario: Display error message when a technical error occurs

Given the user is using the application
And a technical error occurs
When the application detects the error
Then the user should see the message ""We are having some technical issues. Try again later.""

Python:

from behave import given, when, then

@given('the user is using the application')
def step_given_user_using_application(context):
    pass

@given('a technical error occurs')
def step_given_technical_error_occurs(context):
    context.error_occurred = True

@when('the application detects the error')
def step_when_application_detects_error(context):
    assert context.error_occurred is True

@then('the user should see the message ""We are having some technical issues. Try again later.""')
def step_then_user_sees_error_message(context):
    context.displayed_message = ""We are having some technical issues. Try again later.""
    assert context.displayed_message == ""We are having some technical issues. Try again later."""
328,[Ask AI Alpha] As a user I can see the answer (in scrollable field),"Gherkin:

Feature: Display Answer in Scrollable Field

Scenario: Display answer under search bar and make it scrollable

Given the user has entered a query in the search bar
And the system has generated an answer
When the answer is displayed
Then the answer field appears under the search bar
And the answer field expands as the answer is built
And the answer field becomes scrollable when a fixed height is reached

Python:

from behave import given, when, then

@given('the user has entered a query in the search bar')
def step_impl(context):
    pass

@given('the system has generated an answer')
def step_impl(context):
    pass

@when('the answer is displayed')
def step_impl(context):
    pass

@then('the answer field appears under the search bar')
def step_impl(context):
    pass

@then('the answer field expands as the answer is built')
def step_impl(context):
    pass

@then('the answer field becomes scrollable when a fixed height is reached')
def step_impl(context):
    pass"
329,[Ask AI Alpha] As a user I can see the Sources listed below the answer and click to open in new tab,"Gherkin:

Feature: Display Sources for AI Answers

Scenario: User sees and interacts with Sources after receiving an answer

Given the user has submitted a question to AI Alpha
And the AI has returned an answer
When the answer is displayed to the user
Then the Sources section is shown below the answer
And the user can click a source to open it in a new tab

Python:

from behave import given, when, then

@given('the user has submitted a question to AI Alpha')
def step_given_user_submitted_question(context):
    pass

@given('the AI has returned an answer')
def step_given_ai_returned_answer(context):
    pass

@when('the answer is displayed to the user')
def step_when_answer_displayed(context):
    pass

@then('the Sources section is shown below the answer')
def step_then_sources_shown(context):
    pass

@then('the user can click a source to open it in a new tab')
def step_then_user_can_click_source(context):
    pass"
330,[Ask AI Alpha] As a user I want to copy the answer to my clipboard,"Gherkin:

Feature: Copy Answer to Clipboard

Scenario: User copies the answer to the clipboard

Given the answer is complete
And the copy icon is visible in the Answer field
When the user hovers over the copy icon
And the user clicks the copy icon
Then a success snackbar confirms ""Copied to clipboard""

Python:

from behave import given, when, then

@given('the answer is complete')
def step_given_answer_is_complete(context):
    pass

@given('the copy icon is visible in the Answer field')
def step_given_copy_icon_visible(context):
    pass

@when('the user hovers over the copy icon')
def step_when_user_hovers_over_icon(context):
    pass

@when('the user clicks the copy icon')
def step_when_user_clicks_icon(context):
    pass

@then('a success snackbar confirms ""Copied to clipboard""')
def step_then_success_snackbar(context):
    pass"
331,[Ask AI Alpha] As a user I can clear my search to enter another (or cancel current search),"Gherkin:

Feature: Clear Search Functionality

Scenario: User clears the search field

Given the Question field is populated with data
And the 'x' is displayed at the end of the Question field
When the user clicks the 'x'
Then the Question field is cleared
And the 'x' is no longer displayed

Python:

from behave import given, when, then

@given('the Question field is populated with data')
def step_given_question_field_populated(context):
    context.question_field = ""Some data""

@given('the \'x\' is displayed at the end of the Question field')
def step_given_x_displayed(context):
    context.x_displayed = True

@when('the user clicks the \'x\'')
def step_when_user_clicks_x(context):
    context.question_field = """"
    context.x_displayed = False

@then('the Question field is cleared')
def step_then_question_field_cleared(context):
    assert context.question_field == """"

@then('the \'x\' is no longer displayed')
def step_then_x_no_longer_displayed(context):
    assert not context.x_displayed"
332,[Ask AI Alpha] As a user I want to see/click on the 'Ask AI' button in Resources,"Gherkin:

Feature: Display AI Assist Button in Resources

Scenario: User sees and clicks the AI Assist button

Given the ""Enable vector search - text (V3) (development use only)"" is enabled in MCP
And the user is on the Resources page
When the page is fully loaded
Then the ""AI Assist"" button is displayed to the right of the Search bar
And the user clicks the ""AI Assist"" button

Python:

from behave import given, when, then

@given('the ""Enable vector search - text (V3) (development use only)"" is enabled in MCP')
def step_impl(context):
    # Code to ensure the feature is enabled in MCP
    pass

@given('the user is on the Resources page')
def step_impl(context):
    # Code to navigate to the Resources page
    pass

@when('the page is fully loaded')
def step_impl(context):
    # Code to ensure the page is fully loaded
    pass

@then('the ""AI Assist"" button is displayed to the right of the Search bar')
def step_impl(context):
    # Code to verify the AI Assist button is displayed
    pass

@then('the user clicks the ""AI Assist"" button')
def step_impl(context):
    # Code to simulate clicking the AI Assist button
    pass"
333,"BP - (Misc) As a User, I want to Replace resources via Resource Lookup from Nav Panel","Gherkin:

Feature: Resource Replacement via Resource Lookup

Scenario: Replace a resource using the Resource Lookup from the Nav Panel

Given the user is on the Page Builder
And a resource is selected successfully
When the user clicks on the ""Replace"" button in the Nav Panel
And selects another resource via Resource Lookup
Then the new resource should be displayed in the Page Builder

Python:

from behave import given, when, then

@given('the user is on the Page Builder')
def step_given_user_on_page_builder(context):
    pass

@given('a resource is selected successfully')
def step_given_resource_selected(context):
    pass

@when('the user clicks on the ""Replace"" button in the Nav Panel')
def step_when_user_clicks_replace(context):
    pass

@when('selects another resource via Resource Lookup')
def step_when_user_selects_new_resource(context):
    pass

@then('the new resource should be displayed in the Page Builder')
def step_then_new_resource_displayed(context):
    pass"
334,"PB - [1/4] As an Internal User, I want to have MCP(development use only) settings to enable/disable features per Epic for Drag & Drop Page MVP ","Gherkin:

Feature: Manage MCP Settings for Drag & Drop Page MVP

Scenario: Enable Smart Pages - Page Templates setting

Given I am an Internal User
And I have access to the Development Use only settings
When I navigate to the MCP settings
And I enable the ""Smart Pages - Page Templates (development use only)"" setting
Then the setting should be enabled successfully

Python:

from behave import given, when, then

@given('I am an Internal User')
def step_impl(context):
    pass

@given('I have access to the Development Use only settings')
def step_impl(context):
    pass

@when('I navigate to the MCP settings')
def step_impl(context):
    pass

@when('I enable the ""Smart Pages - Page Templates (development use only)"" setting')
def step_impl(context):
    pass

@then('the setting should be enabled successfully')
def step_impl(context):
    pass"
335,"PB - As a User, I want to create a Drag & Drop Page (as a standalone Page) from Nav","Gherkin:

Feature: Drag & Drop Page Creation

Scenario: Create a Drag & Drop Page from Navigation

Given the user is on the Page Builder under 'All Pages'
And the user sees the creation button at the bottom
When the user clicks the creation button
Then a new Drag & Drop Page is created and displayed

Python:

from behave import given, when, then

@given('the user is on the Page Builder under \'All Pages\'')
def step_impl(context):
    # Code to navigate to the Page Builder under 'All Pages'
    pass

@given('the user sees the creation button at the bottom')
def step_impl(context):
    # Code to verify the presence of the creation button
    pass

@when('the user clicks the creation button')
def step_impl(context):
    # Code to simulate clicking the creation button
    pass

@then('a new Drag & Drop Page is created and displayed')
def step_impl(context):
    # Code to verify that a new Drag & Drop Page is created and displayed
    pass"
336,"PB - As a User, I want to see a Smart Page  template popup after click on V2 create","Feature: Smart Page Template Popup

Scenario: Display Smart Page Template after V2 create

Given the user is on the V3 Page Builder
And the user sees the V2 Page creation popup
When the user clicks on Smart Page
Then the Smart Page Template popup should be displayed

Python:

from behave import given, when, then

@given('the user is on the V3 Page Builder')
def step_given_user_on_v3_page_builder(context):
    pass

@given('the user sees the V2 Page creation popup')
def step_given_user_sees_v2_page_creation_popup(context):
    pass

@when('the user clicks on Smart Page')
def step_when_user_clicks_on_smart_page(context):
    pass

@then('the Smart Page Template popup should be displayed')
def step_then_smart_page_template_popup_displayed(context):
    pass"
337,"PB - As a User, I want to create an empty  Smart Page from the template popup","Gherkin:

Feature: Create an Empty Smart Page from Template

Scenario: User selects the blank template to create a Smart Page

Given the user is on the template selection popup
And the ""Start with a blank template"" button is visible
When the user clicks on the ""Start with a blank template"" button
Then the button shows a selected effect
And an empty Smart Page is created

Python:

from behave import given, when, then

@given('the user is on the template selection popup')
def step_given_user_on_template_popup(context):
    pass

@given('the ""Start with a blank template"" button is visible')
def step_given_button_visible(context):
    pass

@when('the user clicks on the ""Start with a blank template"" button')
def step_when_user_clicks_button(context):
    pass

@then('the button shows a selected effect')
def step_then_button_selected_effect(context):
    pass

@then('an empty Smart Page is created')
def step_then_empty_smart_page_created(context):
    pass"
338,"PB - As a User, I want to select a Template from Template popup","Gherkin:

Feature: Template Selection from Popup

Scenario: User selects a template from the popup

Given the template popup is displayed
And multiple templates are visible
When the user hovers over a template
Then the template should have a dotted border line
When the user clicks on a template
Then the template should be marked as selected

Python:

from behave import given, when, then

@given('the template popup is displayed')
def step_given_template_popup_displayed(context):
    pass

@given('multiple templates are visible')
def step_given_multiple_templates_visible(context):
    pass

@when('the user hovers over a template')
def step_when_user_hovers_over_template(context):
    pass

@then('the template should have a dotted border line')
def step_then_template_dotted_border(context):
    pass

@when('the user clicks on a template')
def step_when_user_clicks_on_template(context):
    pass

@then('the template should be marked as selected')
def step_then_template_marked_selected(context):
    pass"
339,"PB - As a User, I want to see previews of Page templates as in thumbnails","Feature: Preview Page Templates

Scenario: View thumbnails of page templates in a popup

Given the user is on the page template selection screen
And the popup for page templates is open
When the user views the popup
Then the user should see thumbnails of pre-defined page templates

Python:

from behave import given, when, then

@given('the user is on the page template selection screen')
def step_given_user_on_template_selection_screen(context):
    pass

@given('the popup for page templates is open')
def step_given_popup_for_page_templates_is_open(context):
    pass

@when('the user views the popup')
def step_when_user_views_popup(context):
    pass

@then('the user should see thumbnails of pre-defined page templates')
def step_then_user_sees_thumbnails(context):
    pass"
340,"PB - As a User, I want to edit and save a Smart Page with template after it's loaded","Gherkin:

Feature: Edit and Save Smart Page with Template

Scenario: User edits and saves a Smart Page after loading a template

Given a Smart Page is loaded with a template
And the user is on the Smart Page editor
When the user edits the Smart Page content
And the user saves the Smart Page
Then the Smart Page is saved successfully

Python:

from behave import given, when, then

@given('a Smart Page is loaded with a template')
def step_given_smart_page_loaded(context):
    # Code to load a Smart Page with a template
    pass

@given('the user is on the Smart Page editor')
def step_given_user_on_editor(context):
    # Code to ensure the user is on the editor
    pass

@when('the user edits the Smart Page content')
def step_when_user_edits_content(context):
    # Code to simulate editing the Smart Page
    pass

@when('the user saves the Smart Page')
def step_when_user_saves_page(context):
    # Code to save the Smart Page
    pass

@then('the Smart Page is saved successfully')
def step_then_page_saved_successfully(context):
    # Code to verify the Smart Page is saved
    pass"
341,"PB - As a User, I want to apply/load a selected Smart Page template in Page Builder","Gherkin:

Feature: Load Smart Page Template in Page Builder

Scenario: User applies a selected Smart Page template

Given the user is on the template selection page
And the templates are displayed as thumbnails
When the user clicks on a template
Then the user is redirected to the Page Builder
And an empty Smart Page is loaded

Python:

from behave import given, when, then

@given('the user is on the template selection page')
def step_given_user_on_template_selection_page(context):
    pass

@given('the templates are displayed as thumbnails')
def step_given_templates_displayed_as_thumbnails(context):
    pass

@when('the user clicks on a template')
def step_when_user_clicks_on_template(context):
    pass

@then('the user is redirected to the Page Builder')
def step_then_user_redirected_to_page_builder(context):
    pass

@then('an empty Smart Page is loaded')
def step_then_empty_smart_page_loaded(context):
    pass"
342,"BP - (Misc) As a User, I want to see the Page Tree remain the same while switching Pages from Nav Panel","Gherkin:

Feature: Page Tree Consistency

Scenario: Maintain Page Tree while switching pages

Given the user is viewing a page with the Page Tree expanded
And the parent page is expanded with sub-pages displayed
When the user switches to another page from the Nav Panel
Then the Page Tree remains the same

Python:

from behave import given, when, then

@given('the user is viewing a page with the Page Tree expanded')
def step_impl(context):
    pass

@given('the parent page is expanded with sub-pages displayed')
def step_impl(context):
    pass

@when('the user switches to another page from the Nav Panel')
def step_impl(context):
    pass

@then('the Page Tree remains the same')
def step_impl(context):
    pass"
343,"As a User, I want to see unsuccessfully added Markup Comments","Gherkin:

Feature: Display Unsuccessful Markup Comments

Scenario: View Unsuccessful Markup Comments

Given a user is logged into the system
And there are markup comments that failed to add
When the user navigates to the comments section
Then the user should see a list of unsuccessfully added markup comments

Python:

from behave import given, when, then

@given('a user is logged into the system')
def step_impl(context):
    pass

@given('there are markup comments that failed to add')
def step_impl(context):
    pass

@when('the user navigates to the comments section')
def step_impl(context):
    pass

@then('the user should see a list of unsuccessfully added markup comments')
def step_impl(context):
    pass"
344,"PB - As a User, I want to create a D&D Page by copying another D&D Page's content","Gherkin:

Feature: Copy D&D Page

Scenario: Successfully copy a D&D Page

Given a user is on the Page Builder
And the user sees a list of pages under 'All Pages'
And the user selects a standalone page to copy
When the user clicks on the ""Copy"" action button
Then a new standalone page is created below the original page
And the new page is populated with the copied page content
And the new page appears under the specific Page Category

Python:

from behave import given, when, then

@given('a user is on the Page Builder')
def step_impl(context):
    pass

@given('the user sees a list of pages under ""All Pages""')
def step_impl(context):
    pass

@given('the user selects a standalone page to copy')
def step_impl(context):
    pass

@when('the user clicks on the ""Copy"" action button')
def step_impl(context):
    pass

@then('a new standalone page is created below the original page')
def step_impl(context):
    pass

@then('the new page is populated with the copied page content')
def step_impl(context):
    pass

@then('the new page appears under the specific Page Category')
def step_impl(context):
    pass"
345,"PB - (Misc) As a User, I want to further have an option to hide / unhide the download button for Images / Video","Feature: Toggle visibility of download button for media widgets

Scenario: User hides the download button for an image widget

Given a page with an image widget
And the download button is visible by default
When the user clicks the hide button for the download option
Then the download button should be hidden

Python:

from behave import given, when, then

@given('a page with an image widget')
def step_given_page_with_image_widget(context):
    context.page = Page()
    context.page.add_image_widget()

@given('the download button is visible by default')
def step_given_download_button_visible(context):
    assert context.page.image_widget.download_button.is_visible() is True

@when('the user clicks the hide button for the download option')
def step_when_user_clicks_hide_button(context):
    context.page.image_widget.toggle_download_button_visibility()

@then('the download button should be hidden')
def step_then_download_button_hidden(context):
    assert context.page.image_widget.download_button.is_visible() is False"
346,"PB - As a User, I want to configure both Block and Colour Palette Widget properties","Feature: Configure Widget Properties

Scenario: Configure Colour Palette and Block settings

Given the user is on the widget configuration page
And the Colour Palette widget is available
When the user selects the Colour Palette widget
And the user configures the Colour setting
Then the new Colour setting should be saved successfully

Python:

from behave import given, when, then

@given('the user is on the widget configuration page')
def step_impl(context):
    pass

@given('the Colour Palette widget is available')
def step_impl(context):
    pass

@when('the user selects the Colour Palette widget')
def step_impl(context):
    pass

@when('the user configures the Colour setting')
def step_impl(context):
    pass

@then('the new Colour setting should be saved successfully')
def step_impl(context):
    pass"
347,"PB - As a User, I want to add Widgets directly to a Section","Feature: Add Widgets to Section in Page Builder

Scenario: User drags a Widget from Nav to Section in Create/Edit mode

Given the user is in Create/Edit mode in Page Builder
And the user sees the Nav with available Widgets
And the user sees the Section where Widgets can be added
When the user drags a Widget from Nav to the Section
Then the Widget is added to the Section

Python:

from behave import given, when, then

@given('the user is in Create/Edit mode in Page Builder')
def step_impl(context):
    pass

@given('the user sees the Nav with available Widgets')
def step_impl(context):
    pass

@given('the user sees the Section where Widgets can be added')
def step_impl(context):
    pass

@when('the user drags a Widget from Nav to the Section')
def step_impl(context):
    pass

@then('the Widget is added to the Section')
def step_impl(context):
    pass"
348,"PB - As a User, I want to add a new Widget ""Spacer""","Feature: Add a new Widget ""Spacer"" to a Section

Scenario: User adds a Spacer widget from the navigation

Given the user is on the dashboard page
And the navigation menu is visible
When the user selects the ""Spacer"" widget from the navigation
And drags the ""Spacer"" widget to a section
Then the ""Spacer"" widget should be added to the section

Python:

from behave import given, when, then

@given('the user is on the dashboard page')
def step_impl(context):
    pass

@given('the navigation menu is visible')
def step_impl(context):
    pass

@when('the user selects the ""Spacer"" widget from the navigation')
def step_impl(context):
    pass

@when('drags the ""Spacer"" widget to a section')
def step_impl(context):
    pass

@then('the ""Spacer"" widget should be added to the section')
def step_impl(context):
    pass"
349,"PB - As a User, I want to delete a Widget with the underlying Block","Feature: Delete Widget with Underlying Block

Scenario: Successfully delete a Widget and its underlying Block

Given a Widget with an underlying Block exists
And the user is on the Widget management page
When the user deletes the Widget
Then the underlying Block is also deleted
And the user can undo the deletion
And the user can redo the deletion
And the unsaved changes trigger is activated

Python:

from behave import given, when, then

@given('a Widget with an underlying Block exists')
def step_given_widget_with_block_exists(context):
    # Code to ensure a Widget with a Block exists
    pass

@given('the user is on the Widget management page')
def step_given_user_on_widget_management_page(context):
    # Code to navigate to the Widget management page
    pass

@when('the user deletes the Widget')
def step_when_user_deletes_widget(context):
    # Code to delete the Widget
    pass

@then('the underlying Block is also deleted')
def step_then_block_is_deleted(context):
    # Code to verify the Block is deleted
    pass

@then('the user can undo the deletion')
def step_then_user_can_undo_deletion(context):
    # Code to verify undo functionality
    pass

@then('the user can redo the deletion')
def step_then_user_can_redo_deletion(context):
    # Code to verify redo functionality
    pass

@then('the unsaved changes trigger is activated')
def step_then_unsaved_changes_trigger(context):
    # Code to verify unsaved changes trigger
    pass"
350,"PB - As a User, I want to have Text Box Widget toolbar as a whole for the combo of Block & Widget","Gherkin:

Feature: Text Box Widget Toolbar Integration

Scenario: Highlight bounding box for Text Box Widget and Block

Given a user has selected a Text Box Widget
And the Block is selected as a whole
When the user views the toolbar
Then the bounding box is highlighted
And the toolbar shows an Up arrow

Python:

from behave import given, when, then

@given('a user has selected a Text Box Widget')
def step_given_user_selected_text_box_widget(context):
    pass

@given('the Block is selected as a whole')
def step_given_block_selected_as_whole(context):
    pass

@when('the user views the toolbar')
def step_when_user_views_toolbar(context):
    pass

@then('the bounding box is highlighted')
def step_then_bounding_box_highlighted(context):
    pass

@then('the toolbar shows an Up arrow')
def step_then_toolbar_shows_up_arrow(context):
    pass"
351,"PB - As a User, I want to only select & see the combo of Widget and Block (bounding box experience) in Page Builder","Feature: Widget and Block Selection in Page Builder

Scenario: Select and highlight Widget and Block as a whole

Given the user is on the Page Builder
And a Widget and Block are present on the page
When the user selects the Widget and Block
Then the bounding box around the Widget and Block is highlighted
And the user can navigate up to the Section

Python:

from behave import given, when, then

@given('the user is on the Page Builder')
def step_impl(context):
    pass

@given('a Widget and Block are present on the page')
def step_impl(context):
    pass

@when('the user selects the Widget and Block')
def step_impl(context):
    pass

@then('the bounding box around the Widget and Block is highlighted')
def step_impl(context):
    pass

@then('the user can navigate up to the Section')
def step_impl(context):
    pass"
352,"PB - As a User, I want to undo & redo actions for the combo of Widget & Block","Feature: Undo and Redo Actions for Widget and Block

Scenario: Undo adding a Widget with Block to the Page

Given a Page with no Widgets
And a Widget with Block is added to the Page
When the user performs an undo action
Then the Page should have no Widgets

Python:

from behave import given, when, then

@given('a Page with no Widgets')
def step_given_page_with_no_widgets(context):
    context.page = Page()
    assert len(context.page.widgets) == 0

@given('a Widget with Block is added to the Page')
def step_given_widget_with_block_added(context):
    widget = Widget(block=Block())
    context.page.add_widget(widget)
    context.widget = widget
    assert len(context.page.widgets) == 1

@when('the user performs an undo action')
def step_when_user_performs_undo(context):
    context.page.undo()
    assert len(context.page.widgets) == 0

@then('the Page should have no Widgets')
def step_then_page_should_have_no_widgets(context):
    assert len(context.page.widgets) == 0"
353,"PB - As a User, I want to see a new landing page","Feature: New Landing Page Display

Scenario: User views the landing page with empty sections

Given the user is on the landing page
When the landing page loads
Then the user should see empty sections
And no blocks should be visible

Python:

from behave import given, when, then

@given('the user is on the landing page')
def step_given_user_on_landing_page(context):
    context.browser.get('http://example.com/landing')

@when('the landing page loads')
def step_when_landing_page_loads(context):
    assert context.browser.title == ""Landing Page""

@then('the user should see empty sections')
def step_then_user_sees_empty_sections(context):
    sections = context.browser.find_elements_by_class_name('section')
    assert all(section.text == '' for section in sections)

@then('no blocks should be visible')
def step_then_no_blocks_visible(context):
    blocks = context.browser.find_elements_by_class_name('block')
    assert len(blocks) == 0"
354,[QW 1/5] Requester Re-assign: MCP Setting for new updates,"Gherkin:

Feature: Manage MCP Development Settings

Scenario: Add Requester Reassign Setting to Approvals List

Given the MCP is accessed
And the user navigates to the 'Development Use Only' section
When the user adds the 'Requester Reassign' setting to the Approvals List
Then the 'Requester Reassign' setting should be listed under Approvals options

Python:

from behave import given, when, then

@given('the MCP is accessed')
def step_given_mcp_accessed(context):
    pass

@given('the user navigates to the ""Development Use Only"" section')
def step_given_navigate_development_section(context):
    pass

@when('the user adds the ""Requester Reassign"" setting to the Approvals List')
def step_when_add_requester_reassign_setting(context):
    pass

@then('the ""Requester Reassign"" setting should be listed under Approvals options')
def step_then_verify_requester_reassign_setting(context):
    pass"
355,"PB - As a User, I want to report Resource Download (Preview) action in Usage Reporting for Custom Page Module","Feature: Report Resource Download Action in Usage Reporting

Scenario: Track Smart Page and User's Usage Reporting for Preview Resource Download

Given a user is on the Custom Page Module
And the user has access to the Smart Page
When the user downloads a resource of type ""Preview""
Then the action is reported in the Smart Page usage reporting
And the action is reported in the User's usage reporting

Python:

from behave import given, when, then

@given('a user is on the Custom Page Module')
def step_given_user_on_custom_page(context):
    pass

@given('the user has access to the Smart Page')
def step_given_user_access_smart_page(context):
    pass

@when('the user downloads a resource of type ""Preview""')
def step_when_user_downloads_preview_resource(context):
    pass

@then('the action is reported in the Smart Page usage reporting')
def step_then_action_reported_smart_page(context):
    pass

@then('the action is reported in the User\'s usage reporting')
def step_then_action_reported_user_usage(context):
    pass"
356,"PB - As a User, I want to report on Resource downloaded (Preview) separately than added in Smart Page for Resource Module (Usage)","Gherkin:

Feature: Resource Usage Reporting

Scenario: Report Resource Download Action in Smart Pages

Given a previously uploaded Resource of ""Good"" quality exists
And the User is on the Smart Page with Resource Lookup
When the User downloads the Resource
Then the Resource download action is tracked in the usage report

Python:

from behave import given, when, then

@given('a previously uploaded Resource of ""Good"" quality exists')
def step_given_resource_exists(context):
    pass

@given('the User is on the Smart Page with Resource Lookup')
def step_given_user_on_smart_page(context):
    pass

@when('the User downloads the Resource')
def step_when_user_downloads_resource(context):
    pass

@then('the Resource download action is tracked in the usage report')
def step_then_resource_download_tracked(context):
    pass"
357,"Related (V3) - Permission Handling, Updates, and other core existing logic (F.E.) - [1 of 4: Resource Permissions]","Gherkin:

Feature: Resource Permissions Management

Scenario: Update Permission Logic for V3 Related Functionality

Given a user with V3 Related functionality enabled
And the user has existing permissions set
When the user attempts to access a resource
And the permission logic is updated to restore original intent
Then the user should have the correct access based on updated permissions

Python:

from behave import given, when, then

@given('a user with V3 Related functionality enabled')
def step_given_user_with_v3_related_functionality(context):
    context.user = {'v3_related_enabled': True}

@given('the user has existing permissions set')
def step_given_user_has_existing_permissions(context):
    context.user['permissions'] = {'access_level': 'basic'}

@when('the user attempts to access a resource')
def step_when_user_attempts_access_resource(context):
    context.resource_access_attempted = True

@when('the permission logic is updated to restore original intent')
def step_when_permission_logic_updated(context):
    context.user['permissions']['access_level'] = 'restored'

@then('the user should have the correct access based on updated permissions')
def step_then_user_has_correct_access(context):
    assert context.user['permissions']['access_level'] == 'restored'"
358,Related (V3) - As a user I want to open View Related Items for Folder/Record/Databases (New Page ticket). [Design Ticket #3],"Feature: View Related Items for Non-Resource Items

Scenario: Open View Related page for a Folder

Given a user is on the main page
And the user has a Folder named ""Project Docs""
When the user selects the Action or Icon for the Folder
Then the View Related page opens
And the title of the page is ""Related - Project Docs""

Python:

from behave import given, when, then

@given('a user is on the main page')
def step_given_user_on_main_page(context):
    pass

@given('the user has a Folder named ""{folder_name}""')
def step_given_user_has_folder(context, folder_name):
    context.folder_name = folder_name

@when('the user selects the Action or Icon for the Folder')
def step_when_user_selects_action_icon(context):
    pass

@then('the View Related page opens')
def step_then_view_related_page_opens(context):
    pass

@then('the title of the page is ""Related - {folder_name}""')
def step_then_title_of_page_is(context, folder_name):
    assert context.folder_name == folder_name"
359,Related (V3) - As a user I want to open View Related Items for Resources (in existing Info Page). [Design Ticket #2],"Gherkin:

Feature: View Related Items for Resources

Scenario: Open View Related tab in Info Preview for a Resource

Given the user is on the Info Page of a Resource
And the Info Preview is open
When the user selects the 'View Related' tab
Then the 'View Related' tab is displayed in the Info Preview
And the 'x' icon and other elements behave consistently

Python:

from behave import given, when, then

@given('the user is on the Info Page of a Resource')
def step_given_user_on_info_page(context):
    pass

@given('the Info Preview is open')
def step_given_info_preview_open(context):
    pass

@when('the user selects the ""View Related"" tab')
def step_when_user_selects_view_related_tab(context):
    pass

@then('the ""View Related"" tab is displayed in the Info Preview')
def step_then_view_related_tab_displayed(context):
    pass

@then('the ""x"" icon and other elements behave consistently')
def step_then_elements_behave_consistently(context):
    pass"
360,"Related (V3) -  As a user I want to ""Add Related Items"" (Core New Overlay) [Design Ticket #1A: Overall Page UI + Resource Tab]","Gherkin:

Feature: Add Related Items Overlay

Scenario: Open Add Related Items Overlay

Given the user is on the 'View' related pages
And the 'Add items' option is available
When the user selects 'Add items'
Then the 'Add Related Items: {{itemname}}' overlay should open

Python:

from behave import given, when, then

@given('the user is on the \'View\' related pages')
def step_given_user_on_view_related_pages(context):
    pass

@given('the \'Add items\' option is available')
def step_given_add_items_option_available(context):
    pass

@when('the user selects \'Add items\'')
def step_when_user_selects_add_items(context):
    pass

@then('the \'Add Related Items: {{itemname}}\' overlay should open')
def step_then_add_related_items_overlay_opens(context):
    pass"
361,Related (V3) - Development MCP Setting,"Gherkin:

Feature: Development MCP Setting Management

Scenario: Add new setting under Development Use Only section

Given the user is on the MCP Settings page
And the Development Use Only section is visible
When the user adds a new setting
Then the new setting should be displayed under the Development Use Only section

Python:

from behave import given, when, then

@given('the user is on the MCP Settings page')
def step_impl(context):
    pass

@given('the Development Use Only section is visible')
def step_impl(context):
    pass

@when('the user adds a new setting')
def step_impl(context):
    pass

@then('the new setting should be displayed under the Development Use Only section')
def step_impl(context):
    pass"
362,"Rename ""Simple"" Page to ""Smart"" Page","Gherkin:

Feature: Rename Simple Page to Smart Page

Scenario: Update page name in V2 Index List

Given the user is on the V2 Index List page
And the user sees the ""Add a Page"" option
When the user selects the ""Add a Page"" option
And the page name is displayed as ""Simple Page""
Then the page name should be updated to ""Smart Page""

Python:

from behave import given, when, then

@given('the user is on the V2 Index List page')
def step_given_user_on_v2_index_list_page(context):
    pass

@given('the user sees the ""Add a Page"" option')
def step_given_user_sees_add_page_option(context):
    pass

@when('the user selects the ""Add a Page"" option')
def step_when_user_selects_add_page_option(context):
    pass

@when('the page name is displayed as ""Simple Page""')
def step_when_page_name_displayed_as_simple(context):
    pass

@then('the page name should be updated to ""Smart Page""')
def step_then_page_name_updated_to_smart(context):
    pass"
363,"PB - (FE components) As a User, I want to move a sub page to become a standalone Simple Page (Parent)","Gherkin:

Feature: Move Sub-Page to Standalone Page

Scenario: Successfully move a sub-page to become a standalone page

Given the user is in editing mode in Page Builder
And the user sees the sub-page in the Navigation Panel
When the user drags the sub-page out of its parent
And drops it to become a standalone page
Then the sub-page should appear as a standalone page in the Navigation Panel
And the page list order should be updated

Python:

from behave import given, when, then

@given('the user is in editing mode in Page Builder')
def step_impl(context):
    pass

@given('the user sees the sub-page in the Navigation Panel')
def step_impl(context):
    pass

@when('the user drags the sub-page out of its parent')
def step_impl(context):
    pass

@when('drops it to become a standalone page')
def step_impl(context):
    pass

@then('the sub-page should appear as a standalone page in the Navigation Panel')
def step_impl(context):
    pass

@then('the page list order should be updated')
def step_impl(context):
    pass"
364,Guest Upload MVP: Send success / confirmation email receipt to public user ,"Gherkin:

Feature: Send Confirmation Email on Successful Record Submission

Scenario: User receives a success email after submitting a public record

Given a user is authenticated with an email address
And the user has successfully submitted a public record
When the system processes the submission
Then a success email is sent to the user's email address

Python:

from behave import given, when, then

@given('a user is authenticated with an email address')
def step_given_user_authenticated(context):
    context.user_email = ""user@example.com""

@given('the user has successfully submitted a public record')
def step_given_successful_submission(context):
    context.submission_status = ""success""

@when('the system processes the submission')
def step_when_system_processes_submission(context):
    assert context.submission_status == ""success""

@then('a success email is sent to the user\'s email address')
def step_then_success_email_sent(context):
    assert send_success_email(context.user_email) == True

def send_success_email(email):
    # Simulate sending email
    return True"
365,Guest Upload MVP: Skip/Bypass Record Workflow handling for Public User/First Stage of Database,"Feature: Bypass Workflow for Public User Upload

Scenario: Public user uploads a record without workflow

Given a public user accesses the upload page
And a workflow is enabled for the database
When the public user uploads a record
Then the record is uploaded without triggering the workflow

Python:

from behave import given, when, then

@given('a public user accesses the upload page')
def step_given_public_user_accesses_upload_page(context):
    pass

@given('a workflow is enabled for the database')
def step_given_workflow_enabled_for_database(context):
    pass

@when('the public user uploads a record')
def step_when_public_user_uploads_record(context):
    pass

@then('the record is uploaded without triggering the workflow')
def step_then_record_uploaded_without_workflow(context):
    pass"
366,Guest Upload MVP: Updated success message,"Gherkin:

Feature: Guest Upload Success Message

Scenario: Display updated success message after record submission

Given a guest user has submitted a record
And the submission is successful
When the success page is displayed
Then a new tick icon is shown
And the main text is 'Your Record has been submitted'

Python:

from behave import given, when, then

@given('a guest user has submitted a record')
def step_given_guest_user_submitted_record(context):
    pass

@given('the submission is successful')
def step_given_submission_successful(context):
    pass

@when('the success page is displayed')
def step_when_success_page_displayed(context):
    pass

@then('a new tick icon is shown')
def step_then_new_tick_icon_shown(context):
    pass

@then(""the main text is 'Your Record has been submitted'"")
def step_then_main_text_displayed(context):
    pass"
367,"Grouped Email Updates [existing designs]: Same Template Cross Folder Handling (different reviewers for different folders, but same template)","Gherkin:

Feature: Cross Folder Bulk Edit with Same Workflow Template

Scenario: Handle Different Reviewers for Same Template Across Folders

Given resources from different folders are selected for bulk edit
And these folders use workflows from the same Workflow Template
And reviewers are configured differently per folder
When the bulk edit is initiated
Then the system should apply the same template
And notify the correct reviewers for each folder

Python:

from behave import given, when, then

@given('resources from different folders are selected for bulk edit')
def step_given_resources_selected(context):
    pass

@given('these folders use workflows from the same Workflow Template')
def step_given_same_workflow_template(context):
    pass

@given('reviewers are configured differently per folder')
def step_given_different_reviewers(context):
    pass

@when('the bulk edit is initiated')
def step_when_bulk_edit_initiated(context):
    pass

@then('the system should apply the same template')
def step_then_apply_same_template(context):
    pass

@then('notify the correct reviewers for each folder')
def step_then_notify_correct_reviewers(context):
    pass"
368,Grouped Notifications: Record File/Resource Publish - Add options for users to continue to receive individual emails as well as Grouped ones (Core use case),"Gherkin:

Feature: Grouped and Individual Notifications for File/Resource Publish

Scenario: User selects grouped notifications with individual emails

Given the user has selected the Record File workflow template
And the Enable Grouped Requests option is selected
And User Notifications is set to Select
When the user publishes a resource
Then the user should receive a grouped notification
And the user should receive an individual email

Python:

from behave import given, when, then

@given('the user has selected the Record File workflow template')
def step_impl(context):
    pass

@given('the Enable Grouped Requests option is selected')
def step_impl(context):
    pass

@given('User Notifications is set to Select')
def step_impl(context):
    pass

@when('the user publishes a resource')
def step_impl(context):
    pass

@then('the user should receive a grouped notification')
def step_impl(context):
    pass

@then('the user should receive an individual email')
def step_impl(context):
    pass"
369,[X-Template] Bulk Approvals - Select logic: Admin Level Setting for Cross-Template Handling (setting - logic in 41483),"Gherkin:

Feature: Bulk Approvals for Cross-Template Handling

Scenario: Admin selects multiple templates for bulk approval

Given the admin is on the Approval List page
And multiple templates have ""Enable Bulk Reviewing"" enabled
When the admin selects one request from the Approval List
Then all requests from enabled templates are selected for bulk approval

Python:

from behave import given, when, then

@given('the admin is on the Approval List page')
def step_impl(context):
    pass

@given('multiple templates have ""Enable Bulk Reviewing"" enabled')
def step_impl(context):
    pass

@when('the admin selects one request from the Approval List')
def step_impl(context):
    pass

@then('all requests from enabled templates are selected for bulk approval')
def step_impl(context):
    pass"
370,Grouped Resource Publish/Record File - Future Stage Handling for Reviewer Grouped Request Email consolidation,"Gherkin:

Feature: Grouped Resource Publish/Record File Future Stage Handling

Scenario: Handle Staged Templates for Reviewer Grouped Request Email

Given an admin is on the Template UI
And a Record File or Resource Publish Workflow is selected as Staged
When the admin saves the template
Then the system should consolidate the Reviewer Grouped Request Email

Python:

from behave import given, when, then

@given('an admin is on the Template UI')
def step_given_admin_on_template_ui(context):
    pass

@given('a Record File or Resource Publish Workflow is selected as Staged')
def step_given_workflow_selected_as_staged(context):
    pass

@when('the admin saves the template')
def step_when_admin_saves_template(context):
    pass

@then('the system should consolidate the Reviewer Grouped Request Email')
def step_then_consolidate_email(context):
    pass"
371,Staged Request 'Reviewer' data+component handling in Grouped Tab of Approvals List,"Gherkin:

Feature: Display Reviewers in Grouped Tab for Staged Requests

Scenario: List all reviewers and their stages for staged requests

Given a user is on the Grouped Tab of the Approvals List
And there are staged requests with multiple reviewers
When the user views the Reviewers component
Then all reviewers across all stages for all requests are listed
And the stage each reviewer is on is displayed

Python:

from behave import given, when, then

@given('a user is on the Grouped Tab of the Approvals List')
def step_impl(context):
    pass

@given('there are staged requests with multiple reviewers')
def step_impl(context):
    pass

@when('the user views the Reviewers component')
def step_impl(context):
    pass

@then('all reviewers across all stages for all requests are listed')
def step_impl(context):
    pass

@then('the stage each reviewer is on is displayed')
def step_impl(context):
    pass"
372,"PB - As a User, I want to re-order pages within the same parent/root via Nav - FE integration","Feature: Re-order Pages via Drag-and-Drop in Nav Panel

Scenario: Successfully re-order a page with sub-pages

Given the user is on the editing page with a Nav Panel
And the Nav Panel contains a page with sub-pages
When the user drags the page to a new position in the Nav Panel
Then the page is moved to the new position
And the sub-pages are moved with the page
And the sub-pages are collapsed under the page in the Nav Panel

Python:

from behave import given, when, then

@given('the user is on the editing page with a Nav Panel')
def step_impl(context):
    pass

@given('the Nav Panel contains a page with sub-pages')
def step_impl(context):
    pass

@when('the user drags the page to a new position in the Nav Panel')
def step_impl(context):
    pass

@then('the page is moved to the new position')
def step_impl(context):
    pass

@then('the sub-pages are moved with the page')
def step_impl(context):
    pass

@then('the sub-pages are collapsed under the page in the Nav Panel')
def step_impl(context):
    pass"
373,"PB - As a User, I want to delete pages via Nav - BE","Feature: Page Deletion via Navigation

Scenario: Successfully delete a page from navigation

Given the user is on the navigation menu
And the user sees a simple page listed
When the user clicks on the settings button of the page
And the user clicks on the Delete option
Then a deletion popup appears
And the user chooses ""Yes"" to confirm deletion
Then the page is successfully deleted

Python:

from behave import given, when, then

@given('the user is on the navigation menu')
def step_impl(context):
    pass

@given('the user sees a simple page listed')
def step_impl(context):
    pass

@when('the user clicks on the settings button of the page')
def step_impl(context):
    pass

@when('the user clicks on the Delete option')
def step_impl(context):
    pass

@then('a deletion popup appears')
def step_impl(context):
    pass

@when('the user chooses ""Yes"" to confirm deletion')
def step_impl(context):
    pass

@then('the page is successfully deleted')
def step_impl(context):
    pass"
374,"PB - As a User, I want to re-order pages within the same parent via Nav - BE","Feature: Re-order Pages and Sub-pages in Navigation Panel

Scenario: Re-order a Page with Sub-pages via drag-and-drop

Given the user is editing the navigation panel
And the user has a Page with Sub-pages under the same parent
When the user drags and drops the Page to a new position
Then the Page and its Sub-pages are moved together
And the Sub-pages are collapsed under the Page in the navigation panel

Python:

from behave import given, when, then

@given('the user is editing the navigation panel')
def step_impl(context):
    pass

@given('the user has a Page with Sub-pages under the same parent')
def step_impl(context):
    pass

@when('the user drags and drops the Page to a new position')
def step_impl(context):
    pass

@then('the Page and its Sub-pages are moved together')
def step_impl(context):
    pass

@then('the Sub-pages are collapsed under the Page in the navigation panel')
def step_impl(context):
    pass"
375,MCP setting for new Grouped Approval types,"Gherkin:

Feature: MCP Setting for Grouped Approval Types

Scenario: Enable Grouped Approvals for Record File & Resource Publish

Given the user is on the MCP settings page
And the user navigates to the ""Development Use Only"" section
When the user enables the ""Approvals - Approvals List (V3) - Grouped Approvals - Record File & Resource Publish (development use only)"" setting
Then the setting should be saved successfully

Python:

from behave import given, when, then

@given('the user is on the MCP settings page')
def step_impl(context):
    pass

@given('the user navigates to the ""Development Use Only"" section')
def step_impl(context):
    pass

@when('the user enables the ""Approvals - Approvals List (V3) - Grouped Approvals - Record File & Resource Publish (development use only)"" setting')
def step_impl(context):
    pass

@then('the setting should be saved successfully')
def step_impl(context):
    pass"
376,As a user I can enable Grouped Requests in New/Existing Workflow for Resource Publish Template setting,"Gherkin:

Feature: Enable Grouped Requests in Workflow Templates

Scenario: Add Grouped Requests setting to Resource Publish Workflow

Given the MCP development setting is enabled
And I am on the Admin Workflow location
When I create a new Resource Publish Workflow Template
Then the Grouped Requests setting should be available
And I can enable the Grouped Requests setting

Python:

from behave import given, when, then

@given('the MCP development setting is enabled')
def step_impl(context):
    # Code to ensure MCP development setting is enabled
    pass

@given('I am on the Admin Workflow location')
def step_impl(context):
    # Code to navigate to Admin Workflow location
    pass

@when('I create a new Resource Publish Workflow Template')
def step_impl(context):
    # Code to create a new Resource Publish Workflow Template
    pass

@then('the Grouped Requests setting should be available')
def step_impl(context):
    # Code to verify Grouped Requests setting is available
    pass

@then('I can enable the Grouped Requests setting')
def step_impl(context):
    # Code to enable the Grouped Requests setting
    pass"
377,As a user I can enable Grouped Requests in New/Existing Workflow Template setting for Record File Approvals,"Feature: Enable Grouped Requests in Workflow Template

Scenario: Enable Grouped Requests for Record File Approval Template

Given the MCP development setting is enabled
And I am on the Admin > Workflow location
And I have an existing Record File Approval Template
When I enable the ""Enable Grouped Requests"" setting
Then the setting should be saved successfully
And the tooltip should display ""If enabled, multiple Requests that are successfully made at the same time via the Bulk Request action will be Grouped together. Grouped requests can be reviewed together in the Grouped Tab in the {{Workflows}} List, as well as individually.""

Python:

from behave import given, when, then

@given('the MCP development setting is enabled')
def step_impl(context):
    # Code to ensure MCP development setting is enabled
    pass

@given('I am on the Admin > Workflow location')
def step_impl(context):
    # Code to navigate to Admin > Workflow location
    pass

@given('I have an existing Record File Approval Template')
def step_impl(context):
    # Code to ensure there is an existing Record File Approval Template
    pass

@when('I enable the ""Enable Grouped Requests"" setting')
def step_impl(context):
    # Code to enable the ""Enable Grouped Requests"" setting
    pass

@then('the setting should be saved successfully')
def step_impl(context):
    # Code to verify the setting is saved successfully
    pass

@then('the tooltip should display ""If enabled, multiple Requests that are successfully made at the same time via the Bulk Request action will be Grouped together. Grouped requests can be reviewed together in the Grouped Tab in the {{Workflows}} List, as well as individually.""')
def step_impl(context):
    # Code to verify the tooltip text
    pass"
378,"PB - As a User, I want the status of  Resource added via Resource Lookup to be linked with Resource module - unsupported resource type scenario","Feature: Resource Status Linking

Scenario: Unsupported Resource Type Handling

Given a Resource is added via Resource Lookup
And the Resource type is unsupported
When the Resource is linked to the Resource module
Then an error message is displayed
And the Resource is not linked

Python:

from behave import given, when, then

@given('a Resource is added via Resource Lookup')
def step_given_resource_added(context):
    context.resource_added = True

@given('the Resource type is unsupported')
def step_given_unsupported_resource_type(context):
    context.resource_type = 'unsupported'

@when('the Resource is linked to the Resource module')
def step_when_resource_linked(context):
    context.link_attempted = True

@then('an error message is displayed')
def step_then_error_message_displayed(context):
    assert context.resource_type == 'unsupported'
    context.error_message_displayed = True

@then('the Resource is not linked')
def step_then_resource_not_linked(context):
    assert context.error_message_displayed
    context.resource_linked = False"
379,"PB - As a User, I want to be able to download the resources added to the page, if I have permission to do so - Video widget","Gherkin:

Feature: Video Resource Download

Scenario: User downloads video resource with permission

Given the user is on the Simple Page
And the user has permission to download resources
When the user hovers over the Video Widget
Then the download button is visible
And the user clicks the download button
Then the video resource is downloaded

Python:

from behave import given, when, then

@given('the user is on the Simple Page')
def step_given_user_on_simple_page(context):
    pass

@given('the user has permission to download resources')
def step_given_user_has_permission(context):
    pass

@when('the user hovers over the Video Widget')
def step_when_user_hovers_video_widget(context):
    pass

@then('the download button is visible')
def step_then_download_button_visible(context):
    pass

@when('the user clicks the download button')
def step_when_user_clicks_download_button(context):
    pass

@then('the video resource is downloaded')
def step_then_video_resource_downloaded(context):
    pass"
380,Guest Upload MVP: Hide Lookup Fields to Public Users,"Gherkin:

Feature: Hide Lookup Fields for Public Users

Scenario: Public user cannot see lookup fields

Given the user is a Public User
And the user is on the upload page
When the page is loaded
Then the lookup fields are not displayed
And mandatory requirements for hidden fields are skipped

Python:

from behave import given, when, then

@given('the user is a Public User')
def step_given_user_is_public(context):
    context.user_type = 'Public'

@given('the user is on the upload page')
def step_given_user_on_upload_page(context):
    context.page = 'upload'

@when('the page is loaded')
def step_when_page_loaded(context):
    context.page_loaded = True

@then('the lookup fields are not displayed')
def step_then_lookup_fields_not_displayed(context):
    assert context.user_type == 'Public'
    assert context.page_loaded
    context.lookup_fields_displayed = False

@then('mandatory requirements for hidden fields are skipped')
def step_then_mandatory_requirements_skipped(context):
    assert not context.lookup_fields_displayed
    context.mandatory_requirements_skipped = True"
381,[QW 4/5] Requester Re-assign: Load group users(expand group > users) from workflow config - (v2 component approach),"Gherkin:

Feature: Requester Re-assignment Restrictions

Scenario: Requester attempts to re-assign a request

Given a requester is viewing the V2 Approvals List
And the requester is not a Workflow or Main Admin
When the requester attempts to re-assign a request
Then the re-assignment option is not available

Python:

from behave import given, when, then

@given('a requester is viewing the V2 Approvals List')
def step_given_requester_viewing_v2_approvals_list(context):
    pass

@given('the requester is not a Workflow or Main Admin')
def step_given_requester_not_admin(context):
    pass

@when('the requester attempts to re-assign a request')
def step_when_requester_attempts_reassign(context):
    pass

@then('the re-assignment option is not available')
def step_then_reassignment_option_not_available(context):
    pass"
382,Guest Upload MVP: Hide Close/Cancel/databaseName/etc for public users,"Feature: Public User Record Creation

Scenario: Hide sensitive elements for public user

Given the user is a Public user
And the user is on the Create Record page
When the user starts creating a public record
Then the page header should display ""Create Record""
And the 'x' close icon should not be visible

Python:

from behave import given, when, then

@given('the user is a Public user')
def step_given_user_is_public(context):
    context.user_type = 'Public'

@given('the user is on the Create Record page')
def step_given_on_create_record_page(context):
    context.page = 'Create Record'

@when('the user starts creating a public record')
def step_when_creating_public_record(context):
    context.creating_record = True

@then('the page header should display ""Create Record""')
def step_then_header_displays_create_record(context):
    assert context.page_header == ""Create Record""

@then('the \'x\' close icon should not be visible')
def step_then_close_icon_not_visible(context):
    assert not context.close_icon_visible"
383,"PB - As a User, I want to move a sub page to become a standalone Smart Page (Parent)","Gherkin:

Feature: Move Sub-Page to Standalone Smart Page

Scenario: Successfully move a sub-page to become a standalone page

Given I am in editing mode in Page Builder
And I have a sub-page in the Navigation Panel
When I drag and drop the sub-page to the standalone section
Then the sub-page becomes a standalone page
And I see the updated order in the Navigation Panel

Python:

from behave import given, when, then

@given('I am in editing mode in Page Builder')
def step_impl(context):
    pass

@given('I have a sub-page in the Navigation Panel')
def step_impl(context):
    pass

@when('I drag and drop the sub-page to the standalone section')
def step_impl(context):
    pass

@then('the sub-page becomes a standalone page')
def step_impl(context):
    pass

@then('I see the updated order in the Navigation Panel')
def step_impl(context):
    pass"
384,"PB - As a User, I want to move a page (sub-page or root-page) to a become a sub page via drag-drop","Feature: Move Page to Become Sub-Page via Drag-and-Drop

Scenario: Move a root page to become a sub-page of another root page

Given the user is in editing mode in Page Builder
And the user sees the root page ""Page A"" in the Navigation Panel
And the user sees the root page ""Page B"" in the Navigation Panel
When the user drags ""Page A"" onto ""Page B""
Then ""Page A"" becomes a sub-page of ""Page B""

Python:

from behave import given, when, then

@given('the user is in editing mode in Page Builder')
def step_impl(context):
    pass

@given('the user sees the root page ""{page_a}"" in the Navigation Panel')
def step_impl(context, page_a):
    pass

@given('the user sees the root page ""{page_b}"" in the Navigation Panel')
def step_impl(context, page_b):
    pass

@when('the user drags ""{page_a}"" onto ""{page_b}""')
def step_impl(context, page_a, page_b):
    pass

@then('""{page_a}"" becomes a sub-page of ""{page_b}""')
def step_impl(context, page_a, page_b):
    pass"
385,"PB - As a User, I want to re-order pages within the same parent/root via Nav - FE UI component","Feature: Re-order Pages in Navigation Panel

Scenario: User re-orders pages via drag-and-drop

Given the user is on the page editing interface
And the navigation panel is open
And a page with sub-pages is present in the navigation panel
When the user drags the page to a new position within the same parent
Then the page is moved to the new position
And the sub-pages are moved with the page
And the sub-pages are collapsed under the page in the navigation panel

Python:

from behave import given, when, then

@given('the user is on the page editing interface')
def step_impl(context):
    pass

@given('the navigation panel is open')
def step_impl(context):
    pass

@given('a page with sub-pages is present in the navigation panel')
def step_impl(context):
    pass

@when('the user drags the page to a new position within the same parent')
def step_impl(context):
    pass

@then('the page is moved to the new position')
def step_impl(context):
    pass

@then('the sub-pages are moved with the page')
def step_impl(context):
    pass

@then('the sub-pages are collapsed under the page in the navigation panel')
def step_impl(context):
    pass"
386,"PB - As a User, I want the status of  Resource added via Resource Lookup to be linked with Resource module - resource deleted scenario","Feature: Resource Status Linking

Scenario: Link status of deleted resource in Resource module

Given a Resource is added to the Page Builder via Resource Lookup
And the Resource is an Image Widget
And the Resource is a Video Widget
When the Resource is deleted from the Resource module
Then the status of the Resource should be updated to ""deleted"" in the Page Builder

Python:

from behave import given, when, then

@given('a Resource is added to the Page Builder via Resource Lookup')
def step_given_resource_added(context):
    pass

@given('the Resource is an Image Widget')
def step_given_image_widget(context):
    pass

@given('the Resource is a Video Widget')
def step_given_video_widget(context):
    pass

@when('the Resource is deleted from the Resource module')
def step_when_resource_deleted(context):
    pass

@then('the status of the Resource should be updated to ""deleted"" in the Page Builder')
def step_then_status_updated(context):
    pass"
387,"PB - As a User, I want to be able to download the resources added to the page, if I have permission to do so - Image widget","Gherkin:

Feature: Download Image Resource

Scenario: User downloads an image resource with permission

Given the user is on the Simple Page
And the user has permission to download resources
When the user hovers over the Image Widget
Then the download button is visible
And the user clicks the download button
Then the image resource is downloaded

Python:

from behave import given, when, then

@given('the user is on the Simple Page')
def step_given_user_on_simple_page(context):
    pass

@given('the user has permission to download resources')
def step_given_user_has_permission(context):
    pass

@when('the user hovers over the Image Widget')
def step_when_user_hovers_image_widget(context):
    pass

@then('the download button is visible')
def step_then_download_button_visible(context):
    pass

@when('the user clicks the download button')
def step_when_user_clicks_download_button(context):
    pass

@then('the image resource is downloaded')
def step_then_image_resource_downloaded(context):
    pass"
388,"PB - As a User, I want the status of  Resource added via Resource Lookup to be linked with Resource module - resource permission lost scenario","Gherkin:

Feature: Resource Permission Management

Scenario: Display permission lost icon when user lacks resource permission

Given a user is logged into the system
And the user navigates to a page with resources
When the user views the page
And the user lacks permission for a specific resource
Then a permission lost icon is displayed in the middle of the page
And a tooltip is shown when hovering over the permission lost icon

Python:

from behave import given, when, then

@given('a user is logged into the system')
def step_impl(context):
    pass

@given('the user navigates to a page with resources')
def step_impl(context):
    pass

@when('the user views the page')
def step_impl(context):
    pass

@when('the user lacks permission for a specific resource')
def step_impl(context):
    pass

@then('a permission lost icon is displayed in the middle of the page')
def step_impl(context):
    pass

@then('a tooltip is shown when hovering over the permission lost icon')
def step_impl(context):
    pass"
389,"PB - As an internal User, I want to set Page limits via MCP settings","Feature: Manage Page Limits in MCP

Scenario: Set Page Limits for a Client Site

Given the user is logged into the MCP control panel
And the user navigates to the client site settings
When the user sets the Page limit to 100
And saves the settings
Then the Page limit should be updated to 100

Python:

from behave import given, when, then

@given('the user is logged into the MCP control panel')
def step_impl(context):
    pass

@given('the user navigates to the client site settings')
def step_impl(context):
    pass

@when('the user sets the Page limit to 100')
def step_impl(context):
    pass

@when('saves the settings')
def step_impl(context):
    pass

@then('the Page limit should be updated to 100')
def step_impl(context):
    pass"
390,"[Bulk/Grouped] As a user, I cannot click Submit on single level unless I am on Response tab","Gherkin:

Feature: Submit Button Accessibility in Single View

Scenario: Submit button is disabled on Markup and Versions/Revisions tabs

Given the user accesses a single view from the bulk review list
And the request supports Markup Comments & Versions/Revisions
When the user clicks on the Markup tab
Then the ""Submit & Next"" button is disabled
When the user clicks on the Versions/Revisions tab
Then the ""Submit & Next"" button is disabled

Python:

from behave import given, when, then

@given('the user accesses a single view from the bulk review list')
def step_given_user_accesses_single_view(context):
    pass

@given('the request supports Markup Comments & Versions/Revisions')
def step_given_request_supports_markup_versions(context):
    pass

@when('the user clicks on the Markup tab')
def step_when_user_clicks_markup_tab(context):
    pass

@then('the ""Submit & Next"" button is disabled')
def step_then_submit_next_button_disabled(context):
    pass

@when('the user clicks on the Versions/Revisions tab')
def step_when_user_clicks_versions_tab(context):
    pass"
391,[QW] Re-assign [Reporting]: Save & Display UUID of user who re-assigns,"Feature: Track Re-assign Actions with UUID

Scenario: Save and display UUID of user who re-assigns a reporting module item

Given a reporting module item exists
And a user with a UUID is logged in
When the user re-assigns the reporting module item
Then the UUID of the user is saved
And the UUID of the user is displayed

Python:

from behave import given, when, then

@given('a reporting module item exists')
def step_impl(context):
    pass

@given('a user with a UUID is logged in')
def step_impl(context):
    pass

@when('the user re-assigns the reporting module item')
def step_impl(context):
    pass

@then('the UUID of the user is saved')
def step_impl(context):
    pass

@then('the UUID of the user is displayed')
def step_impl(context):
    pass"
392,"[QW 3/5] Requester Re-assign: Load users (user list, load all users) from workflow config - (v2 component approach)","Gherkin:

Feature: Requester Re-assign User Loading

Scenario: Load users excluding V2 Approval List

Given a workflow configuration with a user list
And the V2 Approval List is excluded
When the requester attempts to re-assign a request
And the requester is not a Workflow or Main Admin
Then the requester cannot re-assign the request

Python:

from behave import given, when, then

@given('a workflow configuration with a user list')
def step_given_workflow_config(context):
    context.workflow_config = {'users': ['user1', 'user2'], 'v2_approval_list': ['user3']}

@given('the V2 Approval List is excluded')
def step_given_v2_exclusion(context):
    context.exclude_v2_approval_list = True

@when('the requester attempts to re-assign a request')
def step_when_requester_attempts_reassign(context):
    context.requester_role = 'Requester'

@when('the requester is not a Workflow or Main Admin')
def step_when_requester_not_admin(context):
    context.is_admin = False

@then('the requester cannot re-assign the request')
def step_then_requester_cannot_reassign(context):
    assert not context.is_admin, ""Requester should not be able to re-assign"""
393,[Bulk SBT] As a user when I toggle next I want the tab to stay engaged (ie. Markup or Response) ,"Feature: Bulk Review Tab Persistence

Scenario: Maintain engaged tab when toggling to next request

Given the user is on the Bulk review page
And the user opens an individual request
And the user selects the Markup tab
When the user clicks the next toggle
Then the next request opens with the Markup tab engaged

Python:

from behave import given, when, then

@given('the user is on the Bulk review page')
def step_impl(context):
    pass

@given('the user opens an individual request')
def step_impl(context):
    pass

@given('the user selects the Markup tab')
def step_impl(context):
    pass

@when('the user clicks the next toggle')
def step_impl(context):
    pass

@then('the next request opens with the Markup tab engaged')
def step_impl(context):
    pass"
394,"PB - As a User, I want to see sub-pages in Custom Page v2 index list (with a subtitle for parent)","Gherkin:

Feature: Display Sub-Pages in Custom Page v2 Index List

Scenario: User views sub-pages with parent subtitle

Given the user is on the Custom Page v2 index list
And the index list contains sub-pages
When the user clicks on the ""+"" button next to a sub-page
Then a new row of information ""Parent: {parent page name}"" is displayed

Python:

from behave import given, when, then

@given('the user is on the Custom Page v2 index list')
def step_given_user_on_custom_page_v2_index_list(context):
    pass

@given('the index list contains sub-pages')
def step_given_index_list_contains_sub_pages(context):
    pass

@when('the user clicks on the ""+"" button next to a sub-page')
def step_when_user_clicks_plus_button(context):
    pass

@then('a new row of information ""Parent: {parent page name}"" is displayed')
def step_then_new_row_of_information_displayed(context):
    pass"
395,"PB - As a User, I want to configure permissions of sub-pages in Admin -> Group","Gherkin:

Feature: Configure Sub-Page Permissions

Scenario: Configure and Propagate Permissions for Sub-Pages

Given the user is on the Admin Group Permission page
And the user can see the parent page with sub-pages listed
When the user selects a sub-page to configure permissions
And the user sets the desired permissions for the sub-page
And the user triggers permission propagation
Then the permissions should be applied to the sub-page
And the permissions should propagate according to the resource folder logic

Python:

from behave import given, when, then

@given('the user is on the Admin Group Permission page')
def step_impl(context):
    pass

@given('the user can see the parent page with sub-pages listed')
def step_impl(context):
    pass

@when('the user selects a sub-page to configure permissions')
def step_impl(context):
    pass

@when('the user sets the desired permissions for the sub-page')
def step_impl(context):
    pass

@when('the user triggers permission propagation')
def step_impl(context):
    pass

@then('the permissions should be applied to the sub-page')
def step_impl(context):
    pass

@then('the permissions should propagate according to the resource folder logic')
def step_impl(context):
    pass"
396,"PB - (BE) As a User, I want to create a sub-page for an exisiting Simple Page via Nav","Feature: Create a Sub-Page for an Existing Simple Page via Navigation

Scenario: User creates a sub-page from the navigation settings

Given the user is on the main page
And the user has a simple page listed in the navigation
When the user clicks on the settings button of the simple page
Then the sub-page creation popup should be displayed

Python:

from behave import given, when, then

@given('the user is on the main page')
def step_given_user_on_main_page(context):
    pass

@given('the user has a simple page listed in the navigation')
def step_given_simple_page_in_nav(context):
    pass

@when('the user clicks on the settings button of the simple page')
def step_when_user_clicks_settings_button(context):
    pass

@then('the sub-page creation popup should be displayed')
def step_then_sub_page_popup_displayed(context):
    pass"
397,"PB - (FE integration) As a User, I want to create a sub-page for an exisiting Simple Page via Nav","Feature: Create Sub-Page via Navigation

Scenario: User creates a sub-page for an existing Simple Page

Given the user is on the navigation menu
And the user sees a list of simple pages
When the user clicks on the settings button of a simple page
Then the sub-page creation popup should be displayed

Python:

from behave import given, when, then

@given('the user is on the navigation menu')
def step_given_user_on_navigation_menu(context):
    pass

@given('the user sees a list of simple pages')
def step_given_user_sees_list_of_simple_pages(context):
    pass

@when('the user clicks on the settings button of a simple page')
def step_when_user_clicks_settings_button(context):
    pass

@then('the sub-page creation popup should be displayed')
def step_then_sub_page_creation_popup_displayed(context):
    pass"
398,[RESTRICTIONS] Same Template - Require Approval for Feedback requests cross-handling,"Gherkin:

Feature: Bulk Review of Feedback Requests

Scenario: Select feedback requests for bulk review with mixed approval settings

Given there are multiple feedback requests tied to the same template
And some requests have the ""Require Approval Response"" setting enabled
And some requests have the ""Require Approval Response"" setting disabled
When I select the feedback requests for bulk review
Then the requests are successfully selected for bulk review

Python:

from behave import given, when, then

@given('there are multiple feedback requests tied to the same template')
def step_given_multiple_feedback_requests(context):
    pass

@given('some requests have the ""Require Approval Response"" setting enabled')
def step_given_approval_enabled(context):
    pass

@given('some requests have the ""Require Approval Response"" setting disabled')
def step_given_approval_disabled(context):
    pass

@when('I select the feedback requests for bulk review')
def step_when_select_feedback_requests(context):
    pass

@then('the requests are successfully selected for bulk review')
def step_then_requests_selected(context):
    pass"
399,[Bulk Review] Same Template:  Needed until - cross date value handling,"Gherkin:

Feature: Bulk Review of Resource Download Requests

Scenario: Select requests with the same template for bulk review

Given there are multiple resource download requests
And all requests are tied to the same template
And each request has a different ""Needed until"" value
When I select the requests for bulk review
Then the requests are successfully selected for bulk review

Python:

from behave import given, when, then

@given('there are multiple resource download requests')
def step_impl(context):
    context.requests = [
        {'template': 'TemplateA', 'needed_until': '2023-12-01'},
        {'template': 'TemplateA', 'needed_until': '2023-12-05'},
        {'template': 'TemplateA', 'needed_until': None}
    ]

@given('all requests are tied to the same template')
def step_impl(context):
    assert all(req['template'] == 'TemplateA' for req in context.requests)

@given('each request has a different ""Needed until"" value')
def step_impl(context):
    needed_until_values = [req['needed_until'] for req in context.requests]
    assert len(set(needed_until_values)) == len(context.requests)

@when('I select the requests for bulk review')
def step_impl(context):
    context.selected_requests = context.requests

@then('the requests are successfully selected for bulk review')
def step_impl(context):
    assert context.selected_requests == context.requests"
400,[RESTRICTIONS] Allow same Template Staged requests to be selected together if number of stages *in config* doesn't match (or conditional requests with different stages),"Feature: Bulk Review of Staged Pending Requests

Scenario: Select requests with the same template and stage for bulk review

Given there are staged pending requests tied to the same template
And the requests are on the same current stage
When I attempt to select the requests for bulk review
Then the requests are successfully selected for bulk review

Python:

from behave import given, when, then

@given('there are staged pending requests tied to the same template')
def step_given_staged_pending_requests(context):
    context.requests = [
        {'template': 'TemplateA', 'current_stage': 'Stage1'},
        {'template': 'TemplateA', 'current_stage': 'Stage1'}
    ]

@given('the requests are on the same current stage')
def step_given_same_current_stage(context):
    assert all(req['current_stage'] == 'Stage1' for req in context.requests)

@when('I attempt to select the requests for bulk review')
def step_when_select_requests_for_bulk_review(context):
    context.selected_requests = context.requests

@then('the requests are successfully selected for bulk review')
def step_then_requests_selected_for_bulk_review(context):
    assert context.selected_requests == context.requests"
401,'Review Request' in footer should be plural  - change to 'Review Request(s)',"Gherkin:

Feature: Update Bulk Action Footer Text

Scenario: Change 'Review Request' to 'Review Request(s)'

Given the user is on the Bulk Action Footer page
And the footer displays 'Review Request'
When the page is loaded
Then the footer should display 'Review Request(s)'

Python:

from behave import given, when, then

@given('the user is on the Bulk Action Footer page')
def step_given_user_on_bulk_action_footer_page(context):
    pass

@given('the footer displays ""Review Request""')
def step_given_footer_displays_review_request(context):
    pass

@when('the page is loaded')
def step_when_page_is_loaded(context):
    pass

@then('the footer should display ""Review Request(s)""')
def step_then_footer_displays_review_requests(context):
    pass"
402,[Bulk SBT] Staged requests: values carry over for staged requests in individual response (should be wiped after stage response is submitted),"Gherkin:

Feature: Bulk SBT Staged Requests Handling

Scenario: Clear response fields after bulk response with pending stages

Given staged requests are present in the Bulk List
And the user responds to the requests in Bulk
When the request remains pending due to further stages
Then the response fields for that request are cleared

Python:

from behave import given, when, then

@given('staged requests are present in the Bulk List')
def step_given_staged_requests_present(context):
    pass

@given('the user responds to the requests in Bulk')
def step_given_user_responds_in_bulk(context):
    pass

@when('the request remains pending due to further stages')
def step_when_request_remains_pending(context):
    pass

@then('the response fields for that request are cleared')
def step_then_response_fields_cleared(context):
    pass"
403,"BP - As a User, I want to choose the best quality of single selected Image resource via Resource Lookup to appear as original file as a background image in the target area (download linkage)","Gherkin:

Feature: Image Quality Selection for Background

Scenario: User selects the best quality image for background

Given the user is on the Resource Lookup overlay
And the user has single selected an Image resource
When the user proceeds to the Choose Image Quality popup
Then the Image Quality options popup is displayed in Page Builder
And the user selects the best quality option

Python:

from behave import given, when, then

@given('the user is on the Resource Lookup overlay')
def step_given_user_on_resource_lookup(context):
    pass

@given('the user has single selected an Image resource')
def step_given_user_selected_image(context):
    pass

@when('the user proceeds to the Choose Image Quality popup')
def step_when_user_proceeds_to_quality_popup(context):
    pass

@then('the Image Quality options popup is displayed in Page Builder')
def step_then_quality_popup_displayed(context):
    pass

@then('the user selects the best quality option')
def step_then_user_selects_best_quality(context):
    pass"
404,"BP - As a User, I want to choose the best quality of single selected Image resource via Resource Lookup to appear as original file in Image Widget (download linkage)","Feature: Image Quality Selection for Image Widget

Scenario: User selects the best quality for a single image resource

Given the user is on the Page Builder
And the Resource Lookup overlay is open
When the user selects a single image resource
And the Choose Image Quality popup appears
Then the user can select the best quality option for the image

Python:

from behave import given, when, then

@given('the user is on the Page Builder')
def step_impl(context):
    pass

@given('the Resource Lookup overlay is open')
def step_impl(context):
    pass

@when('the user selects a single image resource')
def step_impl(context):
    pass

@when('the Choose Image Quality popup appears')
def step_impl(context):
    pass

@then('the user can select the best quality option for the image')
def step_impl(context):
    pass"
405,[QW] Option to access to the Usage Reporting of an object with any permission to it vs requiring the highest level [following research in IB-41918],"Gherkin:

Feature: Manage Reports Access Restrictions

Scenario: Access Usage Reporting with any permission

Given the user is on the Admin Settings page
And the user navigates to the General section
When the user sees the Reports Access Restrictions option
And the user selects the option to allow access with any permission
Then the user should be able to access Usage Reporting with any permission level

Python:

from behave import given, when, then

@given('the user is on the Admin Settings page')
def step_impl(context):
    pass

@given('the user navigates to the General section')
def step_impl(context):
    pass

@when('the user sees the Reports Access Restrictions option')
def step_impl(context):
    pass

@when('the user selects the option to allow access with any permission')
def step_impl(context):
    pass

@then('the user should be able to access Usage Reporting with any permission level')
def step_impl(context):
    pass"
406,Record File Grouped Requests handled in Group Review Page,"Gherkin:

Feature: Group Review Page for File Requests

Scenario: Display Grouped Requests without Bulk Download

Given the user is on the Group Review Page
And the page design matches the Grouped Download handling
When the user views the list of file requests
Then the requests are grouped correctly
And the Bulk Download option is not displayed

Python:

from behave import given, when, then

@given('the user is on the Group Review Page')
def step_given_user_on_group_review_page(context):
    pass

@given('the page design matches the Grouped Download handling')
def step_given_page_design_matches(context):
    pass

@when('the user views the list of file requests')
def step_when_user_views_requests(context):
    pass

@then('the requests are grouped correctly')
def step_then_requests_grouped_correctly(context):
    pass

@then('the Bulk Download option is not displayed')
def step_then_bulk_download_not_displayed(context):
    pass"
407,Record File Grouped Requests added to Group tab,"Feature: Display Grouped Tab for Grouped Record File Requests

Scenario: Display Grouped Tab when a user makes their first Grouped Record File request

Given a user who has never seen the Grouped Tab
And the user is on the V3 Approval List page
When the user makes their first Grouped Record File request
Then the Grouped Tab should be visible to the user

Python:

from behave import given, when, then

@given('a user who has never seen the Grouped Tab')
def step_given_user_never_seen_grouped_tab(context):
    context.user_has_seen_grouped_tab = False

@given('the user is on the V3 Approval List page')
def step_given_user_on_approval_list_page(context):
    context.on_approval_list_page = True

@when('the user makes their first Grouped Record File request')
def step_when_user_makes_first_grouped_request(context):
    context.user_makes_grouped_request = True

@then('the Grouped Tab should be visible to the user')
def step_then_grouped_tab_visible(context):
    assert context.user_makes_grouped_request and not context.user_has_seen_grouped_tab
    context.grouped_tab_visible = True
    assert context.grouped_tab_visible is True"
408,Publish Resource Grouped Requests handled in Group Review Page,"Gherkin:

Feature: Publish Resource Grouped Requests

Scenario: Display Group Review Page without Bulk Download

Given the user is on the Group Review Page
And the page design matches the Grouped Download handling
When the user views the available options
Then the Bulk Download option is not displayed

Python:

from behave import given, when, then

@given('the user is on the Group Review Page')
def step_given_user_on_group_review_page(context):
    pass

@given('the page design matches the Grouped Download handling')
def step_given_page_design_matches(context):
    pass

@when('the user views the available options')
def step_when_user_views_options(context):
    pass

@then('the Bulk Download option is not displayed')
def step_then_bulk_download_not_displayed(context):
    pass"
409,Publish Resource Grouped Requests added to Group tab,"Gherkin:

Feature: Display Grouped Tab for Grouped Resource Publish Requests

Scenario: Requester sees Grouped Tab after submitting a Grouped Resource Publish request

Given a Requester has never seen the Grouped Tab in the V3 Approvals List
And the Requester submits their first Grouped Resource Publish request
When the request is processed
Then the Grouped Tab is displayed in the V3 Approvals List for the Requester

Python:

from behave import given, when, then

@given('a Requester has never seen the Grouped Tab in the V3 Approvals List')
def step_impl(context):
    context.requester_has_seen_grouped_tab = False

@given('the Requester submits their first Grouped Resource Publish request')
def step_impl(context):
    context.submitted_grouped_request = True

@when('the request is processed')
def step_impl(context):
    context.request_processed = True

@then('the Grouped Tab is displayed in the V3 Approvals List for the Requester')
def step_impl(context):
    assert context.requester_has_seen_grouped_tab == False
    assert context.submitted_grouped_request == True
    assert context.request_processed == True
    context.requester_has_seen_grouped_tab = True
    assert context.requester_has_seen_grouped_tab == True"
410,Grouped Record Files - Grouped Completion Email to Requester,"Gherkin:

Feature: Grouped Record File Request Completion Notification

Scenario: Send grouped completion email when grouped request is completed

Given the ""Enable Grouped Requests"" setting is enabled
And the ""Requester > Grouped Request has been completed"" notification setting is enabled
And a grouped record file request is made
When the grouped request is completed
Then a grouped completion email is sent to the requester
And individual completion emails are not sent

Python:

from behave import given, when, then

@given('the ""Enable Grouped Requests"" setting is enabled')
def step_impl(context):
    pass

@given('the ""Requester > Grouped Request has been completed"" notification setting is enabled')
def step_impl(context):
    pass

@given('a grouped record file request is made')
def step_impl(context):
    pass

@when('the grouped request is completed')
def step_impl(context):
    pass

@then('a grouped completion email is sent to the requester')
def step_impl(context):
    pass

@then('individual completion emails are not sent')
def step_impl(context):
    pass"
411,Grouped Record Files - Grouped Email Notification Settings added to Record File Templates,"Feature: Grouped Email Notification Settings for Record File Templates

Scenario: Display additional notification options when grouped requests are enabled

Given the MCP development setting is enabled
And the 'Enable Grouped Requests' setting is enabled in Admin > Workflow for a Record File Approval Template
And User Notifications is set to 'Select'
When the user accesses the notification settings
Then additional notification options for 'Requester Emails' appear

Python:

from behave import given, when, then

@given('the MCP development setting is enabled')
def step_impl(context):
    pass

@given('the ""Enable Grouped Requests"" setting is enabled in Admin > Workflow for a Record File Approval Template')
def step_impl(context):
    pass

@given('User Notifications is set to ""Select""')
def step_impl(context):
    pass

@when('the user accesses the notification settings')
def step_impl(context):
    pass

@then('additional notification options for ""Requester Emails"" appear')
def step_impl(context):
    pass"
412,Grouped Resource Publish - Grouped Completion Email to Requester,"Gherkin:

Feature: Grouped Resource Publish Notification

Scenario: Send grouped completion email to requester

Given the ""Enable Grouped Requests"" setting is enabled
And the ""Requester > Grouped Request has been completed"" notification setting is enabled
When a Group Resource Publish request is made
Then a grouped completion email is sent to the requester
And individual completion emails are not sent

Python:

from behave import given, when, then

@given('the ""Enable Grouped Requests"" setting is enabled')
def step_impl(context):
    context.grouped_requests_enabled = True

@given('the ""Requester > Grouped Request has been completed"" notification setting is enabled')
def step_impl(context):
    context.grouped_request_notification_enabled = True

@when('a Group Resource Publish request is made')
def step_impl(context):
    context.group_resource_publish_request_made = True

@then('a grouped completion email is sent to the requester')
def step_impl(context):
    assert context.grouped_requests_enabled
    assert context.grouped_request_notification_enabled
    assert context.group_resource_publish_request_made
    context.grouped_email_sent = True

@then('individual completion emails are not sent')
def step_impl(context):
    assert context.grouped_email_sent
    context.individual_emails_sent = False"
413,Grouped Resource Publish - Grouped Email Notification Settings added to Resource Publish Templates,"Gherkin:

Feature: Grouped Email Notification Settings in Resource Publish Templates

Scenario: Enable Grouped Requests and Verify Notification Options

Given MCP development setting is enabled
And the 'Enable Grouped Requests' setting is enabled in Admin > Workflow
And a Resource Publish Workflow Template exists
When User Notifications is set to 'Select'
Then additional Notification options should appear

Python:

from behave import given, when, then

@given('MCP development setting is enabled')
def step_impl(context):
    pass

@given(""the 'Enable Grouped Requests' setting is enabled in Admin > Workflow"")
def step_impl(context):
    pass

@given('a Resource Publish Workflow Template exists')
def step_impl(context):
    pass

@when(""User Notifications is set to 'Select'"")
def step_impl(context):
    pass

@then('additional Notification options should appear')
def step_impl(context):
    pass"
414,"PB - As a User, I want to delete pages via Nav - FE","Feature: Delete a page via navigation settings

Scenario: User deletes a page from navigation

Given the user is on the navigation menu
And the user sees a list of pages
When the user clicks on the settings button of a page
And the user clicks on the Delete option
Then a deletion confirmation popup should appear

Python:

from behave import given, when, then

@given('the user is on the navigation menu')
def step_given_user_on_navigation_menu(context):
    pass

@given('the user sees a list of pages')
def step_given_user_sees_list_of_pages(context):
    pass

@when('the user clicks on the settings button of a page')
def step_when_user_clicks_settings_button(context):
    pass

@when('the user clicks on the Delete option')
def step_when_user_clicks_delete_option(context):
    pass

@then('a deletion confirmation popup should appear')
def step_then_deletion_confirmation_popup_appears(context):
    pass"
415,"PB - (DND replace) As a User, I want to create a sub-page for an exisiting Smart Page via Nav","Feature: Create a Sub-Page for an Existing Smart Page via Navigation

Scenario: User creates a sub-page through the navigation settings

Given the user is on the Smart Page
And the user sees the navigation menu
When the user clicks on the settings button of a simple page
And the sub-page popup appears
And the user inputs the sub-page's title
And the user clicks ""Save""
Then the sub-page is successfully created

Python:

from behave import given, when, then

@given('the user is on the Smart Page')
def step_given_user_on_smart_page(context):
    pass

@given('the user sees the navigation menu')
def step_given_user_sees_navigation_menu(context):
    pass

@when('the user clicks on the settings button of a simple page')
def step_when_user_clicks_settings_button(context):
    pass

@when('the sub-page popup appears')
def step_when_sub_page_popup_appears(context):
    pass

@when('the user inputs the sub-page\'s title')
def step_when_user_inputs_sub_page_title(context):
    pass

@when('the user clicks ""Save""')
def step_when_user_clicks_save(context):
    pass

@then('the sub-page is successfully created')
def step_then_sub_page_created(context):
    pass"
416,[X-Template] Bulk Approvals - Select logic: Advanced cross template/type select (excluding record requests) - Full support/logic,"Feature: Bulk Approvals Across Templates

Scenario: Select multiple requests for bulk approval excluding record requests

Given multiple templates have ""Enable Bulk Reviewing"" enabled
And the approval list contains various request types
When a user selects a request from the approval list
And the request is not a record request
Then the system allows selection of other requests across templates for bulk approval

Python:

from behave import given, when, then

@given('multiple templates have ""Enable Bulk Reviewing"" enabled')
def step_impl(context):
    pass

@given('the approval list contains various request types')
def step_impl(context):
    pass

@when('a user selects a request from the approval list')
def step_impl(context):
    pass

@when('the request is not a record request')
def step_impl(context):
    pass

@then('the system allows selection of other requests across templates for bulk approval')
def step_impl(context):
    pass"
417,[RESTRICTIONS] Select logic: Extended same settings/ template across params for Selection,"Feature: Bulk Review Selection Based on Workflow Template

Scenario: Select items for bulk review based on the same template

Given an Approval List with multiple requests
And a Workflow Template is defined
And requests belong to the same Workflow Template
When a request is selected from the Approval List
Then all requests belonging to the same Workflow Template are selected for Bulk Review

Python:

from behave import given, when, then

@given('an Approval List with multiple requests')
def step_given_approval_list_with_multiple_requests(context):
    pass

@given('a Workflow Template is defined')
def step_given_workflow_template_is_defined(context):
    pass

@given('requests belong to the same Workflow Template')
def step_given_requests_belong_to_same_template(context):
    pass

@when('a request is selected from the Approval List')
def step_when_request_is_selected(context):
    pass

@then('all requests belonging to the same Workflow Template are selected for Bulk Review')
def step_then_requests_selected_for_bulk_review(context):
    pass"
418,Bulk Approve Response action Tracking surfacing in Stats - new column in Responses (Bulk Review > in > Yes),"Gherkin:

Feature: Bulk Approve Response Tracking in Stats

Scenario: Display Bulk Review Status in Responses Column

Given the backend data captures bulk review actions
And the user accesses the Stats page
When the user performs a bulk approve action
Then the new column ""Bulk Review"" should display ""Yes"" for the approved responses

Python:

from behave import given, when, then

@given('the backend data captures bulk review actions')
def step_impl(context):
    # Code to ensure backend data captures bulk review actions
    pass

@given('the user accesses the Stats page')
def step_impl(context):
    # Code to simulate user accessing the Stats page
    pass

@when('the user performs a bulk approve action')
def step_impl(context):
    # Code to simulate performing a bulk approve action
    pass

@then('the new column ""Bulk Review"" should display ""Yes"" for the approved responses')
def step_impl(context):
    # Code to verify the new column displays ""Yes"" for approved responses
    pass"
419,"[RESTRICTIONS] Cross param handling of 'Complete Stage/Complete Request' (merge setting in bulk, apply to relevant in bulk action)","Feature: Bulk Review Merge Settings

Scenario: Merge Complete Stage and Complete Request in Bulk Review

Given a Main Admin is logged into the system
And the Bulk Review panel is open
And requests are selected with a mix of Complete Stage and Complete Request fields
When the admin views the Bulk Review settings
Then the settings should display ""Complete Stage / Request""

Python:

from behave import given, when, then

@given('a Main Admin is logged into the system')
def step_impl(context):
    pass

@given('the Bulk Review panel is open')
def step_impl(context):
    pass

@given('requests are selected with a mix of Complete Stage and Complete Request fields')
def step_impl(context):
    pass

@when('the admin views the Bulk Review settings')
def step_impl(context):
    pass

@then('the settings should display ""Complete Stage / Request""')
def step_impl(context):
    pass"
420,"[RESTRICTIONS] Cross param handling of 'Hide Decline' (hide Decline if all share param,  ignore Bulk Apply of Decline to items that don't apply)","Gherkin:

Feature: Bulk Review Decline Option Handling

Scenario: Display Decline option when mixed Hide Decline settings are present

Given a set of requests selected for Bulk Review
And some requests have Hide Decline enabled
And some requests do not have Hide Decline enabled
When the Bulk Review response panel is displayed
Then the Decline option should be visible

Python:

from behave import given, when, then

@given('a set of requests selected for Bulk Review')
def step_given_requests_selected_for_bulk_review(context):
    context.requests = [{'id': 1, 'hide_decline': True}, {'id': 2, 'hide_decline': False}]

@given('some requests have Hide Decline enabled')
def step_given_some_requests_have_hide_decline_enabled(context):
    assert any(request['hide_decline'] for request in context.requests)

@given('some requests do not have Hide Decline enabled')
def step_given_some_requests_do_not_have_hide_decline_enabled(context):
    assert any(not request['hide_decline'] for request in context.requests)

@when('the Bulk Review response panel is displayed')
def step_when_bulk_review_response_panel_is_displayed(context):
    context.panel_displayed = True

@then('the Decline option should be visible')
def step_then_decline_option_should_be_visible(context):
    assert context.panel_displayed
    assert 'Decline' in ['Approve', 'Decline', 'Review']"
421,[RESTRICTIONS] Cross param handling of 'Yes with Comments' (show when one request has this - ignore items on bulk that don't apply),"Gherkin:

Feature: Bulk Review with Approve with Comments Option

Scenario: Display Approve with Comments in Bulk Review

Given a bulk review request with multiple items
And at least one item has the option to Approve with Comments
When the bulk review response panel is displayed
Then the option to Approve with Comments is shown

Python:

from behave import given, when, then

@given('a bulk review request with multiple items')
def step_given_bulk_review_request(context):
    pass

@given('at least one item has the option to Approve with Comments')
def step_given_item_with_approve_with_comments(context):
    pass

@when('the bulk review response panel is displayed')
def step_when_response_panel_displayed(context):
    pass

@then('the option to Approve with Comments is shown')
def step_then_option_shown(context):
    pass"
422,Bulk Approve Response UUID {createdInBulkId} condition in Stats - so we can see all requests responded to together,"Feature: Bulk Approve Response UUID in Stats

Scenario: Display Bulk Approve Response UUID under Bulk Review

Given the user is on the Stats page
And the column dropdown is available
When the user selects the column dropdown
And the user looks for the Bulk Review section
Then the Bulk Approve Response UUID is displayed under Bulk Review

Python:

from behave import given, when, then

@given('the user is on the Stats page')
def step_given_user_on_stats_page(context):
    pass

@given('the column dropdown is available')
def step_given_column_dropdown_available(context):
    pass

@when('the user selects the column dropdown')
def step_when_user_selects_column_dropdown(context):
    pass

@when('the user looks for the Bulk Review section')
def step_when_user_looks_for_bulk_review_section(context):
    pass

@then('the Bulk Approve Response UUID is displayed under Bulk Review')
def step_then_bulk_approve_response_uuid_displayed(context):
    pass"
423,Bulk Approve Response UUID  {createdInBulkId} display column in Stats - Workflow Responses(to be used in condition),"Gherkin:

Feature: Display Bulk Approval UUID in Stats Column

Scenario: Display createdInBulkId in Workflow Responses Stats

Given the backend has captured response UUIDs with createdInBulkId
And the Stats page is accessible
When the user views the Workflow Responses Stats
Then the createdInBulkId should be displayed in the new Stats column

Python:

from behave import given, when, then

@given('the backend has captured response UUIDs with createdInBulkId')
def step_impl(context):
    # Code to ensure backend has captured the UUIDs
    pass

@given('the Stats page is accessible')
def step_impl(context):
    # Code to ensure the Stats page can be accessed
    pass

@when('the user views the Workflow Responses Stats')
def step_impl(context):
    # Code to simulate user viewing the Stats
    pass

@then('the createdInBulkId should be displayed in the new Stats column')
def step_impl(context):
    # Code to verify the createdInBulkId is displayed
    pass"
424,[RESTRICTIONS] Cross param handling of Comment field (plain text on bulk page regardless of if rich on request),"Gherkin:

Feature: Bulk Review Comment Handling

Scenario: Display plain text option for mixed comment types

Given a Bulk Review with a mix of requests with Rich Text and plain text comments
When the Bulk Review response panel is opened
Then only the plain comments option is displayed
And text entered in plain text can be applied to both basic and rich text comment fields

Python:

from behave import given, when, then

@given('a Bulk Review with a mix of requests with Rich Text and plain text comments')
def step_given_bulk_review_with_mixed_comments(context):
    pass

@when('the Bulk Review response panel is opened')
def step_when_bulk_review_panel_opened(context):
    pass

@then('only the plain comments option is displayed')
def step_then_plain_comments_option_displayed(context):
    pass

@then('text entered in plain text can be applied to both basic and rich text comment fields')
def step_then_text_applied_to_both_comment_fields(context):
    pass"
425,Bulk Approve action Tracking surfacing in Review Request - Responses,"Gherkin:

Feature: Bulk Approve Action Tracking

Scenario: Display UI indicator for bulk response submission

Given a review request with multiple responses
And the responses are submitted in bulk
When I view the request status
Then I should see a UI indicator for bulk submission next to the responses

Python:

from behave import given, when, then

@given('a review request with multiple responses')
def step_given_review_request_with_multiple_responses(context):
    pass

@given('the responses are submitted in bulk')
def step_given_responses_submitted_in_bulk(context):
    pass

@when('I view the request status')
def step_when_view_request_status(context):
    pass

@then('I should see a UI indicator for bulk submission next to the responses')
def step_then_see_ui_indicator_for_bulk_submission(context):
    pass"
426,Bulk Approve Response action Tracking surfacing in Stats - new condition in Responses (Bulk Review > in > Yes),"Feature: Bulk Approve Response Tracking in Stats

Scenario: Display Bulk Review condition in Responses

Given the user is on the Responses page
And the condition dropdown is visible
When the user opens the condition dropdown
Then the option 'Bulk Review > in > Yes' is displayed under 'Reviewer Comment'

Python:

from behave import given, when, then

@given('the user is on the Responses page')
def step_impl(context):
    pass

@given('the condition dropdown is visible')
def step_impl(context):
    pass

@when('the user opens the condition dropdown')
def step_impl(context):
    pass

@then(""the option 'Bulk Review > in > Yes' is displayed under 'Reviewer Comment'"")
def step_impl(context):
    pass"
427,[RESTRICTIONS] When we detect not all requests have same params we modify Response section (Overall check for non-matching params),"Gherkin:

Feature: Detect and Modify Non-Matching Params in Bulk Response

Scenario: Modify response when requests have non-matching params

Given a BulkReview component with multiple requests
And each request has a set of params
When the params of the requests are compared
And not all requests have matching params
Then the bulk response section is modified

Python:

from behave import given, when, then

@given('a BulkReview component with multiple requests')
def step_given_bulk_review_component(context):
    context.requests = [
        {'params': {'id': 1, 'value': 'A'}},
        {'params': {'id': 2, 'value': 'B'}}
    ]

@given('each request has a set of params')
def step_given_requests_have_params(context):
    assert all('params' in request for request in context.requests)

@when('the params of the requests are compared')
def step_when_compare_params(context):
    context.param_sets = [request['params'] for request in context.requests]

@when('not all requests have matching params')
def step_when_check_non_matching_params(context):
    context.non_matching = len(set(frozenset(params.items()) for params in context.param_sets)) > 1

@then('the bulk response section is modified')
def step_then_modify_bulk_response(context):
    assert context.non_matching
    context.modified_response = ""Response modified due to non-matching params"""
428,"[QW] Stats - Workflow Responses: Add in data column for ""Requester Comment"" [to be done after IB-18115]","Gherkin:

Feature: Display Requester Comment in Workflow Responses

Scenario: Add Requester Comment to Data Column

Given a request is submitted with a comment
And the workflow responses are generated
When the data is retrieved
Then the Requester Comment is included in the data
And it is displayed under 'Requester' in the child column dropdown

Python:

from behave import given, when, then

@given('a request is submitted with a comment')
def step_given_request_submitted_with_comment(context):
    context.request_comment = ""This is a requester comment""

@given('the workflow responses are generated')
def step_given_workflow_responses_generated(context):
    context.workflow_responses = generate_workflow_responses(context.request_comment)

@when('the data is retrieved')
def step_when_data_is_retrieved(context):
    context.retrieved_data = retrieve_data(context.workflow_responses)

@then('the Requester Comment is included in the data')
def step_then_requester_comment_included(context):
    assert ""Requester Comment"" in context.retrieved_data

@then('it is displayed under \'Requester\' in the child column dropdown')
def step_then_displayed_under_requester(context):
    assert context.retrieved_data[""Requester Comment""] == context.request_comment"
429,"PB - As a User, I want to see Nav panel when viewing a Simple Page","Feature: Navigation Panel Visibility on Simple Page

Scenario: User views the Navigation Panel on a Simple Page

Given the user is on a Simple Page
And the user has permission to view saved pages
When the user clicks the extend/collapse button icon
Then the Left Side Panel should open as Page Nav
And the user should see all saved Simple pages in the panel

Python:

from behave import given, when, then

@given('the user is on a Simple Page')
def step_given_user_on_simple_page(context):
    pass

@given('the user has permission to view saved pages')
def step_given_user_has_permission(context):
    pass

@when('the user clicks the extend/collapse button icon')
def step_when_user_clicks_button(context):
    pass

@then('the Left Side Panel should open as Page Nav')
def step_then_panel_opens(context):
    pass

@then('the user should see all saved Simple pages in the panel')
def step_then_user_sees_saved_pages(context):
    pass"
430,"PB - As a User, I want to switch pages via Nav (with popup msg if there is a change during editing/previewing)","Feature: Page Navigation with Unsaved Changes Warning

Scenario: Warn user when navigating away with unsaved changes

Given the user is editing a page
And the page has unsaved changes
When the user attempts to navigate to another page
Then a popup warning message is displayed

Python:

from behave import given, when, then

@given('the user is editing a page')
def step_given_user_editing_page(context):
    context.page = 'editing'
    context.unsaved_changes = False

@given('the page has unsaved changes')
def step_given_unsaved_changes(context):
    context.unsaved_changes = True

@when('the user attempts to navigate to another page')
def step_when_user_navigates(context):
    context.navigation_attempt = True

@then('a popup warning message is displayed')
def step_then_popup_warning_displayed(context):
    assert context.unsaved_changes is True
    assert context.navigation_attempt is True
    context.popup_displayed = True"
431,"PB - As a User, I want to see Nav panel when editing a Simple Page(FE)","Gherkin:

Feature: Navigation Panel Visibility

Scenario: View Pages Tab in Right Side Panel

Given the user is editing an existing Simple Page
And the user has permission to view saved Simple pages
When the Right Side Panel is opened
Then the ""Pages"" tab should be visible by default
And the user should see all saved Simple pages in the ""Pages"" tab

Python:

from behave import given, when, then

@given('the user is editing an existing Simple Page')
def step_impl(context):
    pass

@given('the user has permission to view saved Simple pages')
def step_impl(context):
    pass

@when('the Right Side Panel is opened')
def step_impl(context):
    pass

@then('the ""Pages"" tab should be visible by default')
def step_impl(context):
    pass

@then('the user should see all saved Simple pages in the ""Pages"" tab')
def step_impl(context):
    pass"
432,"PB - As a User, I want to see Nav panel when creating a Simple Page(BE)","Feature: Navigation Panel Visibility for Simple Page Creation

Scenario: User sees the Pages tab in the Right Side Panel by default

Given the user is on the Simple Page creation screen
And the user has permission to view saved Simple pages
When the Right Side Panel is displayed
Then the ""Pages"" tab should be visible and opened by default
And the saved Simple pages should be listed in order of Last Updated

Python:

from behave import given, when, then

@given('the user is on the Simple Page creation screen')
def step_user_on_simple_page_creation_screen(context):
    pass

@given('the user has permission to view saved Simple pages')
def step_user_has_permission(context):
    pass

@when('the Right Side Panel is displayed')
def step_right_side_panel_displayed(context):
    pass

@then('the ""Pages"" tab should be visible and opened by default')
def step_pages_tab_visible_and_opened(context):
    pass

@then('the saved Simple pages should be listed in order of Last Updated')
def step_saved_pages_listed_by_last_updated(context):
    pass"
433,[GDA] -  As a User if I don't have permission to download the item I have to request permission to download again (or cannot download) - Part 2/2 - single download button,"Gherkin:

Feature: Request Permission to Download

Scenario: User requests permission to download an item

Given the user is logged in
And the user navigates to the item page
And the user does not have permission to download the item
When the user clicks the single download icon
Then the user is prompted to request permission to download

Python:

from behave import given, when, then

@given('the user is logged in')
def step_impl(context):
    pass

@given('the user navigates to the item page')
def step_impl(context):
    pass

@given('the user does not have permission to download the item')
def step_impl(context):
    pass

@when('the user clicks the single download icon')
def step_impl(context):
    pass

@then('the user is prompted to request permission to download')
def step_impl(context):
    pass"
434,"As a User, I want to see ""Closed Caption"" only when file format is enabled as Video from Filter Panel in Resource module","Gherkin:

Feature: Display Closed Caption based on File Format

Scenario: Show Closed Caption when Video is selected

Given the Resource module is open
And the Filter Panel is visible
When the user selects ""Video"" in the File Format filter
Then the ""Closed Caption"" option should be visible

Python:

from behave import given, when, then

@given('the Resource module is open')
def step_impl(context):
    pass

@given('the Filter Panel is visible')
def step_impl(context):
    pass

@when('the user selects ""Video"" in the File Format filter')
def step_impl(context):
    pass

@then('the ""Closed Caption"" option should be visible')
def step_impl(context):
    pass"
435,"[Cross Folder Bulk Edit] As a bulk edit user, I can see the Folder Filter in single view","Gherkin:

Feature: Cross Folder Bulk Edit

Scenario: Display Folder Filter in Single Request View

Given a user is on the Single Request page
And a single request is selected
When the page loads
Then the Folder Filter is visible
And the relevant folder is selected in the filter

Python:

from behave import given, when, then

@given('a user is on the Single Request page')
def step_given_user_on_single_request_page(context):
    pass

@given('a single request is selected')
def step_given_single_request_selected(context):
    pass

@when('the page loads')
def step_when_page_loads(context):
    pass

@then('the Folder Filter is visible')
def step_then_folder_filter_visible(context):
    pass

@then('the relevant folder is selected in the filter')
def step_then_relevant_folder_selected(context):
    pass"
436,"BP - As a User, I want the single selected Video resource via Resource Lookup to appear in Video Widget (preview linkage)","Gherkin:

Feature: Video Resource Preview in Video Widget

Scenario: Display selected video resource in Video Widget

Given a user is on the Resource Lookup page
And a video resource with .mp4 file type is available
When the user selects a single video resource
And uploads it to the Video Widget
Then the Video Widget displays the video resource with its preview link

Python:

from behave import given, when, then

@given('a user is on the Resource Lookup page')
def step_impl(context):
    pass

@given('a video resource with .mp4 file type is available')
def step_impl(context):
    pass

@when('the user selects a single video resource')
def step_impl(context):
    pass

@when('uploads it to the Video Widget')
def step_impl(context):
    pass

@then('the Video Widget displays the video resource with its preview link')
def step_impl(context):
    pass"
437,"BP - As a User, I want the single selected Image resource via Resource Lookup to appear in Image Widget (preview linkage)","Gherkin:

Feature: Display Selected Image in Widget

Scenario: Display the latest selected image in the Image Widget

Given a user has accessed the Resource Lookup overlay
And a single image resource is selected
When the user confirms the selection
Then the selected image should appear in the Image Widget
And the image should be displayed with its preview link

Python:

from behave import given, when, then

@given('a user has accessed the Resource Lookup overlay')
def step_access_resource_lookup(context):
    pass

@given('a single image resource is selected')
def step_select_single_image(context):
    pass

@when('the user confirms the selection')
def step_confirm_selection(context):
    pass

@then('the selected image should appear in the Image Widget')
def step_image_appears_in_widget(context):
    pass

@then('the image should be displayed with its preview link')
def step_image_displayed_with_preview_link(context):
    pass"
438,"BP - As a User, I want the single selected Image resource via Resource Lookup to appear as a background image in the target area (preview linkage)","Feature: Display selected image as background in target area

Scenario: Display single selected image resource as background

Given a user has accessed the Resource Lookup overlay
And a single image resource is selected
When the user confirms the selection
Then the image should appear as a background in the target area
And the image should be visible by its preview link

Python:

from behave import given, when, then

@given('a user has accessed the Resource Lookup overlay')
def step_access_resource_lookup(context):
    pass

@given('a single image resource is selected')
def step_select_single_image(context):
    pass

@when('the user confirms the selection')
def step_confirm_selection(context):
    pass

@then('the image should appear as a background in the target area')
def step_image_as_background(context):
    pass

@then('the image should be visible by its preview link')
def step_image_preview_link(context):
    pass"
439,"BP - As a User, I want to single select resources from Resource Lookup with unchangeable filter based on file type in Page Builder","Gherkin:

Feature: Resource Selection in Page Builder

Scenario: Single select image resource with locked filter

Given the user is on the Page Builder
And the user opens the Resource Lookup
When the user views the filtering options
Then the File Format filter is locked with only Image enabled
And the user selects an image resource

Python:

from behave import given, when, then

@given('the user is on the Page Builder')
def step_given_user_on_page_builder(context):
    pass

@given('the user opens the Resource Lookup')
def step_given_user_opens_resource_lookup(context):
    pass

@when('the user views the filtering options')
def step_when_user_views_filtering_options(context):
    pass

@then('the File Format filter is locked with only Image enabled')
def step_then_file_format_filter_locked(context):
    pass

@then('the user selects an image resource')
def step_then_user_selects_image_resource(context):
    pass"
440,"As a user, if ""Yes, with comments Response Option"" is enabled for the workflow, I can see 'Approve with comments' response option in Bulk Response field","Gherkin:

Feature: Bulk Response Options

Scenario: Display 'Approve with comments' when enabled

Given the ""Yes, with comments Response Option"" is enabled for the workflow
And I am on the 'My Response' panel
When I view the Bulk Response field
Then I should see the 'Approve with comments' response option

Python:

from behave import given, when, then

@given('the ""Yes, with comments Response Option"" is enabled for the workflow')
def step_given_response_option_enabled(context):
    context.response_option_enabled = True

@given('I am on the \'My Response\' panel')
def step_given_on_my_response_panel(context):
    context.on_my_response_panel = True

@when('I view the Bulk Response field')
def step_when_view_bulk_response_field(context):
    context.viewing_bulk_response_field = True

@then('I should see the \'Approve with comments\' response option')
def step_then_see_approve_with_comments_option(context):
    assert context.response_option_enabled and context.on_my_response_panel and context.viewing_bulk_response_field"
441,As a user I can only select a max of 300 items to Review in Bulk (FE),"Gherkin:

Feature: Bulk Review Item Selection

Scenario: Disable selection after 300 items are selected

Given the user is on the bulk review page
And the user has selected 299 items
When the user selects one more item
Then the total selected items should be 300
And all other select icons for non-selected items become disabled

Python:

from behave import given, when, then

@given('the user is on the bulk review page')
def step_given_user_on_bulk_review_page(context):
    pass

@given('the user has selected 299 items')
def step_given_user_selected_299_items(context):
    pass

@when('the user selects one more item')
def step_when_user_selects_one_more_item(context):
    pass

@then('the total selected items should be 300')
def step_then_total_selected_items_300(context):
    pass

@then('all other select icons for non-selected items become disabled')
def step_then_icons_for_non_selected_items_disabled(context):
    pass"
442,Need to add Stage icon in bulk review list for Staged requests,"Gherkin:

Feature: Display Stage Icon in Bulk Review List

Scenario: Update and display stage icons for staged requests in bulk review

Given the user is on the Bulk Review Page
And there are staged requests in the list
When the user performs a bulk action on the requests
Then the stage icons should update to reflect the current stage of each request

Python:

from behave import given, when, then

@given('the user is on the Bulk Review Page')
def step_given_user_on_bulk_review_page(context):
    pass

@given('there are staged requests in the list')
def step_given_staged_requests_in_list(context):
    pass

@when('the user performs a bulk action on the requests')
def step_when_user_performs_bulk_action(context):
    pass

@then('the stage icons should update to reflect the current stage of each request')
def step_then_stage_icons_update(context):
    pass"
443,"As a user, I want to see added information saved to request when I click on Navigation buttons for Single Page","Gherkin:

Feature: Navigation and State Retention for Single Page

Scenario: Retain 'Complete Stage' selection when navigating

Given a user is on the Single Page with items listed
And 'Complete Stage' is present and selected for an item
When the user navigates to another item using the navigation buttons
Then the 'Complete Stage' selection is retained for the item

Python:

from behave import given, when, then

@given('a user is on the Single Page with items listed')
def step_impl(context):
    pass

@given(""'Complete Stage' is present and selected for an item"")
def step_impl(context):
    pass

@when('the user navigates to another item using the navigation buttons')
def step_impl(context):
    pass

@then(""the 'Complete Stage' selection is retained for the item"")
def step_impl(context):
    pass"
444,"As a user I can see 'Hide Decline', 'Complete Stage' etc fields in Bulk page - bulk apply handling for new fields","Gherkin:

Feature: Bulk Apply Handling for New Fields

Scenario: Verify Bulk Apply of 'Hide Decline' and 'Complete Stage' fields

Given the user is on the Bulk page
And the 'Hide Decline' and 'Complete Stage' fields are visible
When the user applies bulk actions to these fields
Then the bulk actions should be applied successfully
And the changes should be verified in the system

Python:

from behave import given, when, then

@given('the user is on the Bulk page')
def step_given_user_on_bulk_page(context):
    pass

@given('the ""Hide Decline"" and ""Complete Stage"" fields are visible')
def step_given_fields_are_visible(context):
    pass

@when('the user applies bulk actions to these fields')
def step_when_user_applies_bulk_actions(context):
    pass

@then('the bulk actions should be applied successfully')
def step_then_bulk_actions_applied(context):
    pass

@then('the changes should be verified in the system')
def step_then_changes_verified(context):
    pass"
445,"As a user, I can see ""My Response"" section that shows all editable fields   (same params) - display of new fields","Feature: Display of Editable Fields in My Response Section

Scenario: User views the My Response section with editable fields

Given the user is on the response page
And the request settings allow for the display of the Response Comment
When the My Response section is loaded
Then the Response Comment field should be visible
And the Response Comment field should be editable

Python:

from behave import given, when, then

@given('the user is on the response page')
def step_given_user_on_response_page(context):
    pass

@given('the request settings allow for the display of the Response Comment')
def step_given_request_settings_allow_display(context):
    pass

@when('the My Response section is loaded')
def step_when_my_response_section_loaded(context):
    pass

@then('the Response Comment field should be visible')
def step_then_response_comment_visible(context):
    pass

@then('the Response Comment field should be editable')
def step_then_response_comment_editable(context):
    pass"
446,As a user I want to see 'Bulk Review' in bulk review page header (page name),"Gherkin:

Feature: Bulk Review Page Header

Scenario: Verify Bulk Review page header

Given the user is on the Bulk Review page
When the page is fully loaded
Then the page header should display ""Bulk Review""

Python:

from behave import given, when, then

@given('the user is on the Bulk Review page')
def step_given_user_on_bulk_review_page(context):
    context.browser.get('http://example.com/bulk-review')

@when('the page is fully loaded')
def step_when_page_fully_loaded(context):
    assert context.browser.execute_script(""return document.readyState"") == ""complete""

@then('the page header should display ""Bulk Review""')
def step_then_page_header_display_bulk_review(context):
    header = context.browser.find_element_by_tag_name('h1').text
    assert header == ""Bulk Review"""
447,As a user I can Bulk Submit (updates from Grouped work),"Feature: Bulk Submit Updates

Scenario: Successfully bulk submit updates from grouped work

Given the user is on the Grouped Review page
And the user has grouped updates ready for submission
When the user hovers over the ""Submit & Continue"" button
Then the tooltip text ""Submit all updates and continue"" is displayed
When the user clicks the ""Submit & Continue"" button
Then the updates are submitted successfully
And the user is redirected to the next page

Python:

from behave import given, when, then

@given('the user is on the Grouped Review page')
def step_given_user_on_grouped_review_page(context):
    pass

@given('the user has grouped updates ready for submission')
def step_given_grouped_updates_ready(context):
    pass

@when('the user hovers over the ""Submit & Continue"" button')
def step_when_hover_submit_continue(context):
    pass

@then('the tooltip text ""Submit all updates and continue"" is displayed')
def step_then_tooltip_displayed(context):
    pass

@when('the user clicks the ""Submit & Continue"" button')
def step_when_click_submit_continue(context):
    pass

@then('the updates are submitted successfully')
def step_then_updates_submitted(context):
    pass

@then('the user is redirected to the next page')
def step_then_redirected_next_page(context):
    pass"
448,As a user I can Bulk Apply (updates from Grouped work),"Gherkin:

Feature: Bulk Apply Updates

Scenario: Successfully bulk apply updates from grouped work

Given the user is on the Grouped Review page
And there are updates available to apply
When the user clicks the ""Bulk Apply"" button
Then the updates should be applied
And the apply count should be displayed on the button

Python:

from behave import given, when, then

@given('the user is on the Grouped Review page')
def step_impl(context):
    pass

@given('there are updates available to apply')
def step_impl(context):
    pass

@when('the user clicks the ""Bulk Apply"" button')
def step_impl(context):
    pass

@then('the updates should be applied')
def step_impl(context):
    pass

@then('the apply count should be displayed on the button')
def step_impl(context):
    pass"
449,As a user I can see Resources or Record Files requests in Bulk Review Page and their Request Details in the List view,"Gherkin:

Feature: Bulk Review Page Display

Scenario: Display Record File Requests in List View

Given the Bulk Review Page is loaded
And there are Record File requests available
When I navigate to the List view
Then I should see the Record File requests displayed
And the display should match the download requests format

Python:

from behave import given, when, then

@given('the Bulk Review Page is loaded')
def step_impl(context):
    pass

@given('there are Record File requests available')
def step_impl(context):
    pass

@when('I navigate to the List view')
def step_impl(context):
    pass

@then('I should see the Record File requests displayed')
def step_impl(context):
    pass

@then('the display should match the download requests format')
def step_impl(context):
    pass"
450,As a user I can open and view the Bulk Approve Review Page (Core UI),"Gherkin:

Feature: Bulk Approve Review Page Access

Scenario: User opens the Bulk Review Page

Given the user is logged into the Core UI
And the user is on the Dashboard page
When the user clicks on Bulk Review Request
Then the Bulk Review page should open

Python:

from behave import given, when, then

@given('the user is logged into the Core UI')
def step_impl(context):
    pass

@given('the user is on the Dashboard page')
def step_impl(context):
    pass

@when('the user clicks on Bulk Review Request')
def step_impl(context):
    pass

@then('the Bulk Review page should open')
def step_impl(context):
    pass"
451,As a user I want to click 'Review Request' action in action dropdown in footer to open Bulk Approve Page (action redirect),"Gherkin:

Feature: Bulk Review Request Action

Scenario: Open Bulk Review Request Page

Given the user is on the homepage
And the action dropdown in the footer is visible
When the user clicks on the action dropdown
And the user selects 'Review Request'
Then the Bulk Review Request page should open

Python:

from behave import given, when, then

@given('the user is on the homepage')
def step_given_user_on_homepage(context):
    context.browser.get('http://example.com/homepage')

@given('the action dropdown in the footer is visible')
def step_given_action_dropdown_visible(context):
    assert context.browser.find_element_by_id('footer-action-dropdown').is_displayed()

@when('the user clicks on the action dropdown')
def step_when_user_clicks_action_dropdown(context):
    context.browser.find_element_by_id('footer-action-dropdown').click()

@when('the user selects ""Review Request""')
def step_when_user_selects_review_request(context):
    context.browser.find_element_by_id('review-request-action').click()

@then('the Bulk Review Request page should open')
def step_then_bulk_review_request_page_opens(context):
    assert context.browser.current_url == 'http://example.com/bulk-review-request'"
452,As a user I want to see 'Review Request' bulk action in action dropdown in footer,"Feature: Bulk Action Footer Display

Scenario: Display Bulk Action footer when one item is selected

Given the user is on the items page
And no items are selected
When the user selects one item's checkbox
Then the Bulk Action footer bar is displayed
And the 'Review Request' option is available in the action dropdown

Python:

from behave import given, when, then

@given('the user is on the items page')
def step_impl(context):
    pass

@given('no items are selected')
def step_impl(context):
    pass

@when('the user selects one item\'s checkbox')
def step_impl(context):
    pass

@then('the Bulk Action footer bar is displayed')
def step_impl(context):
    pass

@then('the \'Review Request\' option is available in the action dropdown')
def step_impl(context):
    pass"
453,As a user I want to check cancel in footer to clear the select of all selected requests,"Feature: Bulk Action Footer Bar

Scenario: Cancel action clears selected requests

Given a user has selected one or more request checkboxes
And the Bulk Action footer bar is displayed
When the user clicks on the 'Cancel' action in the footer
Then all selected requests are cleared
And the Bulk Action footer bar is no longer displayed

Python:

from behave import given, when, then

@given('a user has selected one or more request checkboxes')
def step_impl(context):
    # Code to simulate selecting request checkboxes
    pass

@given('the Bulk Action footer bar is displayed')
def step_impl(context):
    # Code to verify the footer bar is displayed
    pass

@when('the user clicks on the \'Cancel\' action in the footer')
def step_impl(context):
    # Code to simulate clicking the 'Cancel' action
    pass

@then('all selected requests are cleared')
def step_impl(context):
    # Code to verify all requests are cleared
    pass

@then('the Bulk Action footer bar is no longer displayed')
def step_impl(context):
    # Code to verify the footer bar is not displayed
    pass"
454,As a user the Bulk Action Footer bar displays when one relevant item is selected,"Gherkin:

Feature: Bulk Action Footer Bar Display

Scenario: Display Bulk Action Footer Bar on Item Selection

Given the user is on the items page
And no items are selected
When the user selects one item's checkbox
Then the Bulk Action footer bar is displayed
And the 'Select All' action is hidden

Python:

from behave import given, when, then

@given('the user is on the items page')
def step_impl(context):
    pass

@given('no items are selected')
def step_impl(context):
    pass

@when(""the user selects one item's checkbox"")
def step_impl(context):
    pass

@then('the Bulk Action footer bar is displayed')
def step_impl(context):
    pass

@then(""the 'Select All' action is hidden"")
def step_impl(context):
    pass"
455,As a user when one checkbox of request is checked only the requests that can be bulk approved can be selected,"Feature: Bulk Approval of Requests

Scenario: Select pending requests for bulk approval

Given a list of requests with checkboxes
And some requests are marked as Pending
When a Pending request checkbox is selected
Then only checkboxes for related Pending requests remain selectable

Python:

from behave import given, when, then

@given('a list of requests with checkboxes')
def step_given_list_of_requests(context):
    context.requests = [
        {'id': 1, 'status': 'Pending'},
        {'id': 2, 'status': 'Approved'},
        {'id': 3, 'status': 'Pending'},
        {'id': 4, 'status': 'Rejected'}
    ]

@given('some requests are marked as Pending')
def step_given_pending_requests(context):
    context.pending_requests = [req for req in context.requests if req['status'] == 'Pending']

@when('a Pending request checkbox is selected')
def step_when_pending_request_selected(context):
    context.selected_request = context.pending_requests[0]

@then('only checkboxes for related Pending requests remain selectable')
def step_then_only_related_pending_selectable(context):
    selectable_requests = [req for req in context.requests if req['status'] == 'Pending']
    assert context.selected_request in selectable_requests
    assert all(req in selectable_requests for req in context.pending_requests)"
456,"As a user I only see enabled checkboxes for relevant items (disable for records, and for relevant users Reviewers/Admins)","Feature: Display of Enabled Checkboxes for Relevant Items

Scenario: Display enabled checkboxes for pending approval requests

Given a new column is displayed
And no items are selected
When the template level enables Record File Approval requests
And the template level enables Resource Feedback Approval requests
Then the checkboxes for pending Record File Approval requests are enabled
And the checkboxes for pending Resource Feedback Approval requests are enabled

Python:

from behave import given, when, then

@given('a new column is displayed')
def step_impl(context):
    pass

@given('no items are selected')
def step_impl(context):
    pass

@when('the template level enables Record File Approval requests')
def step_impl(context):
    pass

@when('the template level enables Resource Feedback Approval requests')
def step_impl(context):
    pass

@then('the checkboxes for pending Record File Approval requests are enabled')
def step_impl(context):
    pass

@then('the checkboxes for pending Resource Feedback Approval requests are enabled')
def step_impl(context):
    pass"
457,As a user I only see the checkbox *column* when relevant (core mcp / template level check),"Gherkin:

Feature: Display Bulk Actions Checkbox Column

Scenario: Display checkbox column when MCP setting is enabled

Given the user is on the template page
And the MCP development setting is enabled
When the page is loaded
Then the checkbox column is displayed

Python:

from behave import given, when, then

@given('the user is on the template page')
def step_given_user_on_template_page(context):
    pass

@given('the MCP development setting is enabled')
def step_given_mcp_setting_enabled(context):
    pass

@when('the page is loaded')
def step_when_page_loaded(context):
    pass

@then('the checkbox column is displayed')
def step_then_checkbox_column_displayed(context):
    pass"
458,As an Admin user I want to enable Bulk Approve in Admin > Workflow Templates,"Feature: Enable Bulk Approve in Workflow Templates

Scenario: Display new setting for Record File Approval Templates

Given the Bulk Approval MCP setting is enabled
And I am on the Admin > Workflow Templates page
When I edit an existing Record File Approval Template
Then a new setting should be displayed for the template

Python:

from behave import given, when, then

@given('the Bulk Approval MCP setting is enabled')
def step_impl(context):
    # Code to ensure Bulk Approval MCP setting is enabled
    pass

@given('I am on the Admin > Workflow Templates page')
def step_impl(context):
    # Code to navigate to the Workflow Templates page
    pass

@when('I edit an existing Record File Approval Template')
def step_impl(context):
    # Code to edit an existing Record File Approval Template
    pass

@then('a new setting should be displayed for the template')
def step_impl(context):
    # Code to verify the new setting is displayed
    pass"
459,Bulk Approvals - MCP Development Setting,"Gherkin:

Feature: Bulk Approvals Development Setting

Scenario: Enable Bulk Approvals in Development

Given the user is on the MCP development settings page
And the ""Approvals List (V3)"" feature is available
When the user enables the ""Bulk Approvals"" setting
Then the setting should be saved successfully
And the Bulk Approvals feature should be activated for sprint 203

Python:

from behave import given, when, then

@given('the user is on the MCP development settings page')
def step_impl(context):
    pass

@given('the ""Approvals List (V3)"" feature is available')
def step_impl(context):
    pass

@when('the user enables the ""Bulk Approvals"" setting')
def step_impl(context):
    pass

@then('the setting should be saved successfully')
def step_impl(context):
    pass

@then('the Bulk Approvals feature should be activated for sprint 203')
def step_impl(context):
    pass"
460,"FE task: As a User, I want to Delete the name from resources across platform on Training Centre","Feature: Delete Profile from Training Centre

Scenario: User deletes a recognised face profile

Given the user is on the Training Centre page
And the user sees a recognised face with a ""Delete profile"" icon
When the user hovers over the ""Delete profile"" icon
Then a tooltip is displayed
When the user clicks the ""Delete profile"" icon
Then the profile is removed from the resources

Python:

from behave import given, when, then

@given('the user is on the Training Centre page')
def step_impl(context):
    pass

@given('the user sees a recognised face with a ""Delete profile"" icon')
def step_impl(context):
    pass

@when('the user hovers over the ""Delete profile"" icon')
def step_impl(context):
    pass

@then('a tooltip is displayed')
def step_impl(context):
    pass

@when('the user clicks the ""Delete profile"" icon')
def step_impl(context):
    pass

@then('the profile is removed from the resources')
def step_impl(context):
    pass"
461,"As a user I want to be able to click on a ""Known"" face on Info Preview to perform a search with that name","Gherkin:

Feature: Search by Known Face

Scenario: Click on a Known face to perform a search

Given the user is on the Info Preview page
And there are Known faces displayed in the tag area
When the user hovers over a Known face
And the user clicks on the Known face
Then a new tab opens with the person's name in the resource search bar

Python:

from behave import given, when, then

@given('the user is on the Info Preview page')
def step_impl(context):
    # Code to navigate to the Info Preview page
    pass

@given('there are Known faces displayed in the tag area')
def step_impl(context):
    # Code to ensure Known faces are displayed
    pass

@when('the user hovers over a Known face')
def step_impl(context):
    # Code to simulate hovering over a Known face
    pass

@when('the user clicks on the Known face')
def step_impl(context):
    # Code to simulate clicking on a Known face
    pass

@then('a new tab opens with the person\'s name in the resource search bar')
def step_impl(context):
    # Code to verify a new tab opens with the name in the search bar
    pass"
462,"2FA: option to select between SMS, Email, or both as options to receive the code (option set at the client level, not configurable per user)","Gherkin:

Feature: Two-Factor Authentication Type Selection

Scenario: Admin sets 2FA type to SMS in Login and Security settings

Given the admin is on the Admin > Settings > Login and Security page
And the User Setting or Global option is enabled
When the admin sees the Two-Factor Authentication (2FA) settings
And the admin checks the 2FA Type: SMS checkbox
Then the 2FA Type should be set to SMS

Python:

from behave import given, when, then

@given('the admin is on the Admin > Settings > Login and Security page')
def step_impl(context):
    pass

@given('the User Setting or Global option is enabled')
def step_impl(context):
    pass

@when('the admin sees the Two-Factor Authentication (2FA) settings')
def step_impl(context):
    pass

@when('the admin checks the 2FA Type: SMS checkbox')
def step_impl(context):
    pass

@then('the 2FA Type should be set to SMS')
def step_impl(context):
    pass"
463,FR: Clone MCP Site handling,"Feature: MCP Site Data Management

Scenario: Remove existing facial data and related flags

Given the user is on the MCP site
And the user has existing facial data stored
When the user selects the checkbox to remove facial data
And confirms the removal action
Then the facial data and related flags are completely removed

Python:

from behave import given, when, then

@given('the user is on the MCP site')
def step_given_user_on_mcp_site(context):
    pass

@given('the user has existing facial data stored')
def step_given_user_has_facial_data(context):
    pass

@when('the user selects the checkbox to remove facial data')
def step_when_user_selects_checkbox(context):
    pass

@when('confirms the removal action')
def step_when_user_confirms_removal(context):
    pass

@then('the facial data and related flags are completely removed')
def step_then_data_removed(context):
    pass"
464,"PB - As a User, I want to single-select resource from resource module overlay","Gherkin:

Feature: Single-select Resource from Resource Module Overlay

Scenario: User selects a single image resource for background

Given the user is on the resource module overlay
And the overlay displays a list of image resources
When the user selects a single image resource
And confirms the selection
Then the selected image resource is saved
And the image is uploaded to the designated area in Page Builder

Python:

from behave import given, when, then

@given('the user is on the resource module overlay')
def step_user_on_resource_module_overlay(context):
    pass

@given('the overlay displays a list of image resources')
def step_overlay_displays_image_resources(context):
    pass

@when('the user selects a single image resource')
def step_user_selects_single_image_resource(context):
    pass

@when('confirms the selection')
def step_user_confirms_selection(context):
    pass

@then('the selected image resource is saved')
def step_selected_image_resource_saved(context):
    pass

@then('the image is uploaded to the designated area in Page Builder')
def step_image_uploaded_to_page_builder(context):
    pass"
465,"PB - As a User, I want to see and access resource module via a lookup button to select & upload Resources into Page Builder","Gherkin:

Feature: Resource Module Access via Lookup Button

Scenario: User accesses resource module using the lookup button

Given the user is on the Page Builder side panel
And the side panel is visible
When the user sees the ""Select"" button
And the user clicks the ""Select"" button
Then the resource module should be displayed

Python:

from behave import given, when, then

@given('the user is on the Page Builder side panel')
def step_given_user_on_page_builder(context):
    pass

@given('the side panel is visible')
def step_given_side_panel_visible(context):
    pass

@when('the user sees the ""Select"" button')
def step_when_user_sees_select_button(context):
    pass

@when('the user clicks the ""Select"" button')
def step_when_user_clicks_select_button(context):
    pass

@then('the resource module should be displayed')
def step_then_resource_module_displayed(context):
    pass"
466,"As a user in single view when I click previous/next, or Save & Next,  this takes into account my Search/Filtered results","Gherkin:

Feature: Navigate through filtered search results

Scenario: Navigate to the next item in filtered results

Given the user has applied a search filter
And the user is viewing a single item from the filtered results
When the user clicks ""Next""
Then the next item in the filtered results is displayed

Python:

from behave import given, when, then

@given('the user has applied a search filter')
def step_impl(context):
    # Code to apply a search filter
    pass

@given('the user is viewing a single item from the filtered results')
def step_impl(context):
    # Code to ensure the user is viewing a single item
    pass

@when('the user clicks ""Next""')
def step_impl(context):
    # Code to simulate clicking ""Next""
    pass

@then('the next item in the filtered results is displayed')
def step_impl(context):
    # Code to verify the next item is displayed
    pass"
467,"PB - As a User, I want to report Create Page action in the usage reporting","Feature: Report Create Page Action

Scenario: User reports a Create Page action for usage reporting

Given a user is logged into the system
And the user is on the Create Page
When the user performs a Create Page action
Then the Simple Page report should be updated
And the User Usage Report should reflect the action
And the Custom Page Usage Report should include the action

Python:

from behave import given, when, then

@given('a user is logged into the system')
def step_impl(context):
    pass

@given('the user is on the Create Page')
def step_impl(context):
    pass

@when('the user performs a Create Page action')
def step_impl(context):
    pass

@then('the Simple Page report should be updated')
def step_impl(context):
    pass

@then('the User Usage Report should reflect the action')
def step_impl(context):
    pass

@then('the Custom Page Usage Report should include the action')
def step_impl(context):
    pass"
468,"PB - As a User, I want to report Edit Page action in the usage reporting","Gherkin:

Feature: User Usage Reporting for Edit Page Action

Scenario: Report Edit Page Action in Usage Report

Given a user is logged into the system
And the user navigates to a Simple Page
When the user performs an Edit action on the page
Then the Edit action should be recorded in the User Usage Report

Python:

from behave import given, when, then

@given('a user is logged into the system')
def step_impl(context):
    pass

@given('the user navigates to a Simple Page')
def step_impl(context):
    pass

@when('the user performs an Edit action on the page')
def step_impl(context):
    pass

@then('the Edit action should be recorded in the User Usage Report')
def step_impl(context):
    pass"
469,"PB - As a User, I want to report Delete Page action in the usage reporting","Gherkin:

Feature: Report Delete Page Action

Scenario: User reports a Delete Page action

Given a user is logged into the system
And the user has access to the usage reporting feature
When the user deletes a page
Then the Simple Page report should include the Delete action
And the User Usage Report should reflect the Delete action
And the Custom Page Usage Report should update with the Delete action

Python:

from behave import given, when, then

@given('a user is logged into the system')
def step_impl(context):
    pass

@given('the user has access to the usage reporting feature')
def step_impl(context):
    pass

@when('the user deletes a page')
def step_impl(context):
    pass

@then('the Simple Page report should include the Delete action')
def step_impl(context):
    pass

@then('the User Usage Report should reflect the Delete action')
def step_impl(context):
    pass

@then('the Custom Page Usage Report should update with the Delete action')
def step_impl(context):
    pass"
470,"PB - As a User, I want to report View Page action in the usage reporting","Gherkin:

Feature: User Usage Reporting

Scenario: Report View Page Action

Given a user is on a Simple Page
And the user is logged into the system
When the user views the page
Then the View Page action is recorded in the User Usage Report
And the View Page action is recorded in the Custom Page Usage Report

Python:

from behave import given, when, then

@given('a user is on a Simple Page')
def step_given_user_on_simple_page(context):
    pass

@given('the user is logged into the system')
def step_given_user_logged_in(context):
    pass

@when('the user views the page')
def step_when_user_views_page(context):
    pass

@then('the View Page action is recorded in the User Usage Report')
def step_then_view_recorded_user_report(context):
    pass

@then('the View Page action is recorded in the Custom Page Usage Report')
def step_then_view_recorded_custom_report(context):
    pass"
471,"PB - As a User, I want to report Resource Download (Original) action in Usage Reporting for Custom Page Module","Feature: Report Resource Download Action in Usage Reporting

Scenario: Track Smart Page usage for original size resource download

Given a user is on the Custom Page Module
And the user has access to a resource in ""Best"" quality
When the user downloads the resource
Then the download action is reported in Usage Reporting

Python:

from behave import given, when, then

@given('a user is on the Custom Page Module')
def step_given_user_on_custom_page(context):
    pass

@given('the user has access to a resource in ""Best"" quality')
def step_given_user_has_access_to_best_quality_resource(context):
    pass

@when('the user downloads the resource')
def step_when_user_downloads_resource(context):
    pass

@then('the download action is reported in Usage Reporting')
def step_then_download_reported_in_usage_reporting(context):
    pass"
472,"PB - As a User, I want to report on Resource downloaded (Original) separately than added in Smart Page for Resource Module (Usage)","Gherkin:

Feature: Resource Usage Reporting

Scenario: Track Resource Download in Smart Pages

Given a previously uploaded Resource is available in the system
And the Resource is of Original size type ""Best"" quality
When the User downloads the Resource via Resource Lookup in Smart Pages
Then the Resource download action is tracked in the Resource Usage Report

Python:

from behave import given, when, then

@given('a previously uploaded Resource is available in the system')
def step_given_resource_available(context):
    pass

@given('the Resource is of Original size type ""Best"" quality')
def step_given_resource_best_quality(context):
    pass

@when('the User downloads the Resource via Resource Lookup in Smart Pages')
def step_when_user_downloads_resource(context):
    pass

@then('the Resource download action is tracked in the Resource Usage Report')
def step_then_resource_download_tracked(context):
    pass"
473,"PB - As a User, I want to set Page/Section/Block/Widgets Colour in Opacity ","Feature: Set Opacity for Page Elements

Scenario: User sets opacity for Page background and Widgets

Given the user is on the design page
And the user has selected a Page element
When the user adjusts the opacity bar below the hue bar
And sets the desired opacity level
Then the Page element's background should reflect the new opacity
And the Colour Palette Widget's Colour should reflect the new opacity
And the Button Widget's Text and Background should reflect the new opacity

Python:

from behave import given, when, then

@given('the user is on the design page')
def step_impl(context):
    pass

@given('the user has selected a Page element')
def step_impl(context):
    pass

@when('the user adjusts the opacity bar below the hue bar')
def step_impl(context):
    pass

@when('sets the desired opacity level')
def step_impl(context):
    pass

@then(""the Page element's background should reflect the new opacity"")
def step_impl(context):
    pass

@then(""the Colour Palette Widget's Colour should reflect the new opacity"")
def step_impl(context):
    pass

@then(""the Button Widget's Text and Background should reflect the new opacity"")
def step_impl(context):
    pass"
474,Folder Filter: Navigation Behaviour issues/updates between single and bulk,"Gherkin:

Feature: Folder Filter Navigation

Scenario: Return to Bulk List with Filter After Closing Single File

Given a user has selected a folder from the filter
And the user has opened a single file from the filtered list
When the user clicks close or cancel on the file
Then the user should be returned to the Bulk List page
And the filter choice should still be engaged
And the correct resources should be displaying

Python:

from behave import given, when, then

@given('a user has selected a folder from the filter')
def step_impl(context):
    pass

@given('the user has opened a single file from the filtered list')
def step_impl(context):
    pass

@when('the user clicks close or cancel on the file')
def step_impl(context):
    pass

@then('the user should be returned to the Bulk List page')
def step_impl(context):
    pass

@then('the filter choice should still be engaged')
def step_impl(context):
    pass

@then('the correct resources should be displaying')
def step_impl(context):
    pass"
475,"As a bulk edit user, I can see the Folder name for the resource in single view","Feature: Display Folder Name in Single View

Scenario: View Folder Name on Single View Page

Given the user is on the Single View page of a resource
And the resource belongs to a folder named ""Project A""
When the page is loaded
Then the page title should include ""Project A""

Python:

from behave import given, when, then

@given('the user is on the Single View page of a resource')
def step_given_user_on_single_view_page(context):
    context.page = ""Single View""
    context.folder_name = ""Project A""

@given('the resource belongs to a folder named ""Project A""')
def step_given_resource_belongs_to_folder(context):
    assert context.folder_name == ""Project A""

@when('the page is loaded')
def step_when_page_is_loaded(context):
    context.page_title = f""{context.folder_name} - {context.page}""

@then('the page title should include ""Project A""')
def step_then_page_title_includes_folder_name(context):
    assert ""Project A"" in context.page_title"
476,"As a User, I want to filter Image Resources that flagged with Unknown faces","Gherkin:

Feature: Filter Image Resources by Unknown Faces

Scenario: Filter resources with Unknown People condition

Given the user is on the resource filter panel
And the ""Unknown People"" condition is visible below ""People""
When the user selects the ""Unknown People"" condition
Then the resources are filtered to show only those with Unknown faces

Python:

from behave import given, when, then

@given('the user is on the resource filter panel')
def step_impl(context):
    pass

@given('the ""Unknown People"" condition is visible below ""People""')
def step_impl(context):
    pass

@when('the user selects the ""Unknown People"" condition')
def step_impl(context):
    pass

@then('the resources are filtered to show only those with Unknown faces')
def step_impl(context):
    pass"
477,"As a User, I want to see Training Center popup with dedicated paddings & sizes","Gherkin:

Feature: Training Center Popup Display

Scenario: Verify dedicated paddings and sizes on the Training Center popup

Given the user is on the Training Center page
When the Training Center popup is displayed
Then the popup should have the correct padding
And the popup should have the correct size

Python:

from behave import given, when, then

@given('the user is on the Training Center page')
def step_given_user_on_training_center_page(context):
    # Code to navigate to the Training Center page
    pass

@when('the Training Center popup is displayed')
def step_when_popup_displayed(context):
    # Code to trigger the display of the Training Center popup
    pass

@then('the popup should have the correct padding')
def step_then_popup_correct_padding(context):
    # Code to verify the popup has the correct padding
    pass

@then('the popup should have the correct size')
def step_then_popup_correct_size(context):
    # Code to verify the popup has the correct size
    pass"
478,"PB - (Misc) As a User, I want to have a standard Text Widget - Link input without a placeholder","Gherkin:

Feature: Text Widget Link Input

Scenario: Display text widget link popup without placeholder

Given the user is on the text widget page
And the text widget is visible
When the user clicks on the link input
Then the link popup should be displayed
And the link input should not have a placeholder

Python:

from behave import given, when, then

@given('the user is on the text widget page')
def step_impl(context):
    pass

@given('the text widget is visible')
def step_impl(context):
    pass

@when('the user clicks on the link input')
def step_impl(context):
    pass

@then('the link popup should be displayed')
def step_impl(context):
    pass

@then('the link input should not have a placeholder')
def step_impl(context):
    pass"
479,"As a User, I want to control Daily Digest trigger of New Comments in Admin/My Account","Feature: Manage Daily Digest for New Comments

Scenario: Enable daily digest for new comments

Given the user is on the Admin Alert settings page
And the New Comments setting is visible
When the user selects the daily digest option
And applies the setting
Then the daily digest for new comments is enabled

Python:

from behave import given, when, then

@given('the user is on the Admin Alert settings page')
def step_impl(context):
    pass

@given('the New Comments setting is visible')
def step_impl(context):
    pass

@when('the user selects the daily digest option')
def step_impl(context):
    pass

@when('applies the setting')
def step_impl(context):
    pass

@then('the daily digest for new comments is enabled')
def step_impl(context):
    pass"
480,"As a User, I want to access Reply action for New Comments in Daily Digest Email","Gherkin:

Feature: Access Reply Action in Daily Digest Email

Scenario: User clicks on Reply for a new comment

Given the user has received the Daily Digest Email
And the email contains new comments
When the user sees the ""Reply"" link for a comment
And the user clicks on the ""Reply"" link
Then the user is redirected to the Reply page in a new tab

Python:

from behave import given, when, then

@given('the user has received the Daily Digest Email')
def step_impl(context):
    pass

@given('the email contains new comments')
def step_impl(context):
    pass

@when('the user sees the ""Reply"" link for a comment')
def step_impl(context):
    pass

@when('the user clicks on the ""Reply"" link')
def step_impl(context):
    pass

@then('the user is redirected to the Reply page in a new tab')
def step_impl(context):
    pass"
481,"As a User, I want to see New Comments in Daily Digest Email","Gherkin:

Feature: Daily Digest Email with New Comments

Scenario: User receives daily digest email with new markup comments

Given a user is subscribed to daily digest emails
And there are new markup comments added since the last email
When the daily digest email is generated
Then the email should include the new markup comments

Python:

from behave import given, when, then

@given('a user is subscribed to daily digest emails')
def step_impl(context):
    pass

@given('there are new markup comments added since the last email')
def step_impl(context):
    pass

@when('the daily digest email is generated')
def step_impl(context):
    pass

@then('the email should include the new markup comments')
def step_impl(context):
    pass"
482,"As a User, I want to control Daily Digest trigger of New Replies in Admin/My Account","Gherkin:

Feature: Manage Daily Digest Settings for New Replies

Scenario: User sets daily digest frequency to daily

Given the user is on the Admin - Alert settings page
And the New Replies setting is visible
When the user selects ""daily"" for the digest frequency
And the user saves the changes
Then the digest frequency should be set to ""daily""

Python:

from behave import given, when, then

@given('the user is on the Admin - Alert settings page')
def step_impl(context):
    pass

@given('the New Replies setting is visible')
def step_impl(context):
    pass

@when('the user selects ""daily"" for the digest frequency')
def step_impl(context):
    pass

@when('the user saves the changes')
def step_impl(context):
    pass

@then('the digest frequency should be set to ""daily""')
def step_impl(context):
    pass"
483,"As a User, I want to access Reply action for New Replies in Daily Digest Email","Gherkin:

Feature: Access Reply Action in Daily Digest Email

Scenario: User replies to a new comment from Daily Digest Email

Given the user has received the Daily Digest Email
And the email contains a new reply notification
When the user clicks on the ""Reply"" link
Then the user is redirected to the Reply page in a new tab
And the applicable comment is highlighted
And the text-box is active for the user to type a reply

Python:

from behave import given, when, then

@given('the user has received the Daily Digest Email')
def step_impl(context):
    pass

@given('the email contains a new reply notification')
def step_impl(context):
    pass

@when('the user clicks on the ""Reply"" link')
def step_impl(context):
    pass

@then('the user is redirected to the Reply page in a new tab')
def step_impl(context):
    pass

@then('the applicable comment is highlighted')
def step_impl(context):
    pass

@then('the text-box is active for the user to type a reply')
def step_impl(context):
    pass"
484,"As a User, I want to see New Replies in Daily Digest Email","Gherkin:

Feature: Daily Digest Email with New Replies

Scenario: View new replied comments in daily digest email

Given a user has a daily digest email subscription
And there are new replied comments on their posts
When the daily digest email is generated
Then the email should include the new replied comments
And the email should display the comment contents, user, and time

Python:

from behave import given, when, then

@given('a user has a daily digest email subscription')
def step_impl(context):
    pass

@given('there are new replied comments on their posts')
def step_impl(context):
    pass

@when('the daily digest email is generated')
def step_impl(context):
    pass

@then('the email should include the new replied comments')
def step_impl(context):
    pass

@then('the email should display the comment contents, user, and time')
def step_impl(context):
    pass"
485,"FR - As a User, I want to filter Image Resource by tagged faces (with names) from Search - Filter - People","Gherkin:

Feature: Filter Image Resources by Tagged Faces

Scenario: Filter images by entering a name in the People filter

Given the user is on the Resource Search Filter panel
And the People filter section is visible
When the user inputs a name in the People filter
Then the images are filtered to show only those with tagged faces matching the name

Python:

from behave import given, when, then

@given('the user is on the Resource Search Filter panel')
def step_impl(context):
    pass

@given('the People filter section is visible')
def step_impl(context):
    pass

@when('the user inputs a name in the People filter')
def step_impl(context):
    pass

@then('the images are filtered to show only those with tagged faces matching the name')
def step_impl(context):
    pass"
486,"PB - (Misc) As a User, I want to exit Editing mode and go back to Custom Page List during creating/editing a Simple Page","Feature: Exit Editing Mode

Scenario: User exits Editing mode to return to Custom Page List

Given the user is in Editing mode on a Simple Page
And the page exit button is visible on the top bar
When the user clicks on the page exit button
Then the user should be redirected to the Custom Page List

Python:

from behave import given, when, then

@given('the user is in Editing mode on a Simple Page')
def step_given_user_in_editing_mode(context):
    context.page_mode = 'editing'

@given('the page exit button is visible on the top bar')
def step_given_exit_button_visible(context):
    context.exit_button_visible = True

@when('the user clicks on the page exit button')
def step_when_user_clicks_exit_button(context):
    if context.exit_button_visible:
        context.page_mode = 'custom_page_list'

@then('the user should be redirected to the Custom Page List')
def step_then_redirected_to_custom_page_list(context):
    assert context.page_mode == 'custom_page_list'"
487,[FILTERS] As a user I can see the currently applied filter above the list / select between filters - on the fly filter support,"Gherkin:

Feature: Filter Management

Scenario: Toggle between filters and view applied filter

Given the user is on the filterable list page
And there are multiple filters available
When the user selects a filter
Then the list is updated according to the selected filter
And the selected filter is displayed above the list

Python:

from behave import given, when, then

@given('the user is on the filterable list page')
def step_impl(context):
    pass

@given('there are multiple filters available')
def step_impl(context):
    pass

@when('the user selects a filter')
def step_impl(context):
    pass

@then('the list is updated according to the selected filter')
def step_impl(context):
    pass

@then('the selected filter is displayed above the list')
def step_impl(context):
    pass"
488,[GDA] -  As a User if I don't have permission to download the item I have to request permission to download again (or cannot download) - Part 1/2 - grouped download button,"Feature: Bulk Download Permission Request

Scenario: User without permission attempts bulk download

Given the user is on the items list page
And the user selects multiple items
And the user does not have permission to download any selected items
When the user clicks on the bulk download button
Then the user is redirected to the Bulk Request Approval page

Python:

from behave import given, when, then

@given('the user is on the items list page')
def step_impl(context):
    pass

@given('the user selects multiple items')
def step_impl(context):
    pass

@given('the user does not have permission to download any selected items')
def step_impl(context):
    pass

@when('the user clicks on the bulk download button')
def step_impl(context):
    pass

@then('the user is redirected to the Bulk Request Approval page')
def step_impl(context):
    pass"
489,[GDA] -  As a User I want to be able to bulk download my items when able,"Gherkin:

Feature: Bulk Download of Items

Scenario: User downloads items in bulk after request approval

Given the user has requested to download items in bulk
And the request has been approved
And the current time is within the approved timeframe
When the user initiates the bulk download
Then the items are downloaded successfully

Python:

from behave import given, when, then

@given('the user has requested to download items in bulk')
def step_given_user_requested_bulk_download(context):
    pass

@given('the request has been approved')
def step_given_request_approved(context):
    pass

@given('the current time is within the approved timeframe')
def step_given_within_approved_timeframe(context):
    pass

@when('the user initiates the bulk download')
def step_when_user_initiates_bulk_download(context):
    pass

@then('the items are downloaded successfully')
def step_then_items_downloaded_successfully(context):
    pass"
490,"[GDA] -  Once user has responded, item will be ignored in bulk Apply + submit","Feature: Manage User Responses on Grouped List

Scenario: User responds and submits individual requests

Given the user is on the Grouped List page
And the user has selected multiple requests
And the user has responded to a request
When the user submits the requests
Then the requests remain selected if validation passes
And the user can update responses individually

Python:

from behave import given, when, then

@given('the user is on the Grouped List page')
def step_impl(context):
    pass

@given('the user has selected multiple requests')
def step_impl(context):
    pass

@given('the user has responded to a request')
def step_impl(context):
    pass

@when('the user submits the requests')
def step_impl(context):
    pass

@then('the requests remain selected if validation passes')
def step_impl(context):
    pass

@then('the user can update responses individually')
def step_impl(context):
    pass"
491,"[GDA] - As a user, I want to be able to Update my Response in single review page 1/2: Core handling","Gherkin:

Feature: Update Response in Single Review Page

Scenario: User updates their response in a pending review

Given the user is on the Grouped Review page
And the review request is in a pending state
And the user has previously responded to the request
When the user navigates to the single review page
And the user clicks on the ""Update Response"" button in the ""My Response"" section
Then the user should be able to update their response

Python:

from behave import given, when, then

@given('the user is on the Grouped Review page')
def step_impl(context):
    pass

@given('the review request is in a pending state')
def step_impl(context):
    pass

@given('the user has previously responded to the request')
def step_impl(context):
    pass

@when('the user navigates to the single review page')
def step_impl(context):
    pass

@when('the user clicks on the ""Update Response"" button in the ""My Response"" section')
def step_impl(context):
    pass

@then('the user should be able to update their response')
def step_impl(context):
    pass"
492,"[GDA] - As a user, I want to be able to click Submit & Next (single view) and have validation checks occurs","Feature: Submit and Validate Single Request

Scenario: Validate mandatory fields on Submit & Next

Given a user is on the single request view
And the comment field is mandatory
And the response field is present
When the user clicks ""Submit & Next""
Then the system checks if the comment field is filled
And the system checks if the response field is filled

Python:

from behave import given, when, then

@given('a user is on the single request view')
def step_given_user_on_single_request_view(context):
    pass

@given('the comment field is mandatory')
def step_given_comment_field_mandatory(context):
    pass

@given('the response field is present')
def step_given_response_field_present(context):
    pass

@when('the user clicks ""Submit & Next""')
def step_when_user_clicks_submit_next(context):
    pass

@then('the system checks if the comment field is filled')
def step_then_check_comment_field_filled(context):
    pass

@then('the system checks if the response field is filled')
def step_then_check_response_field_filled(context):
    pass"
493,"[GDA] - As a user, I want to be able to click Submit & Next (single view) and be taken to the next item in the list","Feature: Navigate to next item using Submit & Next button

Scenario: User clicks Submit & Next to go to the next item

Given the user is on the single view page
And there is a list of items to navigate
When the user clicks the ""Submit & Next"" button
Then the user should be taken to the next item in the list

Python:

from behave import given, when, then

@given('the user is on the single view page')
def step_given_user_on_single_view_page(context):
    pass

@given('there is a list of items to navigate')
def step_given_list_of_items(context):
    pass

@when('the user clicks the ""Submit & Next"" button')
def step_when_user_clicks_submit_next(context):
    pass

@then('the user should be taken to the next item in the list')
def step_then_user_taken_to_next_item(context):
    pass"
494,"[GDA] - As a user, I can add comment, approve/decline, select approved / until date in Grouped Approval Review Page & Apply that to Selected requests","Feature: Grouped Approval Review Page Actions

Scenario: Apply comment and approval to selected requests

Given the user is on the Grouped Approval Review Page
And the user has selected requests
When the user adds a comment to the selected requests
And the user approves the selected requests
Then the selected requests should be updated with the comment and approval status

Python:

from behave import given, when, then

@given('the user is on the Grouped Approval Review Page')
def step_impl(context):
    pass

@given('the user has selected requests')
def step_impl(context):
    pass

@when('the user adds a comment to the selected requests')
def step_impl(context):
    pass

@when('the user approves the selected requests')
def step_impl(context):
    pass

@then('the selected requests should be updated with the comment and approval status')
def step_impl(context):
    pass"
495,As a user I want to see time to complete for requests in Workflow Dashboards (UPDATE) including Reviewed Status Requests,"Feature: Display Time to Complete for Requests in Workflow Dashboards

Scenario: View time to complete for Reviewed Status Requests in a specific Workflow

Given the user is on the Workflow Dashboards page
And the user has selected a specific Workflow
When the user views the Item List
Then the time to complete for each request is displayed
And requests with Reviewed Status are included

Python:

from behave import given, when, then

@given('the user is on the Workflow Dashboards page')
def step_impl(context):
    pass

@given('the user has selected a specific Workflow')
def step_impl(context):
    pass

@when('the user views the Item List')
def step_impl(context):
    pass

@then('the time to complete for each request is displayed')
def step_impl(context):
    pass

@then('requests with Reviewed Status are included')
def step_impl(context):
    pass"
496,"CT - As a User, on Add Revision page I should be able to see my Threads and switch between them but not Manage them.","Gherkin:

Feature: View and Switch Threads on Add Revision Page

Scenario: User switches between Threads and views comments

Given the user is on the Add Revision page
And the user can see a list of Threads
When the user selects a Thread
Then the user should see all comments of the selected Thread
And the user should not see options to manage or create Threads

Python:

from behave import given, when, then

@given('the user is on the Add Revision page')
def step_given_user_on_add_revision_page(context):
    pass

@given('the user can see a list of Threads')
def step_given_user_can_see_list_of_threads(context):
    pass

@when('the user selects a Thread')
def step_when_user_selects_a_thread(context):
    pass

@then('the user should see all comments of the selected Thread')
def step_then_user_sees_comments_of_selected_thread(context):
    pass

@then('the user should not see options to manage or create Threads')
def step_then_user_does_not_see_manage_or_create_options(context):
    pass"
497,"As a User, In the V2 Database Settings - I want to select a Feature Field Completion Value which will offer the approval statuses as options","Gherkin:

Feature: Feature Field Completion Value Selection

Scenario: Display approval statuses when Multi Upload field is selected

Given a V2 Database Settings page
And a Multi Upload field is selected as a Feature Field
When I view the Feature Field Completion Value options
Then the options should include Approved, Cancelled, Completed, Declined, Pending

Python:

from behave import given, when, then

@given('a V2 Database Settings page')
def step_given_v2_database_settings_page(context):
    pass

@given('a Multi Upload field is selected as a Feature Field')
def step_given_multi_upload_field_selected(context):
    pass

@when('I view the Feature Field Completion Value options')
def step_when_view_feature_field_completion_value_options(context):
    pass

@then('the options should include Approved, Cancelled, Completed, Declined, Pending')
def step_then_options_include_approval_statuses(context):
    pass"
498,As a user I want to filter by number of revisions for Resource Publish Requests in Workflow Request Stats,"Gherkin:

Feature: Filter Workflow Requests by Markup Comments Revisions

Scenario: Display Markup Comments Revisions option when All Workflows is selected

Given the user is on the Workflow Request Stats page
And the user has access to filter options
When the user selects ""All Workflows""
Then the ""Markup Comments Revisions"" option is available

Python:

from behave import given, when, then

@given('the user is on the Workflow Request Stats page')
def step_impl(context):
    pass

@given('the user has access to filter options')
def step_impl(context):
    pass

@when('the user selects ""All Workflows""')
def step_impl(context):
    pass

@then('the ""Markup Comments Revisions"" option is available')
def step_impl(context):
    pass"
499,As a user I want to run a stats report for database tool and see files from multi upload field represented each on their own row (excluding in Duplicable sections),"Gherkin:

Feature: Multi-file Upload Representation in Stats Report

Scenario: Display each file on its own row in the stats report

Given a database tool with a multi upload field containing multiple files
And the files are not in duplicable sections
When the stats report is generated
Then each file is represented on its own row in the report

Python:

from behave import given, when, then

@given('a database tool with a multi upload field containing multiple files')
def step_given_multi_upload_field(context):
    pass

@given('the files are not in duplicable sections')
def step_given_not_in_duplicable_sections(context):
    pass

@when('the stats report is generated')
def step_when_report_generated(context):
    pass

@then('each file is represented on its own row in the report')
def step_then_files_on_own_row(context):
    pass"
500,As a user I want to filter by time to complete for any workflow request in Workflow Response Stats Reporting - conditions,"Gherkin:

Feature: Filter Workflow Requests by Time to Complete

Scenario: Filter workflow requests by 'Time to Complete (Hours)'

Given the user is on the Workflow Response Stats reports page
And the 'Workflow Request' filter options are visible
When the user selects 'Time to Complete (Hours)' from the filter options
And enters a specific time range
Then the report displays workflow requests filtered by the specified time range

Python:

from behave import given, when, then

@given('the user is on the Workflow Response Stats reports page')
def step_impl(context):
    pass

@given('the ""Workflow Request"" filter options are visible')
def step_impl(context):
    pass

@when('the user selects ""Time to Complete (Hours)"" from the filter options')
def step_impl(context):
    pass

@when('enters a specific time range')
def step_impl(context):
    pass

@then('the report displays workflow requests filtered by the specified time range')
def step_impl(context):
    pass"
