ID,User Story,Output
1,"As a user, I want to enable image tagging from the Asset Intelligence section in the MCP settings","Gherkin:
Feature: Enable Image Tagging in MCP Settings

  Scenario: User enables Image Tagging in Asset Intelligence
    Given the user is on the MCP settings page under Asset Intelligence
    When the user enables the ""Enable Image Tagging"" setting
    Then the platform should use Azure for image tagging
    And the ""Azure Image Processing Limit (Images) (per billing cycle)"" setting should be visible
    And the ""Azure Video Processing Limit (minutes) (per billing cycle)"" setting should be updated

Python:
from behave import given, when, then

@given('the user is on the MCP settings page under Asset Intelligence')
def step_given_user_on_mcp_settings_page(context):
    context.browser.get('https://example.com/mcp-settings/asset-intelligence')

@when('the user enables the ""Enable Image Tagging"" setting')
def step_when_user_enables_image_tagging(context):
    enable_image_tagging_checkbox = context.browser.find_element_by_id('enable-image-tagging')
    if not enable_image_tagging_checkbox.is_selected():
        enable_image_tagging_checkbox.click()

@then('the platform should use Azure for image tagging')
def step_then_platform_uses_azure(context):
    assert context.platform.image_tagging_service == 'Azure'

@then('the ""Azure Image Processing Limit (Images) (per billing cycle)"" setting should be visible')
def step_then_azure_image_processing_limit_visible(context):
    azure_image_limit = context.browser.find_element_by_id('azure-image-processing-limit')
    assert azure_image_limit.is_displayed()

@then('the ""Azure Video Processing Limit (minutes) (per billing cycle)"" setting should be updated')
def step_then_azure_video_processing_limit_updated(context):
    azure_video_limit = context.browser.find_element_by_id('azure-video-processing-limit')
    assert 'minutes' in azure_video_limit.text"
2,"As an IB team member, I want to be able to enable an Auto-Focal setting in MCP so that I can control all the settings from one place.","Gherkin:
Feature: Enable Auto-Focal Setting in MCP

  Scenario: Enable Auto-Focal setting via MCP toggle
    Given I am on the MCP Development Use Only area
    And the ""Resources - Preset Auto-Focal"" setting is available
    When I enable the ""Resources - Preset Auto-Focal"" toggle
    Then Auto-focal tickets should become enabled on the platform

Python:
from behave import given, when, then

@given('I am on the MCP Development Use Only area')
def step_given_on_mcp_development_area(context):
    pass

@given('the ""Resources - Preset Auto-Focal"" setting is available')
def step_given_setting_is_available(context):
    pass

@when('I enable the ""Resources - Preset Auto-Focal"" toggle')
def step_when_enable_toggle(context):
    pass

@then('Auto-focal tickets should become enabled on the platform')
def step_then_auto_focal_enabled(context):
    pass"
3,"As an IB team member, I want to be able to enable a GIF/Lottie setting in MCP so that I can control all the settings from one place","Gherkin:
Feature: Enable GIF/Lottie Preview Support in MCP

  Scenario: Enable GIF/Lottie Preview Support setting
    Given I am on the MCP Development Use Only settings page
    And the ""Resources - GIF/Lottie Preview Support"" toggle is available
    When I enable the ""Resources - GIF/Lottie Preview Support"" toggle
    Then GIF/Lottie Preview features should be enabled on the platform

Python:
from behave import given, when, then

@given('I am on the MCP Development Use Only settings page')
def step_given_on_mcp_settings_page(context):
    context.mcp_page.open_development_use_only_settings()

@given('the ""Resources - GIF/Lottie Preview Support"" toggle is available')
def step_given_toggle_is_available(context):
    assert context.mcp_page.is_toggle_available(""Resources - GIF/Lottie Preview Support"")

@when('I enable the ""Resources - GIF/Lottie Preview Support"" toggle')
def step_when_enable_toggle(context):
    context.mcp_page.enable_toggle(""Resources - GIF/Lottie Preview Support"")

@then('GIF/Lottie Preview features should be enabled on the platform')
def step_then_features_enabled(context):
    assert context.mcp_page.are_gif_lottie_features_enabled()"
4,"As a user, I want to be able to upload a GIF and have it automatically converted into a MP4 file so that I can view it in the previewer.","Gherkin:
Feature: GIF to MP4 Conversion

  Scenario: User uploads a GIF and it is converted to MP4
    Given a user has a GIF file ready for upload
    When the user uploads the GIF to the platform
    Then the GIF is converted to an MP4 with the highest quality
    And the MP4 is stored alongside the original GIF

Python:
from behave import given, when, then

@given('a user has a GIF file ready for upload')
def step_given_user_has_gif_file(context):
    context.gif_file = ""path/to/gif/file.gif""

@when('the user uploads the GIF to the platform')
def step_when_user_uploads_gif(context):
    context.uploaded_mp4 = convert_gif_to_mp4(context.gif_file)

@then('the GIF is converted to an MP4 with the highest quality')
def step_then_gif_converted_to_mp4(context):
    assert context.uploaded_mp4 is not None
    assert check_mp4_quality(context.uploaded_mp4)

@then('the MP4 is stored alongside the original GIF')
def step_then_mp4_stored(context):
    assert check_mp4_storage(context.gif_file, context.uploaded_mp4)"
5,"As a user, I want to be able to upload a Lottie File and have it automatically converted into a MP4 file so that I can view it in the previewer.","Gherkin:
Feature: Lottie File Conversion to MP4

  Scenario: User uploads a Lottie File and it is converted to MP4
    Given a user has a valid Lottie File
    When the user uploads the Lottie File to the platform
    Then the Lottie File should be converted to an MP4 with the highest quality
    And the MP4 should be stored alongside the original Lottie File

Python:
from behave import given, when, then

@given('a user has a valid Lottie File')
def step_given_user_has_valid_lottie_file(context):
    context.lottie_file = ""path/to/valid/lottie/file.json""

@when('the user uploads the Lottie File to the platform')
def step_when_user_uploads_lottie_file(context):
    context.upload_response = upload_lottie_file(context.lottie_file)

@then('the Lottie File should be converted to an MP4 with the highest quality')
def step_then_lottie_file_converted_to_mp4(context):
    assert context.upload_response['mp4_quality'] == 'highest'

@then('the MP4 should be stored alongside the original Lottie File')
def step_then_mp4_stored_alongside_lottie(context):
    assert context.upload_response['mp4_stored'] == True"
6,"As a user, I want to be select a Preset that has auto-focal enabled, on multiple images from the Bulk Download Screen, so that the cropping can occur on the focal point of the image.","Gherkin:
Feature: Bulk Download with Auto-focal Preset

  Scenario: User downloads images with Auto-focal enabled Preset
    Given the user is on the Bulk Download screen
    And the user has selected a Global Preset with Auto-focal enabled
    When the user initiates the download
    Then the system should detect the focal point of each image
    And the crop area should be centered on the focal point
    And the processed images should download in a Zip file

Python:
from behave import given, when, then

@given('the user is on the Bulk Download screen')
def step_given_user_on_bulk_download_screen(context):
    pass

@given('the user has selected a Global Preset with Auto-focal enabled')
def step_given_user_selected_auto_focal_preset(context):
    pass

@when('the user initiates the download')
def step_when_user_initiates_download(context):
    pass

@then('the system should detect the focal point of each image')
def step_then_system_detects_focal_point(context):
    pass

@then('the crop area should be centered on the focal point')
def step_then_crop_centered_on_focal_point(context):
    pass

@then('the processed images should download in a Zip file')
def step_then_images_download_in_zip(context):
    pass"
7,"As a user, I want to be able to preview the GIF or Lottie File converted MP4 on the Info Preview screen so that I can preview what the animation is like before I download it","Gherkin:
Feature: Preview converted MP4 on Info Preview screen

  Scenario: User previews a converted MP4 from a GIF or Lottie file
    Given the user is on the Info Preview screen with a GIF or Lottie file
    When the file is converted to an MP4
    Then the MP4 should auto-play on a loop with hidden controls
    And the Previewer should display the converted MP4
    And the download should download the original GIF or Lottie file
    And the file type metadata should show GIF/Lottie
    And the version file type should be GIF/Lottie

Python:
from behave import given, when, then

@given('the user is on the Info Preview screen with a GIF or Lottie file')
def step_given_user_on_info_preview_screen(context):
    pass

@when('the file is converted to an MP4')
def step_when_file_converted_to_mp4(context):
    pass

@then('the MP4 should auto-play on a loop with hidden controls')
def step_then_mp4_autoplay_loop_hidden_controls(context):
    pass

@then('the Previewer should display the converted MP4')
def step_then_previewer_displays_converted_mp4(context):
    pass

@then('the download should download the original GIF or Lottie file')
def step_then_download_original_file(context):
    pass

@then('the file type metadata should show GIF/Lottie')
def step_then_file_type_metadata_shows_gif_lottie(context):
    pass

@then('the version file type should be GIF/Lottie')
def step_then_version_file_type_gif_lottie(context):
    pass"
8,"As a user, I want GIF/Lottie file to have the first frame as the Thumbnail Preview (PNG)","Gherkin:
Feature: Thumbnail Preview for GIF/Lottie Files

  Scenario: Generate PNG thumbnail from the first frame of GIF/Lottie file
    Given a GIF or Lottie file is uploaded
    When the file is processed for thumbnail generation
    Then the first frame is saved as a PNG thumbnail
    And the PNG thumbnail appears in Resource List View
    And the PNG thumbnail appears in Resource Mosaic View
    And the PNG thumbnail appears in Versions
    And the PNG thumbnail appears in Alias
    And the PNG thumbnail appears in Similar
    And the PNG thumbnail appears in Dashboard List
    And the PNG thumbnail appears in Approvals List
    And the PNG thumbnail appears in Collections

Python:
from behave import given, when, then

@given('a GIF or Lottie file is uploaded')
def step_given_file_uploaded(context):
    pass

@when('the file is processed for thumbnail generation')
def step_when_file_processed(context):
    pass

@then('the first frame is saved as a PNG thumbnail')
def step_then_first_frame_saved(context):
    pass

@then('the PNG thumbnail appears in Resource List View')
def step_then_thumbnail_in_resource_list_view(context):
    pass

@then('the PNG thumbnail appears in Resource Mosaic View')
def step_then_thumbnail_in_resource_mosaic_view(context):
    pass

@then('the PNG thumbnail appears in Versions')
def step_then_thumbnail_in_versions(context):
    pass

@then('the PNG thumbnail appears in Alias')
def step_then_thumbnail_in_alias(context):
    pass

@then('the PNG thumbnail appears in Similar')
def step_then_thumbnail_in_similar(context):
    pass

@then('the PNG thumbnail appears in Dashboard List')
def step_then_thumbnail_in_dashboard_list(context):
    pass

@then('the PNG thumbnail appears in Approvals List')
def step_then_thumbnail_in_approvals_list(context):
    pass

@then('the PNG thumbnail appears in Collections')
def step_then_thumbnail_in_collections(context):
    pass"
9,"As a user, I want to be able to preview the GIF or Lottie File converted MP4 on the Share screen so that I can preview what the animation is like before share it","Gherkin:
Feature: Preview animation on Share screen

  Scenario: User previews the converted MP4 animation on the Share screen
    Given the user is on the Share screen with a GIF or Lottie File
    When the user views the Share screen
    Then the user should see the converted MP4 preview
    And the MP4 should autoplay
    And the controls should be hidden

Python:
from behave import given, when, then

@given('the user is on the Share screen with a GIF or Lottie File')
def step_given_user_on_share_screen(context):
    # Code to navigate to the Share screen with a GIF or Lottie File
    pass

@when('the user views the Share screen')
def step_when_user_views_share_screen(context):
    # Code to simulate user viewing the Share screen
    pass

@then('the user should see the converted MP4 preview')
def step_then_user_sees_mp4_preview(context):
    # Code to verify the MP4 preview is visible
    pass

@then('the MP4 should autoplay')
def step_then_mp4_autoplays(context):
    # Code to verify the MP4 is autoplaying
    pass

@then('the controls should be hidden')
def step_then_controls_hidden(context):
    # Code to verify the controls are hidden
    pass"
10,"As a user, I want to be able to preview the GIF or Lottie File converted MP4 on the Edit screen so that I can preview what the animation like before I Edit or upload a new version","Gherkin:
Feature: Preview GIF or Lottie File converted MP4 on Edit screen

  Scenario: User previews the converted MP4 on the Edit screen
    Given the user is on the Edit/New Version screen
    When the user uploads a GIF or Lottie File
    Then the user should see the converted MP4 preview
    And the MP4 should autoplay
    And the controls should be hidden

Python:
from behave import given, when, then

@given('the user is on the Edit/New Version screen')
def step_given_user_on_edit_screen(context):
    # Code to navigate to the Edit/New Version screen
    pass

@when('the user uploads a GIF or Lottie File')
def step_when_user_uploads_file(context):
    # Code to upload a GIF or Lottie File
    pass

@then('the user should see the converted MP4 preview')
def step_then_user_sees_mp4_preview(context):
    # Code to verify the MP4 preview is visible
    pass

@then('the MP4 should autoplay')
def step_then_mp4_autoplays(context):
    # Code to verify the MP4 is autoplaying
    pass

@then('the controls should be hidden')
def step_then_controls_hidden(context):
    # Code to verify the controls are hidden
    pass"
11,"As a user, I want to be able to preview the GIF or Lottie File converted MP4 on the Review Request screen in Approvals so that I can preview what the animation is when approving","Gherkin:
Feature: Preview animation on Review Request screen

  Scenario: User previews the converted MP4 animation on the Review Request Tab
    Given the user is on the Review Request Tab of the Approvals Screen
    When the GIF or Lottie File is converted to MP4
    Then the user should see the MP4 preview autoplay without controls

Python:
from behave import given, when, then

@given('the user is on the Review Request Tab of the Approvals Screen')
def step_given_user_on_review_request_tab(context):
    # Code to navigate to the Review Request Tab
    pass

@when('the GIF or Lottie File is converted to MP4')
def step_when_file_converted_to_mp4(context):
    # Code to convert GIF or Lottie File to MP4
    pass

@then('the user should see the MP4 preview autoplay without controls')
def step_then_user_sees_mp4_preview(context):
    # Code to verify MP4 preview is autoplaying without controls
    pass"
12,"As a user, I want to be able to preview the GIF or Lottie File converted MP4 on the Versions/Revisions Screen so that I can preview what the animation is before adding a version/revision","Gherkin:
Feature: Preview animation on Versions/Revisions Screen

  Scenario: User previews GIF or Lottie File converted MP4
    Given the user is on the Versions or Revisions Tab of the Approvals Screen
    When the GIF or Lottie File is converted to MP4
    Then the user should see the MP4 preview autoplay without controls

Python:
from behave import given, when, then

@given('the user is on the Versions or Revisions Tab of the Approvals Screen')
def step_given_user_on_versions_revisions_tab(context):
    # Code to navigate to the Versions or Revisions Tab
    pass

@when('the GIF or Lottie File is converted to MP4')
def step_when_file_converted_to_mp4(context):
    # Code to convert GIF or Lottie File to MP4
    pass

@then('the user should see the MP4 preview autoplay without controls')
def step_then_user_sees_mp4_preview(context):
    # Code to verify MP4 preview is autoplaying without controls
    pass"
13,"As a user, I want to be able to see the GIF or Lottie File converted MP4 on the Markup Screen in Approvals so that I can markup the animation to get feedback and new revisions worked on","Gherkin:
Feature: Preview GIF or Lottie File as MP4 on Markup Screen

  Scenario: User previews GIF or Lottie File converted to MP4 on Markup Tab
    Given the user is on the Markup Request Tab of the Approvals Screen
    When the user uploads a GIF or Lottie File
    Then the user should see the converted MP4 preview on the Markup Tab
    And the PDFTron controls should be visible
    And the user should be able to markup the animation

Python:
from behave import given, when, then

@given('the user is on the Markup Request Tab of the Approvals Screen')
def step_given_user_on_markup_request_tab(context):
    pass

@when('the user uploads a GIF or Lottie File')
def step_when_user_uploads_file(context):
    pass

@then('the user should see the converted MP4 preview on the Markup Tab')
def step_then_user_sees_converted_mp4(context):
    pass

@then('the PDFTron controls should be visible')
def step_then_pdftron_controls_visible(context):
    pass

@then('the user should be able to markup the animation')
def step_then_user_can_markup_animation(context):
    pass"
14,"As a Database Manager, I want to Allow End users to overide default and change names","Gherkin:
Feature: Allow end users to override default and change names

  Scenario: Enable user updates to titles upon creation
    Given I am on the Configure Auto-Created Records page
    When I enable ""Allow User updates to Titles upon creation""
    And I click on Confirm
    And I click on Save & Close
    And I click back on the Lookup Grid
    And I click on the Configure Button
    Then I should see ""Allow User updates to Titles upon creation"" is enabled
    And the end user component should appear

Python:
from behave import given, when, then

@given('I am on the Configure Auto-Created Records page')
def step_given_on_configure_page(context):
    pass

@when('I enable ""Allow User updates to Titles upon creation""')
def step_when_enable_user_updates(context):
    pass

@when('I click on Confirm')
def step_when_click_confirm(context):
    pass

@when('I click on Save & Close')
def step_when_click_save_close(context):
    pass

@when('I click back on the Lookup Grid')
def step_when_click_lookup_grid(context):
    pass

@when('I click on the Configure Button')
def step_when_click_configure_button(context):
    pass

@then('I should see ""Allow User updates to Titles upon creation"" is enabled')
def step_then_see_user_updates_enabled(context):
    pass

@then('the end user component should appear')
def step_then_end_user_component_appears(context):
    pass"
15,"As a user, when no custom configs are enabled, and no workflow on parent, I see no pop-up and child records are created","Gherkin:
Feature: Child record creation without custom configs

  Scenario: User creates a record with no custom configs and no parent workflow
    Given the ""Allow User updates to Titles upon creation"" checkbox is disabled
    And no workflow request is made for the parent record
    When the user saves the parent record
    Then no pop-up is displayed
    And an info snackbar appears with the message ""Linked Records are being created. Click here to open linked database.""
    And child records are created immediately

Python:
from behave import given, when, then

@given('the ""Allow User updates to Titles upon creation"" checkbox is disabled')
def step_given_checkbox_disabled(context):
    # Code to ensure the checkbox is disabled
    pass

@given('no workflow request is made for the parent record')
def step_given_no_workflow_request(context):
    # Code to ensure no workflow request is made
    pass

@when('the user saves the parent record')
def step_when_user_saves_record(context):
    # Code to simulate saving the parent record
    pass

@then('no pop-up is displayed')
def step_then_no_popup_displayed(context):
    # Code to verify no pop-up is displayed
    pass

@then('an info snackbar appears with the message ""Linked Records are being created. Click here to open linked database.""')
def step_then_info_snackbar_appears(context):
    # Code to verify the info snackbar appears with the correct message
    pass

@then('child records are created immediately')
def step_then_child_records_created(context):
    # Code to verify child records are created immediately
    pass"
16,"As a user, when parent record undergoes publish approval process, child records are only created when parent is approved","Gherkin:
Feature: Publish Approval Process

  Scenario: Create child records when parent record is approved
    Given a parent record is submitted for approval
    And the parent record is in the approval process
    When the parent record status becomes ""Approved""
    Then child records are created
    And the creator of the child records is the creator of the parent record

Python:
from behave import given, when, then

@given('a parent record is submitted for approval')
def step_given_parent_record_submitted(context):
    context.parent_record = submit_parent_record_for_approval()

@given('the parent record is in the approval process')
def step_given_parent_record_in_approval(context):
    assert context.parent_record.status == 'In Approval Process'

@when('the parent record status becomes ""Approved""')
def step_when_parent_record_approved(context):
    context.parent_record.status = 'Approved'

@then('child records are created')
def step_then_child_records_created(context):
    context.child_records = create_child_records(context.parent_record)
    assert context.child_records is not None

@then('the creator of the child records is the creator of the parent record')
def step_then_creator_is_parent_creator(context):
    for child_record in context.child_records:
        assert child_record.creator == context.parent_record.creator"
17,"As a user, I want to see snackbars when submitting/ saving parent record to let me know children will be created","Gherkin:
Feature: Display snackbars when submitting parent record

  Scenario: User submits a parent record with auto-create child records enabled
    Given auto-create child records is enabled
    When the user submits a parent record for approval
    Then a snackbar displays ""{record} submitted for approval. Linked {record(s)} will be created in the {database name} when this {record} is approved.""

Python:
from behave import given, when, then

@given('auto-create child records is enabled')
def step_given_auto_create_child_records_enabled(context):
    context.auto_create_enabled = True

@when('the user submits a parent record for approval')
def step_when_user_submits_parent_record(context):
    context.record_submitted = True
    context.record_name = ""ParentRecord""
    context.child_record_name = ""ChildRecord(s)""
    context.database_name = ""ChildDatabase""

@then('a snackbar displays ""{record} submitted for approval. Linked {record(s)} will be created in the {database name} when this {record} is approved.""')
def step_then_snackbar_displays(context, record, record_s, database_name):
    expected_message = f""{context.record_name} submitted for approval. Linked {context.child_record_name} will be created in the {context.database_name} when this {context.record_name} is approved.""
    assert expected_message == f""{record} submitted for approval. Linked {record_s} will be created in the {database_name} when this {record} is approved."""
18,"As a Database Manager, I want to allow end users to Add More child records ('Add More')","Gherkin:
Feature: Allow end users to add more child records

  Scenario: Enable 'Add More' setting for child records
    Given the Configure Auto-Created Records overlay is open in the form builder
    And the ""Allow User updates to Titles upon creation"" setting is visible
    When I check the ""Allow User to Add More Child Records"" checkbox
    Then the checkbox should be enabled
    And a help tooltip should display ""If selected, users will be able to add more Child Record Titles (Names) to be created alongside those configured here. Up to 30 Child Records can be created.""

Python:
from behave import given, when, then

@given('the Configure Auto-Created Records overlay is open in the form builder')
def step_given_overlay_open(context):
    pass

@given('the ""Allow User updates to Titles upon creation"" setting is visible')
def step_given_setting_visible(context):
    pass

@when('I check the ""Allow User to Add More Child Records"" checkbox')
def step_when_check_checkbox(context):
    pass

@then('the checkbox should be enabled')
def step_then_checkbox_enabled(context):
    pass

@then('a help tooltip should display ""If selected, users will be able to add more Child Record Titles (Names) to be created alongside those configured here. Up to 30 Child Records can be created.""')
def step_then_tooltip_display(context):
    pass"
19,"As a Database Manager, I want to allow end users to Add More child records ('Add More') - Handle maximum child records","Gherkin:
Feature: Manage Child Records

  Scenario: Allow user to add more child records when maximum is not reached
    Given the form builder is configured with ""Allow User to Add More Records"" enabled
    And there are less than 30 child records in the configuration
    When the user attempts to add a new child record
    Then the new child record is successfully added

Python:
from behave import given, when, then

@given('the form builder is configured with ""Allow User to Add More Records"" enabled')
def step_given_form_builder_configured(context):
    context.form_builder_configured = True

@given('there are less than 30 child records in the configuration')
def step_given_less_than_30_child_records(context):
    context.child_records_count = 29

@when('the user attempts to add a new child record')
def step_when_user_attempts_to_add(context):
    if context.form_builder_configured and context.child_records_count < 30:
        context.add_record_attempt = True
    else:
        context.add_record_attempt = False

@then('the new child record is successfully added')
def step_then_record_successfully_added(context):
    assert context.add_record_attempt is True"
20,"As a user, if child database has been edited and title field is no longer a valid text field, then users do not see a end user config pop-up overlay and no child records are created","Gherkin:
Feature: Child database title field validation

  Scenario: User does not see config pop-up and no child records are created when title field is invalid
    Given the original Auto Create setting is saved in the parent
    And the Database Manager updates the child Form Builder with a non-text title field
    When an end user accesses the child database
    Then the end user config pop-up overlay is not displayed
    And no child records are created

Python:
from behave import given, when, then

@given('the original Auto Create setting is saved in the parent')
def step_given_auto_create_setting_saved(context):
    pass

@given('the Database Manager updates the child Form Builder with a non-text title field')
def step_given_form_builder_updated(context):
    pass

@when('an end user accesses the child database')
def step_when_user_accesses_database(context):
    pass

@then('the end user config pop-up overlay is not displayed')
def step_then_no_config_popup(context):
    pass

@then('no child records are created')
def step_then_no_child_records_created(context):
    pass"
21,"As a user, I can deselect items to not apply bulk changes to","Gherkin:
Feature: Deselect items to not apply bulk changes

  Scenario: Deselecting items prevents bulk changes from being applied
    Given a list of resources with some selected and some de-selected
    And new data is entered in bulk Main Details, Tags, Filters, Custom Upload Fields, and Workflows
    When the user selects 'Apply to Selected'
    Then only the selected resources should have the updates applied
    And the de-selected resources should remain unchanged

Python:
from behave import given, when, then

@given('a list of resources with some selected and some de-selected')
def step_given_list_of_resources(context):
    context.resources = {'selected': ['resource1', 'resource2'], 'deselected': ['resource3', 'resource4']}

@given('new data is entered in bulk Main Details, Tags, Filters, Custom Upload Fields, and Workflows')
def step_given_new_data_entered(context):
    context.new_data = {'Main Details': 'new details', 'Tags': 'new tags', 'Filters': 'new filters', 'Custom Upload Fields': 'new fields', 'Workflows': 'new workflows'}

@when(""the user selects 'Apply to Selected'"")
def step_when_apply_to_selected(context):
    context.applied_resources = context.resources['selected']

@then('only the selected resources should have the updates applied')
def step_then_selected_resources_updated(context):
    assert context.applied_resources == ['resource1', 'resource2']

@then('the de-selected resources should remain unchanged')
def step_then_deselected_resources_unchanged(context):
    assert context.resources['deselected'] == ['resource3', 'resource4']"
22,"As a user, I want to see exclusion message / handling for non-supported file types should I select any to Bulk Edit, on Bulk edit screen","Gherkin:
Feature: Bulk Edit Exclusion Message for Non-Supported File Types

  Scenario: Display exclusion message for non-supported file types on Bulk Edit screen
    Given the user is on the Bulk Edit screen
    When the user selects non-supported file types for Bulk Edit
    Then a snackbar with the message ""X {{ResourceSingle}}/s are not supported for Bulk Edit."" is displayed

Python:
from behave import given, when, then
from hooks.useGlobalSnackbar import useGlobalSnackbar

@given('the user is on the Bulk Edit screen')
def step_given_user_on_bulk_edit_screen(context):
    # Code to navigate to Bulk Edit screen
    pass

@when('the user selects non-supported file types for Bulk Edit')
def step_when_user_selects_non_supported_file_types(context):
    # Code to select non-supported file types
    pass

@then('a snackbar with the message ""X {{ResourceSingle}}/s are not supported for Bulk Edit."" is displayed')
def step_then_snackbar_message_displayed(context):
    # Code to check snackbar message
    snackbar = useGlobalSnackbar()
    assert snackbar.message == ""X {{ResourceSingle}}/s are not supported for Bulk Edit.""
    pass"
23,"As a user, I want to see an Exit without saving warning when I try to leave the Bulk Edit Page/Process","Gherkin:
Feature: Exit without saving warning on Bulk Edit Page

  Scenario: User is warned when trying to exit Bulk Edit without saving
    Given the user is on the Bulk Edit page
    When the user clicks the Exit button
    Then an ""Exit without saving Resources"" pop-up should appear
    And the pop-up text should be ""If you click the Exit button, none of the Resources currently on your Bulk Edit screen will be updated. To Save your Edits, Cancel this popup and click Save Changes.""
    And the pop-up should have a ""Cancel"" button
    And the pop-up should have an ""Exit"" button

Python:
from behave import given, when, then

@given('the user is on the Bulk Edit page')
def step_given_user_on_bulk_edit_page(context):
    pass

@when('the user clicks the Exit button')
def step_when_user_clicks_exit_button(context):
    pass

@then('an ""Exit without saving Resources"" pop-up should appear')
def step_then_exit_without_saving_popup_appears(context):
    pass

@then('the pop-up text should be ""If you click the Exit button, none of the Resources currently on your Bulk Edit screen will be updated. To Save your Edits, Cancel this popup and click Save Changes.""')
def step_then_popup_text_is_correct(context):
    pass

@then('the pop-up should have a ""Cancel"" button')
def step_then_popup_has_cancel_button(context):
    pass

@then('the pop-up should have an ""Exit"" button')
def step_then_popup_has_exit_button(context):
    pass"
24,"As a user, I want to Filter within my selected Resources on my Bulk Edit page (Left Panel Resource selection updates)","Gherkin:
Feature: Filter Resources on Bulk Edit Page

  Scenario: User filters resources by Errors on Bulk Edit page
    Given the user is on the Bulk Edit page
    And the user has selected resources
    When the user applies the ""Errors"" filter
    Then only resources with errors are displayed

Python:
from behave import given, when, then

@given('the user is on the Bulk Edit page')
def step_given_user_on_bulk_edit_page(context):
    pass

@given('the user has selected resources')
def step_given_user_has_selected_resources(context):
    pass

@when('the user applies the ""Errors"" filter')
def step_when_user_applies_errors_filter(context):
    pass

@then('only resources with errors are displayed')
def step_then_resources_with_errors_displayed(context):
    pass"
25,"As a user, in Single edit from Bulk view, I want to see a Duplicate warning when relevant","Gherkin:
Feature: Duplicate Warning in Single Edit from Bulk View

Scenario: Display Duplicate Warning when adding an existing file/version
  Given I am on the Bulk Edit > Single View page
  And I add a file/version that already exists on the platform
  When the duplicate warning pop-up is displayed
  Then the page below the pop-up is in disabled mode with grey transparency
  And the loading bar is red with an error icon
  And the pop-up header is ""Duplicate File""
  And the pop-up body text is displayed with folder links or ""N/A"" if access is denied
  And the ""Skip"" button is available with no tooltip
  And the ""Continue"" button is available with no tooltip

Python:
from behave import given, when, then

@given('I am on the Bulk Edit > Single View page')
def step_given_on_bulk_edit_single_view_page(context):
    pass

@given('I add a file/version that already exists on the platform')
def step_given_add_existing_file_version(context):
    pass

@when('the duplicate warning pop-up is displayed')
def step_when_duplicate_warning_popup_displayed(context):
    pass

@then('the page below the pop-up is in disabled mode with grey transparency')
def step_then_page_disabled_mode(context):
    pass

@then('the loading bar is red with an error icon')
def step_then_loading_bar_red_error_icon(context):
    pass

@then('the pop-up header is ""Duplicate File""')
def step_then_popup_header_duplicate_file(context):
    pass

@then('the pop-up body text is displayed with folder links or ""N/A"" if access is denied')
def step_then_popup_body_text_displayed(context):
    pass

@then('the ""Skip"" button is available with no tooltip')
def step_then_skip_button_available(context):
    pass

@then('the ""Continue"" button is available with no tooltip')
def step_then_continue_button_available(context):
    pass"
26,"As a user, in the folder filter, I can see all folders that relate to the selected Resources in the filter","Gherkin:
Feature: Folder Filter for Selected Resources

  Scenario: Display relevant folders for selected resources
    Given the user has selected specific resources in the List View
    When the user opens the folder filter
    Then the folder filter displays all folders related to the selected resources
    And the user can select specific folders to narrow down the displayed resources

Python:
from behave import given, when, then

@given('the user has selected specific resources in the List View')
def step_given_user_selected_resources(context):
    # Code to simulate user selecting resources in List View
    pass

@when('the user opens the folder filter')
def step_when_user_opens_folder_filter(context):
    # Code to simulate user opening the folder filter
    pass

@then('the folder filter displays all folders related to the selected resources')
def step_then_folder_filter_displays_folders(context):
    # Code to verify folder filter displays relevant folders
    pass

@then('the user can select specific folders to narrow down the displayed resources')
def step_then_user_selects_specific_folders(context):
    # Code to verify user can select folders to filter resources
    pass"
27,"As a user, I want to see existing Status column containing all current data","Gherkin:
Feature: Display Status Column

  Scenario: User views the Status column with current data
    Given the user is on the Workflow Request page
    When the page is loaded
    Then the Status column is displayed to the right of the Request Details column
    And the Status column is displayed to the left of the Workflow Name/Type column
    And the Status column contains color chips for each status option
    And the status options include Pending, Approved, Declined, Reviewed, and Cancelled

Python:
from behave import given, when, then

@given('the user is on the Workflow Request page')
def step_given_user_on_workflow_request_page(context):
    pass

@when('the page is loaded')
def step_when_page_is_loaded(context):
    pass

@then('the Status column is displayed to the right of the Request Details column')
def step_then_status_column_right_of_request_details(context):
    pass

@then('the Status column is displayed to the left of the Workflow Name/Type column')
def step_then_status_column_left_of_workflow_name_type(context):
    pass

@then('the Status column contains color chips for each status option')
def step_then_status_column_contains_color_chips(context):
    pass

@then('the status options include Pending, Approved, Declined, Reviewed, and Cancelled')
def step_then_status_options_include_all(context):
    pass"
28,"As a User, I want to see and create a new page type: Simple Page (from pop-up)","Gherkin:
Feature: Create a Simple Page

  Scenario: User creates a Simple Page from the creation pop-up
    Given the Simple Page Builder MCP setting is enabled
    When the user opens the creation pop-up
    And the user selects ""Simple Page""
    Then a new Simple Page is created
    And the page details are accurately in line with Design

Python:
from behave import given, when, then

@given('the Simple Page Builder MCP setting is enabled')
def step_given_simple_page_builder_enabled(context):
    # Code to ensure the Simple Page Builder MCP setting is enabled
    pass

@when('the user opens the creation pop-up')
def step_when_user_opens_creation_popup(context):
    # Code to simulate opening the creation pop-up
    pass

@when('the user selects ""Simple Page""')
def step_when_user_selects_simple_page(context):
    # Code to simulate selecting ""Simple Page"" from the pop-up
    pass

@then('a new Simple Page is created')
def step_then_new_simple_page_created(context):
    # Code to verify a new Simple Page is created
    pass

@then('the page details are accurately in line with Design')
def step_then_page_details_accurate(context):
    # Code to verify the page details match the design
    pass"
29,"As a user, once approved/declined, I would like to see the updated request status in the Grouped Approval Review Page","Gherkin:
Feature: Update request status on Grouped Approval Review Page

  Scenario: User sees updated request status after approval
    Given the user is on the Grouped Approval Review Page
    When the user approves a request
    Then the request status should update to ""Approved""
    And ""Approved until"" should display the updated value
    And ""X more"" should update accordingly
    And ""Waiting On"" should reflect the current status

Python:
from behave import given, when, then

@given('the user is on the Grouped Approval Review Page')
def step_given_user_on_review_page(context):
    pass

@when('the user approves a request')
def step_when_user_approves_request(context):
    pass

@then('the request status should update to ""Approved""')
def step_then_request_status_approved(context):
    pass

@then('""Approved until"" should display the updated value')
def step_then_approved_until_updated(context):
    pass

@then('""X more"" should update accordingly')
def step_then_x_more_updated(context):
    pass

@then('""Waiting On"" should reflect the current status')
def step_then_waiting_on_updated(context):
    pass"
30,"As a user, once any requests have been updated, I would like to see group approval list with updated waiting on + status for the completed group approval.","Gherkin:
Feature: Update Group Approval List

  Scenario: User sees updated group approval list after requests are updated
    Given a grouped request list with pending requests
    When a reviewer updates all individual requests in the group
    Then the group approval list should update the ""Waiting On"" reviewer info
    And the group status should change to ""Completed""

Python:
from behave import given, when, then

@given('a grouped request list with pending requests')
def step_given_grouped_request_list(context):
    # Setup initial state with pending requests
    pass

@when('a reviewer updates all individual requests in the group')
def step_when_reviewer_updates_requests(context):
    # Simulate reviewer updating all requests
    pass

@then('the group approval list should update the ""Waiting On"" reviewer info')
def step_then_update_waiting_on_info(context):
    # Check that ""Waiting On"" info is updated
    pass

@then('the group status should change to ""Completed""')
def step_then_group_status_completed(context):
    # Verify the group status is ""Completed""
    pass"
31,"As a user, I want on close of Single view redirect to Grouped Approval Review page (don't clear out single page response values)","Gherkin:
Feature: Retain response details on Single view close

  Scenario: Retain response details when returning to Grouped Approval Review page
    Given a user has entered response details on the single response page
    When the user closes the single view
    Then the user is redirected to the Grouped Approval Review page
    And the response details are retained

Python:
from behave import given, when, then

@given('a user has entered response details on the single response page')
def step_given_user_entered_response_details(context):
    context.response_details = {'comment': 'Test comment', 'approved_until': '2023-12-31'}

@when('the user closes the single view')
def step_when_user_closes_single_view(context):
    context.current_page = 'Grouped Approval Review'

@then('the user is redirected to the Grouped Approval Review page')
def step_then_user_redirected_to_grouped_review(context):
    assert context.current_page == 'Grouped Approval Review'

@then('the response details are retained')
def step_then_response_details_retained(context):
    assert context.response_details == {'comment': 'Test comment', 'approved_until': '2023-12-31'}"
32,"As a user, I want to be able to click Submit Selected & Continue (Bulk)","Gherkin:
Feature: Submit Selected & Continue (Bulk)

  Scenario: User submits selected requests and continues
    Given the user has selected multiple requests
    When the user clicks the ""Submit Selected & Continue"" button
    Then the page remains open with requests on the left
    And a blue info snackbar shows with content ""Submitting Response(s)""
    And the submit button is disabled
    And a green snackbar shows with content ""3 Responses submitted""

Python:
from behave import given, when, then

@given('the user has selected multiple requests')
def step_given_user_selected_requests(context):
    # Code to ensure multiple requests are selected
    pass

@when('the user clicks the ""Submit Selected & Continue"" button')
def step_when_user_clicks_submit(context):
    # Code to simulate clicking the submit button
    pass

@then('the page remains open with requests on the left')
def step_then_page_remains_open(context):
    # Code to verify the page remains open
    pass

@then('a blue info snackbar shows with content ""Submitting Response(s)""')
def step_then_blue_snackbar_shows(context):
    # Code to verify the blue snackbar appears
    pass

@then('the submit button is disabled')
def step_then_submit_button_disabled(context):
    # Code to verify the submit button is disabled
    pass

@then('a green snackbar shows with content ""3 Responses submitted""')
def step_then_green_snackbar_shows(context):
    # Code to verify the green snackbar appears with correct content
    pass"
33,"As a User, I want to Rename due to a typo via input field on Training Centre","Gherkin:
Feature: Rename a face due to a typo in Training Centre

  Scenario: Successfully rename a face with a typo
    Given I am on the Training Centre page
    And I see the ""Rename"" action icon
    When I hover over the ""Rename"" icon
    Then I see the tooltip with the correct message
    When I click on the ""Rename"" icon
    And I input the new name for the recognised face
    And I see the confirmation popup
    And I click on ""Confirm""
    Then I see the ""Update"" button
    When I click on the ""Update"" button
    Then the new name is saved to the same person

Python:
from behave import given, when, then

@given('I am on the Training Centre page')
def step_impl(context):
    pass

@given('I see the ""Rename"" action icon')
def step_impl(context):
    pass

@when('I hover over the ""Rename"" icon')
def step_impl(context):
    pass

@then('I see the tooltip with the correct message')
def step_impl(context):
    pass

@when('I click on the ""Rename"" icon')
def step_impl(context):
    pass

@when('I input the new name for the recognised face')
def step_impl(context):
    pass

@when('I see the confirmation popup')
def step_impl(context):
    pass

@when('I click on ""Confirm""')
def step_impl(context):
    pass

@then('I see the ""Update"" button')
def step_impl(context):
    pass

@when('I click on the ""Update"" button')
def step_impl(context):
    pass

@then('the new name is saved to the same person')
def step_impl(context):
    pass"
34,"As a User, I want to Change the tagged face to another Person (existing) via drop-down menu on Training Centre","Gherkin:
Feature: Change tagged face to another existing person

  Scenario: Successfully change the tagged face to another existing person
    Given I am on the training centre page
    And I have detached the face from the current person
    When I select another existing person from the drop-down menu
    Then the face is updated to the selected person
    And the changes are saved

Python:
from behave import given, when, then

@given('I am on the training centre page')
def step_given_on_training_centre_page(context):
    pass

@given('I have detached the face from the current person')
def step_given_detached_face(context):
    pass

@when('I select another existing person from the drop-down menu')
def step_when_select_person_from_dropdown(context):
    pass

@then('the face is updated to the selected person')
def step_then_face_updated(context):
    pass

@then('the changes are saved')
def step_then_changes_saved(context):
    pass"
35,"As a User, I want to Delete the name from resources across platform on Training Centre","Gherkin:
Feature: Delete profile from resources across platform on Training Centre

  Scenario: Successfully delete a user profile
    Given the user is logged into the Training Centre
    And the user navigates to the profile management section
    When the user initiates the delete profile action
    Then the profile is successfully deleted
    And a confirmation message is displayed

Python:
from behave import given, when, then

@given('the user is logged into the Training Centre')
def step_given_user_logged_in(context):
    pass

@given('the user navigates to the profile management section')
def step_given_user_navigates_to_profile_management(context):
    pass

@when('the user initiates the delete profile action')
def step_when_user_initiates_delete_profile(context):
    pass

@then('the profile is successfully deleted')
def step_then_profile_deleted(context):
    pass

@then('a confirmation message is displayed')
def step_then_confirmation_message_displayed(context):
    pass"
36,"As a user, I want to review my document against compliance rules before submitting it to the system so that I can address issues early in the process.","Gherkin:
Feature: Document Compliance Review

  Scenario: User reviews document for compliance issues
    Given the active Word document is open
    When the document content is captured and sent to the Review API
    Then the system should navigate to the relevant section in Word to fix issues

Python:
from behave import given, when, then

@given('the active Word document is open')
def step_given_active_word_document_open(context):
    # Code to ensure the Word document is open
    pass

@when('the document content is captured and sent to the Review API')
def step_when_document_content_sent_to_review_api(context):
    # Code to capture content and send to Review API
    pass

@then('the system should navigate to the relevant section in Word to fix issues')
def step_then_navigate_to_relevant_section(context):
    # Code to navigate to the relevant section in Word
    pass"
37,"As a user, I want to view detailed risk results from my document review and take actions on each risk (dismiss or add as comment) so that I can address compliance issues efficiently within my document.
","Gherkin:
Feature: View and manage document review risks

  Scenario: User views and takes action on a risk
    Given the user has opened a document with risks identified
    When the user views the detailed risk results
    Then the risks are displayed in the format matching the current Red Marker Add-ins
    When the user clicks the ""Insert Comment"" button for a risk
    Then a native Microsoft Office comment is created at the exact location of the risk
    And the comment text includes risk details and suggested remediation

Python:
from behave import given, when, then

@given('the user has opened a document with risks identified')
def step_given_user_opened_document_with_risks(context):
    pass

@when('the user views the detailed risk results')
def step_when_user_views_detailed_risk_results(context):
    pass

@then('the risks are displayed in the format matching the current Red Marker Add-ins')
def step_then_risks_displayed_in_format(context):
    pass

@when('the user clicks the ""Insert Comment"" button for a risk')
def step_when_user_clicks_insert_comment_button(context):
    pass

@then('a native Microsoft Office comment is created at the exact location of the risk')
def step_then_comment_created_at_location(context):
    pass

@then('the comment text includes risk details and suggested remediation')
def step_then_comment_text_includes_details(context):
    pass"
38,"As a user, I want to submit my reviewed document with all review comments for to IB so that it can review in platform or send for approval.
","Gherkin:
Feature: Submit reviewed document to IB

  Scenario: Successfully submit a reviewed document with all comments to IB
    Given the user has a reviewed document ready for submission
    And all required filters are selected
    When the user clicks ""Send to IB""
    Then the submission progress is displayed
    And a confirmation message is shown

Python:
from behave import given, when, then

@given('the user has a reviewed document ready for submission')
def step_given_user_has_reviewed_document(context):
    pass

@given('all required filters are selected')
def step_given_all_filters_selected(context):
    pass

@when('the user clicks ""Send to IB""')
def step_when_user_clicks_send_to_ib(context):
    pass

@then('the submission progress is displayed')
def step_then_submission_progress_displayed(context):
    pass

@then('a confirmation message is shown')
def step_then_confirmation_message_shown(context):
    pass"
39,"As an IB Admin, I want to designate a specific database as the default for the Add-in Risk Review so that users have a consistent starting point when using the Add-in as well as having a “Quick” drop off method. ","Gherkin:
Feature: Designate a default database for Risk Reviews in Add-ins

  Scenario: Set a database as the default for Risk Reviews
    Given I am logged in as an IB Admin
    And I navigate to the Database Settings section
    When I select ""Make this Database the default for Risk Reviews in Add-ins""
    Then the database is set as the default for Risk Reviews

Python:
from behave import given, when, then

@given('I am logged in as an IB Admin')
def step_impl(context):
    # Code to ensure the user is logged in as an IB Admin
    pass

@given('I navigate to the Database Settings section')
def step_impl(context):
    # Code to navigate to the Database Settings section
    pass

@when('I select ""Make this Database the default for Risk Reviews in Add-ins""')
def step_impl(context):
    # Code to select the option to make the database the default
    pass

@then('the database is set as the default for Risk Reviews')
def step_impl(context):
    # Code to verify the database is set as the default
    pass"
40,"As a Product user, I want to be able to turn the Record Publish Approval feature on / off during development (MCP)","Gherkin:
Feature: Manage Record Publish Approval Setting

  Scenario: Toggle the Record Publish Approval feature during development
    Given the MCP setting name is ""Databases - Record Publish Approval Rewrite POC (development use only)""
    When I rename the setting to ""Approvals - Record Publish Approval Rewrite (development use only)""
    Then the setting should be updated successfully

Python:
from behave import given, when, then

@given('the MCP setting name is ""Databases - Record Publish Approval Rewrite POC (development use only)""')
def step_given_mcp_setting_name(context):
    context.current_setting_name = ""Databases - Record Publish Approval Rewrite POC (development use only)""

@when('I rename the setting to ""Approvals - Record Publish Approval Rewrite (development use only)""')
def step_when_rename_setting(context):
    context.new_setting_name = ""Approvals - Record Publish Approval Rewrite (development use only)""
    # Simulate renaming logic
    context.setting_renamed = context.current_setting_name != context.new_setting_name

@then('the setting should be updated successfully')
def step_then_setting_updated(context):
    assert context.setting_renamed is True"
41,"As a User, I want to be able to view my Record's Request status in the same section that's available for other V3 Approval types","Gherkin:
Feature: View Record's Request Status

  Scenario: User views the Request Status in the Record Publish Approval review page
    Given the user is on the Record Publish Approval review page
    When the user navigates to the Request Status section
    Then the user should see the Request Status
    And the user should see the Approval(s) Still Required
    And the user should see the Waiting on information

Python:
from behave import given, when, then

@given('the user is on the Record Publish Approval review page')
def step_given_user_on_review_page(context):
    pass

@when('the user navigates to the Request Status section')
def step_when_user_navigates_to_request_status(context):
    pass

@then('the user should see the Request Status')
def step_then_user_sees_request_status(context):
    pass

@then('the user should see the Approval(s) Still Required')
def step_then_user_sees_approvals_still_required(context):
    pass

@then('the user should see the Waiting on information')
def step_then_user_sees_waiting_on_information(context):
    pass"
42,"As a User, I want to hide Comments on records & respective tabs for now when in the Approvals module","Gherkin:
Feature: Hide Comments and Tabs in Approvals Module

  Scenario: User hides comments and tabs in the Approvals module
    Given the user is on the Approvals module
    When the user views a record
    Then the comments should not be accessible
    And the tabs Markup, Revisions, and Response should not be visible

Python:
from behave import given, when, then

@given('the user is on the Approvals module')
def step_given_user_on_approvals_module(context):
    pass

@when('the user views a record')
def step_when_user_views_record(context):
    pass

@then('the comments should not be accessible')
def step_then_comments_not_accessible(context):
    pass

@then('the tabs Markup, Revisions, and Response should not be visible')
def step_then_tabs_not_visible(context):
    pass"
43,"As a User, I want to hide the record footer & hide actions in the header within the record view","Gherkin:
Feature: Record View Customization

  Scenario: Hide unnecessary elements in the record view
    Given I am on the record view page
    When I hide the record footer
    And I configure the record header to show only Database Name, Record Name, and Sequence ID
    And I hide all actions in the top right
    And I hide the close button in the record view header
    And I hide the left and right navigation arrows
    Then I should see the record view with the specified elements hidden

Python:
from behave import given, when, then

@given('I am on the record view page')
def step_given_on_record_view_page(context):
    pass

@when('I hide the record footer')
def step_when_hide_record_footer(context):
    pass

@when('I configure the record header to show only Database Name, Record Name, and Sequence ID')
def step_when_configure_record_header(context):
    pass

@when('I hide all actions in the top right')
def step_when_hide_actions_top_right(context):
    pass

@when('I hide the close button in the record view header')
def step_when_hide_close_button(context):
    pass

@when('I hide the left and right navigation arrows')
def step_when_hide_navigation_arrows(context):
    pass

@then('I should see the record view with the specified elements hidden')
def step_then_verify_elements_hidden(context):
    pass"
44,"As a User, I want to be able to view all Pages and specific Stages on the record view","Gherkin:
Feature: View Pages and Stages on Record

  Scenario: User views pages and stages on a single record
    Given a user is on a single database record view
    When the record is in pending status
    Then the user should see Stage 1 by default
    And all future stage names should appear in the navigation but be disabled

Python:
from behave import given, when, then

@given('a user is on a single database record view')
def step_given_user_on_single_record_view(context):
    # Code to navigate to the single database record view
    pass

@when('the record is in pending status')
def step_when_record_in_pending_status(context):
    # Code to ensure the record is in pending status
    pass

@then('the user should see Stage 1 by default')
def step_then_user_sees_stage_1_by_default(context):
    # Code to verify Stage 1 is visible by default
    pass

@then('all future stage names should appear in the navigation but be disabled')
def step_then_future_stages_disabled(context):
    # Code to verify future stage names are in the navigation and disabled
    pass"
45,"As a User, I want to Detach the recognised name from the Resource on Training Centre","Gherkin:
Feature: Detach recognised name from Resource on Training Centre

  Scenario: Detach a recognised name and revert to Unknown status
    Given I am on the Training Centre page with recognised faces
    And I see the ""Detach name"" action icon for a recognised face
    When I hover over the ""Detach name"" icon
    Then I see a tooltip with the message ""This action will revert the face to an 'Unknown' status for this image only. You can add a new name later if needed.""
    When I click on the ""Detach name"" icon
    Then I see a confirmation popup as per design
    When I click on 'Confirm' in the confirmation popup
    Then I see the recognised face changed to Unknown status
    And I can input a new name in the Unknown name field
    And I see the applicable ticket on updating Unknown names
    And I automatically see the updates without a ""Save"" button

Python:
from behave import given, when, then

@given('I am on the Training Centre page with recognised faces')
def step_impl(context):
    pass

@given('I see the ""Detach name"" action icon for a recognised face')
def step_impl(context):
    pass

@when('I hover over the ""Detach name"" icon')
def step_impl(context):
    pass

@then('I see a tooltip with the message ""This action will revert the face to an \'Unknown\' status for this image only. You can add a new name later if needed.""')
def step_impl(context):
    pass

@when('I click on the ""Detach name"" icon')
def step_impl(context):
    pass

@then('I see a confirmation popup as per design')
def step_impl(context):
    pass

@when('I click on \'Confirm\' in the confirmation popup')
def step_impl(context):
    pass

@then('I see the recognised face changed to Unknown status')
def step_impl(context):
    pass

@then('I can input a new name in the Unknown name field')
def step_impl(context):
    pass

@then('I see the applicable ticket on updating Unknown names')
def step_impl(context):
    pass

@then('I automatically see the updates without a ""Save"" button')
def step_impl(context):
    pass"
46,"As a User, I want to see Button Widget's background colour config designs in line with entire Side Panel","Gherkin:
Feature: Button Widget Background Colour Configuration

  Scenario: User views Button Widget's background colour settings in the Side Panel
    Given the user is on the Side Panel
    When the user views the Button Widget settings
    Then the Button background and text colours are displayed
    And the selected, default, and hovered state effects are consistent

Python:
from behave import given, when, then

@given('the user is on the Side Panel')
def step_given_user_on_side_panel(context):
    # Code to navigate to the Side Panel
    pass

@when('the user views the Button Widget settings')
def step_when_user_views_button_widget_settings(context):
    # Code to view Button Widget settings
    pass

@then('the Button background and text colours are displayed')
def step_then_button_colours_displayed(context):
    # Code to verify Button background and text colours
    pass

@then('the selected, default, and hovered state effects are consistent')
def step_then_state_effects_consistent(context):
    # Code to verify state effects consistency
    pass"
47,"As a User, I want to see Block ""ratio"" simply changed to ""width""","Gherkin:
Feature: Update Block Ratio to Width

  Scenario: User sees Block ""ratio"" changed to ""width"" on Side Panel
    Given the user is on the Block configuration page
    When the user views the Side Panel
    Then the title ""Width"" is displayed instead of ""Ratio""
    And the description label ""BLOCK RATIO"" is visible between the ""Width"" title and the slider

Python:
from behave import given, when, then

@given('the user is on the Block configuration page')
def step_given_user_on_block_configuration_page(context):
    # Code to navigate to the Block configuration page
    pass

@when('the user views the Side Panel')
def step_when_user_views_side_panel(context):
    # Code to ensure the Side Panel is visible
    pass

@then('the title ""Width"" is displayed instead of ""Ratio""')
def step_then_title_width_displayed(context):
    # Code to verify the title is ""Width""
    pass

@then('the description label ""BLOCK RATIO"" is visible between the ""Width"" title and the slider')
def step_then_description_label_visible(context):
    # Code to verify the description label is visible
    pass"
48,"As a user, I want to remove double saving messages","Gherkin:
Feature: Remove duplicate saving messages

  Scenario: User removes the duplicate saving message
    Given the user is on the image tagging page
    When the user saves the image
    Then only one ""Image will be tagged after saving."" message should appear

Python:
from behave import given, when, then

@given('the user is on the image tagging page')
def step_given_user_on_image_tagging_page(context):
    # Code to navigate to the image tagging page
    pass

@when('the user saves the image')
def step_when_user_saves_image(context):
    # Code to save the image
    pass

@then('only one ""Image will be tagged after saving."" message should appear')
def step_then_one_message_should_appear(context):
    # Code to verify only one message appears
    pass"
49,"As a User, I want to differentiate page saving between creating a new and editing an existing Simple Page","Gherkin:
Feature: Save Simple Page in Simple Page Builder

  Scenario: Save a new Simple Page and navigate to editing mode
    Given I am on the Simple Page Builder create page
    When I save the new Simple Page
    Then I should be redirected to the Simple Page editing URL in editing mode

Python:
from behave import given, when, then

@given('I am on the Simple Page Builder create page')
def step_given_on_create_page(context):
    context.browser.get('http://example.com/simple-page-builder/create')

@when('I save the new Simple Page')
def step_when_save_new_page(context):
    save_button = context.browser.find_element_by_id('save-button')
    save_button.click()

@then('I should be redirected to the Simple Page editing URL in editing mode')
def step_then_redirected_to_editing_url(context):
    expected_url = 'http://example.com/simple-page-builder/edit'
    assert context.browser.current_url.startswith(expected_url)
    assert 'editing mode' in context.browser.page_source"
50,"As a user, I want all options to be included in V3 importer","Gherkin:
Feature: V3 Importer includes Asset Intelligence options

  Scenario: Import assets with all Asset Intelligence options
    Given the V3 importer is configured with Asset Intelligence settings
    When the user imports assets
    Then the assets should include Image Tagging, Video Tagging, Closed Captions, and groundwork for Facial Recognition

Python:
from behave import given, when, then

@given('the V3 importer is configured with Asset Intelligence settings')
def step_given_v3_importer_configured(context):
    # Code to configure V3 importer with Asset Intelligence settings
    pass

@when('the user imports assets')
def step_when_user_imports_assets(context):
    # Code to simulate asset import
    pass

@then('the assets should include Image Tagging, Video Tagging, Closed Captions, and groundwork for Facial Recognition')
def step_then_assets_include_features(context):
    # Code to verify assets include all specified features
    pass"
51,"As a User, I want to Get a list of Smart Pages via API","Gherkin:
Feature: Retrieve Smart Pages

  Scenario: Successfully retrieve a list of Smart Pages via API
    Given the API endpoint for Smart Pages is available
    When I request the list of Smart Pages
    Then I receive a successful response with the list of Smart Pages

Python:
from behave import given, when, then
import requests

@given('the API endpoint for Smart Pages is available')
def step_given_api_endpoint_available(context):
    context.api_url = ""https://api.example.com/smart-pages""

@when('I request the list of Smart Pages')
def step_when_request_list_of_smart_pages(context):
    context.response = requests.get(context.api_url)

@then('I receive a successful response with the list of Smart Pages')
def step_then_receive_successful_response(context):
    assert context.response.status_code == 200
    assert isinstance(context.response.json(), list)"
52,"As a User, I want to Get a Smart page, including details: Page, Sections, Blocks, and Widgets via API","Gherkin:
Feature: Retrieve Smart Page Details via API

  Scenario: Successfully retrieve a smart page with its details
    Given a valid API endpoint for retrieving smart page details
    When the user makes a GET request to the API
    Then the response contains the smart page with sections, blocks, and widgets

Python:
from behave import given, when, then
import requests

@given('a valid API endpoint for retrieving smart page details')
def step_given_valid_api_endpoint(context):
    context.api_endpoint = ""https://api.example.com/smartpage""

@when('the user makes a GET request to the API')
def step_when_user_makes_get_request(context):
    context.response = requests.get(context.api_endpoint)

@then('the response contains the smart page with sections, blocks, and widgets')
def step_then_response_contains_details(context):
    response_data = context.response.json()
    assert 'page' in response_data
    assert 'sections' in response_data
    assert 'blocks' in response_data
    assert 'widgets' in response_data"
53,"As a User, I want to Delete a Smart Page via API","Gherkin:
Feature: Delete a Smart Page via API

  Scenario: Successfully delete a Smart Page
    Given I have a valid API token
    And I have the ID of the Smart Page to delete
    When I send a DELETE request to the Smart Page API
    Then the Smart Page is successfully deleted
    And I receive a confirmation response

Python:
from behave import given, when, then

@given('I have a valid API token')
def step_given_valid_api_token(context):
    context.api_token = ""valid_token""

@given('I have the ID of the Smart Page to delete')
def step_given_smart_page_id(context):
    context.smart_page_id = ""12345""

@when('I send a DELETE request to the Smart Page API')
def step_when_send_delete_request(context):
    context.response = send_delete_request(context.api_token, context.smart_page_id)

@then('the Smart Page is successfully deleted')
def step_then_smart_page_deleted(context):
    assert context.response.status_code == 200

@then('I receive a confirmation response')
def step_then_receive_confirmation(context):
    assert context.response.json().get(""message"") == ""Smart Page deleted successfully"""
54,"As a User, I want to report Resource Download (Original) action in Usage Reporting for Custom Page Module","Gherkin:
Feature: Report Resource Download Action in Usage Reporting

  Scenario: Track resource download action for original size type
    Given a user is on the Custom Page Module
    When the user downloads a resource in original size
    Then the resource download action is reported in usage reporting

Python:
from behave import given, when, then

@given('a user is on the Custom Page Module')
def step_given_user_on_custom_page_module(context):
    pass

@when('the user downloads a resource in original size')
def step_when_user_downloads_resource_original_size(context):
    pass

@then('the resource download action is reported in usage reporting')
def step_then_resource_download_reported(context):
    pass"
55,"As a User, I want to report on Resource downloaded (Original) separately than added in Smart Page for Resource Module (Usage)","Gherkin:
Feature: Resource Usage Reporting

  Scenario: Track Resource download action in Smart Pages
    Given a previously uploaded Resource is available in the system
    When the User downloads the Resource in its Original size via Resource Lookup
    Then the Resource download action is tracked in the Resource Usage Reporting

Python:
from behave import given, when, then

@given('a previously uploaded Resource is available in the system')
def step_given_resource_available(context):
    # Code to ensure the resource is available
    pass

@when('the User downloads the Resource in its Original size via Resource Lookup')
def step_when_user_downloads_resource(context):
    # Code to simulate the user downloading the resource
    pass

@then('the Resource download action is tracked in the Resource Usage Reporting')
def step_then_resource_download_tracked(context):
    # Code to verify the download action is tracked
    pass"
56,"As a User, I want to access Reply action for New Comments in Daily Digest Email","Gherkin:
Feature: Access Reply action for New Comments in Daily Digest Email

  Scenario: User replies to a new comment from the Daily Digest Email
    Given the user has opened the Daily Digest Email
    When the user clicks on the ""Reply"" link for a new comment
    Then the user is redirected to the Reply page in a new tab
    And the applicable comment is highlighted
    And the text-box is active and ready for input

Python:
from behave import given, when, then

@given('the user has opened the Daily Digest Email')
def step_given_user_opened_daily_digest_email(context):
    pass

@when('the user clicks on the ""Reply"" link for a new comment')
def step_when_user_clicks_reply_link(context):
    pass

@then('the user is redirected to the Reply page in a new tab')
def step_then_user_redirected_to_reply_page(context):
    pass

@then('the applicable comment is highlighted')
def step_then_comment_is_highlighted(context):
    pass

@then('the text-box is active and ready for input')
def step_then_text_box_is_active(context):
    pass"
57,"As a User, I want to see Block ""ratio"" simply changed to ""width""","Gherkin:
Feature: Update Block Ratio to Width

  Scenario: User sees Block ""ratio"" changed to ""width"" on the side panel
    Given the user is on the block configuration page
    When the user views the side panel
    Then the title of the block configuration should be ""Width""
    And the description label should be ""BLOCK RATIO"" between the title and the slider

Python:
from behave import given, when, then

@given('the user is on the block configuration page')
def step_given_user_on_block_configuration_page(context):
    pass

@when('the user views the side panel')
def step_when_user_views_side_panel(context):
    pass

@then('the title of the block configuration should be ""Width""')
def step_then_title_should_be_width(context):
    pass

@then('the description label should be ""BLOCK RATIO"" between the title and the slider')
def step_then_description_label_should_be_block_ratio(context):
    pass"
58,"As a User, I want to see Button Widget's background colour config designs in line with entire Side Panel","Gherkin:
Feature: Button Widget Background Colour Configuration

  Scenario: User views Button Widget's background colour settings in line with Side Panel design
    Given the user is on the Side Panel with the Button Widget
    When the user views the Button Widget's background and text colours
    Then the Button Widget's colours match the design specifications
    And the Button Widget's selected, default, and hovered states are consistent

Python:
from behave import given, when, then

@given('the user is on the Side Panel with the Button Widget')
def step_given_user_on_side_panel(context):
    # Code to navigate to the Side Panel with the Button Widget
    pass

@when('the user views the Button Widget\'s background and text colours')
def step_when_user_views_button_colours(context):
    # Code to check the Button Widget's background and text colours
    pass

@then('the Button Widget\'s colours match the design specifications')
def step_then_button_colours_match_design(context):
    # Code to verify the Button Widget's colours match the design
    pass

@then('the Button Widget\'s selected, default, and hovered states are consistent')
def step_then_button_states_consistent(context):
    # Code to verify the Button Widget's state effects are consistent
    pass"
59,"As a User, I want to have Block's height auto-adjusted based on the Widget within","Gherkin:
Feature: Auto-adjust Block height based on Widget

  Scenario: Auto-adjust Block height when Widget height changes
    Given a Block containing a Widget
    When the Widget's height is changed
    Then the Block's height is adjusted to match the Widget's height

Python:
from behave import given, when, then

@given('a Block containing a Widget')
def step_given_block_with_widget(context):
    context.block = Block()
    context.widget = Widget()
    context.block.add_widget(context.widget)

@when(""the Widget's height is changed"")
def step_when_widget_height_changed(context):
    context.widget.set_height(200)

@then(""the Block's height is adjusted to match the Widget's height"")
def step_then_block_height_adjusted(context):
    assert context.block.height == context.widget.height"
60,"As a User, I want to have Section's height auto-adjusted based on the Section within","Gherkin:
Feature: Auto-adjust Section height based on Block height

  Scenario: Adjust Section height when Block height changes
    Given a Section with a Block inside
    When the Block's height is changed to a larger value
    Then the Section's height should increase to match the Block's height
    When the Block's height is changed to a smaller value
    Then the Section's height should decrease to match the Block's height

Python:
from behave import given, when, then

@given('a Section with a Block inside')
def step_given_section_with_block(context):
    context.section = Section()
    context.block = Block()
    context.section.add_block(context.block)

@when(""the Block's height is changed to a larger value"")
def step_when_block_height_increased(context):
    context.block.set_height(200)
    context.section.adjust_height()

@then(""the Section's height should increase to match the Block's height"")
def step_then_section_height_increased(context):
    assert context.section.height == context.block.height

@when(""the Block's height is changed to a smaller value"")
def step_when_block_height_decreased(context):
    context.block.set_height(100)
    context.section.adjust_height()

@then(""the Section's height should decrease to match the Block's height"")
def step_then_section_height_decreased(context):
    assert context.section.height == context.block.height"
61,"As a User, I want to switch the focus between Section, Block, and Widget","Gherkin:
Feature: Switch focus between Section, Block, and Widget

  Scenario: User switches focus from Parent to Child and Child to Parent
    Given the user is on the design interface
    When the user switches focus from Section to Block
    And the user switches focus from Block to Widget
    And the user switches focus from Widget to Block
    And the user switches focus from Block to Section
    Then the focus should be correctly set on Section

Python:
from behave import given, when, then

@given('the user is on the design interface')
def step_given_user_on_design_interface(context):
    pass

@when('the user switches focus from Section to Block')
def step_when_user_switches_focus_section_to_block(context):
    pass

@when('the user switches focus from Block to Widget')
def step_when_user_switches_focus_block_to_widget(context):
    pass

@when('the user switches focus from Widget to Block')
def step_when_user_switches_focus_widget_to_block(context):
    pass

@when('the user switches focus from Block to Section')
def step_when_user_switches_focus_block_to_section(context):
    pass

@then('the focus should be correctly set on Section')
def step_then_focus_correctly_set_on_section(context):
    pass"
62,"As a User, I want to edit a Section","Gherkin:
Feature: Edit Section

  Scenario: User edits a section with valid inputs
    Given the user is on the section edit page
    When the user sets the background to ""https://example.com/image.jpg""
    And the user sets the direction to ""horizontal""
    And the user sets the padding to 64 px for Left, Right, Top, Bottom
    Then the section is updated successfully

Python:
from behave import given, when, then

@given('the user is on the section edit page')
def step_given_user_on_section_edit_page(context):
    pass

@when('the user sets the background to ""{background_url}""')
def step_when_user_sets_background(context, background_url):
    pass

@when('the user sets the direction to ""{direction}""')
def step_when_user_sets_direction(context, direction):
    pass

@when('the user sets the padding to {padding}px for Left, Right, Top, Bottom')
def step_when_user_sets_padding(context, padding):
    pass

@then('the section is updated successfully')
def step_then_section_updated_successfully(context):
    pass"
63,"As a User, I want to see different effects on Sections/Blocks so I can know different states of them","Gherkin:
Feature: Visual effects on Sections/Blocks

  Scenario: User sees different effects on Sections/Blocks
    Given the user is on the page with Sections/Blocks
    When the user hovers over a Section/Block
    Then the hovering border effect is displayed as per design
    When the user selects a Section/Block
    Then the selecting border effect is displayed as per design
    When the user views a Section/Block without interaction
    Then the default state effect is displayed as per design

Python:
from behave import given, when, then

@given('the user is on the page with Sections/Blocks')
def step_given_user_on_page(context):
    pass

@when('the user hovers over a Section/Block')
def step_when_user_hovers(context):
    pass

@then('the hovering border effect is displayed as per design')
def step_then_hovering_effect_displayed(context):
    pass

@when('the user selects a Section/Block')
def step_when_user_selects(context):
    pass

@then('the selecting border effect is displayed as per design')
def step_then_selecting_effect_displayed(context):
    pass

@when('the user views a Section/Block without interaction')
def step_when_user_views_without_interaction(context):
    pass

@then('the default state effect is displayed as per design')
def step_then_default_effect_displayed(context):
    pass"
64,"As a User, I want to edit Font in Text Widget","Gherkin:
Feature: Edit Font in Text Widget

  Scenario: User edits font in the Text Widget Rich Text Editor
    Given the user is on the custom page with a Rich Text Editor
    And the Text Widget is available
    When the user selects a font from the Rich Text Editor
    Then the font is applied to the Text Widget
    And the font matches the available fonts in the custom page Rich Text Editor
    And custom fonts from Admin are available if added

Python:
from behave import given, when, then

@given('the user is on the custom page with a Rich Text Editor')
def step_given_user_on_custom_page(context):
    pass

@given('the Text Widget is available')
def step_given_text_widget_available(context):
    pass

@when('the user selects a font from the Rich Text Editor')
def step_when_user_selects_font(context):
    pass

@then('the font is applied to the Text Widget')
def step_then_font_applied_to_widget(context):
    pass

@then('the font matches the available fonts in the custom page Rich Text Editor')
def step_then_font_matches_available_fonts(context):
    pass

@then('custom fonts from Admin are available if added')
def step_then_custom_fonts_available(context):
    pass"
65,"As a User, I want to use the Simple Page tag on CP List page","Gherkin:
Feature: Display and filter Simple Pages on CP List page

  Scenario: User sees and uses the Simple Pages tag to filter results
    Given there are saved Simple Page type pages
    When the user visits the CP List page
    Then the user should see the label ""Simple Pages"" at the top of the list
    When the user clicks on the ""Simple Pages"" tag
    Then the list should only show Simple Page type pages
    And the details should be accurately in line with Design

Python:
from behave import given, when, then

@given('there are saved Simple Page type pages')
def step_given_saved_simple_pages(context):
    # Code to ensure there are saved Simple Page type pages
    pass

@when('the user visits the CP List page')
def step_when_user_visits_cp_list_page(context):
    # Code to simulate user visiting the CP List page
    pass

@then('the user should see the label ""Simple Pages"" at the top of the list')
def step_then_user_sees_simple_pages_label(context):
    # Code to verify the label ""Simple Pages"" is visible
    pass

@when('the user clicks on the ""Simple Pages"" tag')
def step_when_user_clicks_simple_pages_tag(context):
    # Code to simulate user clicking on the ""Simple Pages"" tag
    pass

@then('the list should only show Simple Page type pages')
def step_then_list_shows_only_simple_pages(context):
    # Code to verify the list shows only Simple Page type pages
    pass

@then('the details should be accurately in line with Design')
def step_then_details_accurate_with_design(context):
    # Code to verify details are in line with Design
    pass"
66,"As a User, I want to save the created Simple Page for CP module","Gherkin:
Feature: Save Simple Page in CP module

  Scenario: User saves a Simple Page successfully
    Given the user has created a Simple Page in the CP module
    When the user clicks on the publish/save button
    Then the Simple Page is saved to the CP module database
    And the Simple Page is listed when the CP module is refreshed
    And the Simple Page details are in line with the design

Python:
from behave import given, when, then

@given('the user has created a Simple Page in the CP module')
def step_given_user_created_simple_page(context):
    pass

@when('the user clicks on the publish/save button')
def step_when_user_clicks_publish_save(context):
    pass

@then('the Simple Page is saved to the CP module database')
def step_then_simple_page_saved_to_database(context):
    pass

@then('the Simple Page is listed when the CP module is refreshed')
def step_then_simple_page_listed_on_refresh(context):
    pass

@then('the Simple Page details are in line with the design')
def step_then_simple_page_details_in_line_with_design(context):
    pass"
67,"As a User, I want to use the simple page builder after creating a new Simple Page (go to page builder)","Gherkin:
Feature: Simple Page Creation and Navigation

  Scenario: User creates a Simple Page and accesses the page builder
    Given the user is on the new page type selection pop up
    When the user selects ""Simple Page"" and clicks on ""Create""
    Then the simple page builder should open on the same tab
    And the user should see the IB global navigation top-bar

Python:
from behave import given, when, then

@given('the user is on the new page type selection pop up')
def step_given_user_on_selection_pop_up(context):
    pass

@when('the user selects ""Simple Page"" and clicks on ""Create""')
def step_when_user_selects_simple_page_and_clicks_create(context):
    pass

@then('the simple page builder should open on the same tab')
def step_then_simple_page_builder_opens_on_same_tab(context):
    pass

@then('the user should see the IB global navigation top-bar')
def step_then_user_sees_ib_global_navigation_top_bar(context):
    pass"
68,"As a User, I want to re-arrange the order of fields so Expiry Date is below Purpose (+Package) fields ","Gherkin:
Feature: Re-arrange fields on Site page

  Scenario: User re-arranges fields so Expiry Date is below Package field
    Given the user is on the Add Site page
    When the user views the order of fields
    Then the Expiry Date field is below the Package field

Python:
from behave import given, when, then

@given('the user is on the Add Site page')
def step_given_user_on_add_site_page(context):
    pass

@when('the user views the order of fields')
def step_when_user_views_order_of_fields(context):
    pass

@then('the Expiry Date field is below the Package field')
def step_then_expiry_date_below_package(context):
    pass"
69,"As a User, I want to update UI & logic around selecting Jobs in Info Preview panel for preview + closing them to return to Resource preview","Gherkin:
Feature: Update UI & logic for selecting and closing Jobs in Info Preview panel

  Scenario: User selects and closes a Job Preview to return to Resource preview
    Given the user is on the Info Preview panel with a Job selected
    When the user re-clicks the selected Job
    Then the Preview switches back to the Template
    When the user closes the Job preview
    Then the Preview returns to the Resource preview

Python:
from behave import given, when, then

@given('the user is on the Info Preview panel with a Job selected')
def step_given_user_on_info_preview_with_job_selected(context):
    context.info_preview_panel.open()
    context.info_preview_panel.select_job()

@when('the user re-clicks the selected Job')
def step_when_user_reclicks_selected_job(context):
    context.info_preview_panel.reclick_selected_job()

@then('the Preview switches back to the Template')
def step_then_preview_switches_to_template(context):
    assert context.info_preview_panel.is_template_displayed()

@when('the user closes the Job preview')
def step_when_user_closes_job_preview(context):
    context.info_preview_panel.close_job_preview()

@then('the Preview returns to the Resource preview')
def step_then_preview_returns_to_resource_preview(context):
    assert context.info_preview_panel.is_resource_preview_displayed()"
70,"As a User, I want UI Button / Action on Template Resource in Info Preview to Create Job, which opens in Editor","Gherkin:
Feature: Create Job from Template Resource in Info Preview

  Scenario: User creates a job from a template in Info Preview
    Given the user has access to the folder containing the template
    And the template is created by img.ly+IB
    And the user has permission to create jobs
    When the user clicks the ""Create Job"" button on the Info Preview page
    Then the template opens as a job in the editor

Python:
from behave import given, when, then

@given('the user has access to the folder containing the template')
def step_given_user_has_access(context):
    pass

@given('the template is created by img.ly+IB')
def step_given_template_created_by_imgly(context):
    pass

@given('the user has permission to create jobs')
def step_given_user_has_permission(context):
    pass

@when('the user clicks the ""Create Job"" button on the Info Preview page')
def step_when_user_clicks_create_job(context):
    pass

@then('the template opens as a job in the editor')
def step_then_template_opens_as_job(context):
    pass"
71,"As a user who can reassign, I can select multiple reviewers","Gherkin:
Feature: Reassign reviewers

  Scenario: User selects multiple reviewers from the dropdown
    Given the prerequisite is enabled and the page is opened
    When the user selects multiple reviewers from the dropdown
    Then the selected reviewers appear in the field

Python:
from behave import given, when, then

@given('the prerequisite is enabled and the page is opened')
def step_given_prerequisite_enabled(context):
    # Code to ensure prerequisite is enabled and page is opened
    pass

@when('the user selects multiple reviewers from the dropdown')
def step_when_user_selects_reviewers(context):
    # Code to simulate user selecting multiple reviewers
    pass

@then('the selected reviewers appear in the field')
def step_then_reviewers_appear(context):
    # Code to verify selected reviewers appear in the field
    pass"
72,As a user I want to see the list of people I can reassign to,"Gherkin:
Feature: Display list of users for reassignment

  Scenario: User views the list of people available for reassignment
    Given the prerequisite is enabled and has been opened
    When the user opens the reassignment dropdown
    Then the user should see a list of all available users

Python:
from behave import given, when, then

@given('the prerequisite is enabled and has been opened')
def step_given_prerequisite_enabled(context):
    # Code to ensure prerequisite is enabled and opened
    pass

@when('the user opens the reassignment dropdown')
def step_when_user_opens_dropdown(context):
    # Code to simulate user opening the dropdown
    pass

@then('the user should see a list of all available users')
def step_then_user_sees_list(context):
    # Code to verify the list of users is displayed
    pass"
73,"As a user, I want to be able to open a reassign V3 Modal (Core new UI)","Gherkin:
Feature: Open Reassign V3 Modal

  Scenario: User opens the reassign V3 modal
    Given the prerequisite is enabled
    And the user has permission to re-assign
    When the user clicks on re-assign
    Then the new V3+ UI modal is displayed

Python:
from behave import given, when, then

@given('the prerequisite is enabled')
def step_given_prerequisite_enabled(context):
    # Code to ensure prerequisite is enabled
    pass

@given('the user has permission to re-assign')
def step_given_user_has_permission(context):
    # Code to check user permission
    pass

@when('the user clicks on re-assign')
def step_when_user_clicks_reassign(context):
    # Code to simulate user clicking re-assign
    pass

@then('the new V3+ UI modal is displayed')
def step_then_v3_ui_modal_displayed(context):
    # Code to verify the V3+ UI modal is displayed
    pass"
74,"As a User, I want MCP Setting for Kanban Sort Options Updates","Gherkin:
Feature: MCP Setting for Kanban Sort Options Updates

  Scenario: User updates Kanban Sort Options under Development Use Only section
    Given the user is on the Development Use Only settings page
    When the user navigates to the Databases section
    And the user adds a new setting for Kanban Sort Options location-wise
    Then the new setting should be saved successfully

Python:
from behave import given, when, then

@given('the user is on the Development Use Only settings page')
def step_given_user_on_dev_settings_page(context):
    pass

@when('the user navigates to the Databases section')
def step_when_user_navigates_to_databases_section(context):
    pass

@when('the user adds a new setting for Kanban Sort Options location-wise')
def step_when_user_adds_kanban_sort_options_setting(context):
    pass

@then('the new setting should be saved successfully')
def step_then_setting_saved_successfully(context):
    pass"
75,"As a User, I want MCP Setting for Approvals List Bulk Actions Updates","Gherkin:
Feature: MCP Setting for Approvals List Bulk Actions Updates

  Scenario: User adds a new setting for Bulk Action Updates
    Given the user is on the Development Use Only settings page
    When the user adds the ""Approvals - Request List (V3) - Bulk Action Updates"" setting
    Then the setting should appear above ""Approvals - Request List (V3) - Column Enhancements""

Python:
from behave import given, when, then

@given('the user is on the Development Use Only settings page')
def step_given_user_on_settings_page(context):
    context.browser.visit('settings_page_url')

@when('the user adds the ""Approvals - Request List (V3) - Bulk Action Updates"" setting')
def step_when_user_adds_bulk_action_setting(context):
    context.browser.find_by_text('Add Setting').click()
    context.browser.fill('setting_name', 'Approvals - Request List (V3) - Bulk Action Updates')
    context.browser.find_by_text('Save').click()

@then('the setting should appear above ""Approvals - Request List (V3) - Column Enhancements""')
def step_then_setting_appears_above(context):
    settings_list = context.browser.find_by_css('.settings-list')
    bulk_action_index = settings_list.index('Approvals - Request List (V3) - Bulk Action Updates')
    column_enhancements_index = settings_list.index('Approvals - Request List (V3) - Column Enhancements')
    assert bulk_action_index < column_enhancements_index"
76,"As a User, I want new File Format 'Templates' displays for scene files that are Img.ly/IB creations (ie, we do not display as scene files) - [V3 Locations]","Gherkin:
Feature: Display File Format as 'Templates' for Img.ly/IB Creations

  Scenario: Display 'Templates' File Format for Img.ly/IB created resources
    Given a resource is created via IB+Img.ly
    When the resource is accessed in platform locations
    Then the File Format should be displayed as 'Templates' in Info Preview
    And the File Format should be displayed as 'Templates' in Database Resource Lookup
    And the File Format should be displayed as 'Templates' in Review Request > Item Details

Python:
from behave import given, when, then

@given('a resource is created via IB+Img.ly')
def step_given_resource_created_via_imgly(context):
    context.resource = create_resource_via_imgly()

@when('the resource is accessed in platform locations')
def step_when_resource_accessed(context):
    context.info_preview = access_info_preview(context.resource)
    context.database_lookup = access_database_lookup(context.resource)
    context.review_request = access_review_request(context.resource)

@then('the File Format should be displayed as \'Templates\' in Info Preview')
def step_then_file_format_info_preview(context):
    assert context.info_preview.file_format == 'Templates'

@then('the File Format should be displayed as \'Templates\' in Database Resource Lookup')
def step_then_file_format_database_lookup(context):
    assert context.database_lookup.file_format == 'Templates'

@then('the File Format should be displayed as \'Templates\' in Review Request > Item Details')
def step_then_file_format_review_request(context):
    assert context.review_request.file_format == 'Templates'"
77,"As a User, I want to Restricted Actions for Template Resources [Database Locations]","Gherkin:
Feature: Restricted Actions for Template Resources

  Scenario: User cannot see restricted actions for a Template Resource
    Given a user is logged in
    And a resource is a created Template
    When the user views the available actions for the resource
    Then the actions ""Download"", ""Block from Single and Bulk Download"", ""Alias"", ""Block from Single and Bulk Create Alias"" do not display
    And the actions ""Edit"", ""Email Internal Share Link"", ""Move"", ""Check in / Out"", ""Usage"", ""Related"", ""Feedback"" are available

Python:
from behave import given, when, then

@given('a user is logged in')
def step_given_user_logged_in(context):
    pass

@given('a resource is a created Template')
def step_given_resource_is_template(context):
    pass

@when('the user views the available actions for the resource')
def step_when_user_views_actions(context):
    pass

@then('the actions ""Download"", ""Block from Single and Bulk Download"", ""Alias"", ""Block from Single and Bulk Create Alias"" do not display')
def step_then_restricted_actions_do_not_display(context):
    pass

@then('the actions ""Edit"", ""Email Internal Share Link"", ""Move"", ""Check in / Out"", ""Usage"", ""Related"", ""Feedback"" are available')
def step_then_allowed_actions_are_available(context):
    pass"
78,"As a User, when I create, update and delete a Server and the action has failed, show a snackbar message to show the error","Gherkin:
Feature: Display error snackbar on server operation failure

  Scenario: Show error snackbar when server operation fails
    Given I am on the server management page
    When I attempt to create a server and it fails
    Then I should see a snackbar with the error message
    And the page remains open

Python:
from behave import given, when, then

@given('I am on the server management page')
def step_given_on_server_management_page(context):
    pass

@when('I attempt to create a server and it fails')
def step_when_create_server_fails(context):
    pass

@then('I should see a snackbar with the error message')
def step_then_see_snackbar_with_error(context):
    pass

@then('the page remains open')
def step_then_page_remains_open(context):
    pass"
79,"As a User, I want MCP Setting for Single User Record Editor Restriction","Gherkin:
Feature: MCP Setting for Single User Record Editor Restriction

  Scenario: Add Single User Record Edit Restriction setting to MCP
    Given I am on the MCP settings page
    When I add the ""Databases - Single User Record Edit Restriction"" setting to the ""Development Use Only"" section
    Then the setting should be visible at the bottom of the list

Python:
from behave import given, when, then

@given('I am on the MCP settings page')
def step_given_on_mcp_settings_page(context):
    pass

@when('I add the ""Databases - Single User Record Edit Restriction"" setting to the ""Development Use Only"" section')
def step_when_add_setting(context):
    pass

@then('the setting should be visible at the bottom of the list')
def step_then_setting_visible(context):
    pass"
80,"As a user who has selected Master Template option, if I can see none, I am directed to Create a blank one instead","Gherkin:
Feature: Master Template Selection

  Scenario: User is directed to create a blank template when no master templates exist
    Given the user has selected the Master Template option
    And no master templates exist
    When the user views the master template selection
    Then the message ""No Master Templates available"" is displayed
    And the user can select to create a blank template

Python:
from behave import given, when, then

@given('the user has selected the Master Template option')
def step_given_user_selected_master_template_option(context):
    pass

@given('no master templates exist')
def step_given_no_master_templates_exist(context):
    pass

@when('the user views the master template selection')
def step_when_user_views_master_template_selection(context):
    pass

@then('the message ""No Master Templates available"" is displayed')
def step_then_message_no_master_templates_available_displayed(context):
    pass

@then('the user can select to create a blank template')
def step_then_user_can_select_create_blank_template(context):
    pass"
81,"As a user who selected a Master Template, this loads into the Editor","Gherkin:
Feature: Load Master Template into Editor

  Scenario: User loads a selected Master Template into the Template editor
    Given a user has selected a Master Template
    When the Master Template is loaded into the editor
    Then the Template editor displays the selected Master Template
    And the Template editor shows the name of the Master Template

Python:
from behave import given, when, then

@given('a user has selected a Master Template')
def step_given_user_selected_master_template(context):
    context.selected_template = ""Master Template""

@when('the Master Template is loaded into the editor')
def step_when_template_loaded_into_editor(context):
    context.editor.load_template(context.selected_template)

@then('the Template editor displays the selected Master Template')
def step_then_editor_displays_template(context):
    assert context.editor.current_template == context.selected_template

@then('the Template editor shows the name of the Master Template')
def step_then_editor_shows_template_name(context):
    assert context.editor.template_name_displayed == context.selected_template"
82,"As a User, On save, a new Job should appear in job list/tab for that Template Resource (B.E. handling)","Gherkin:
Feature: Save Job for Template Resource

  Scenario: Successfully save a job and display it in the job list
    Given a Template Resource exists
    When the user saves a new Job for the Template Resource
    Then the new Job should appear in the job list for that Template Resource

Python:
from behave import given, when, then

@given('a Template Resource exists')
def step_given_template_resource_exists(context):
    context.template_resource = create_template_resource()

@when('the user saves a new Job for the Template Resource')
def step_when_user_saves_new_job(context):
    context.job = save_job_for_template(context.template_resource)

@then('the new Job should appear in the job list for that Template Resource')
def step_then_job_appears_in_list(context):
    job_list = get_job_list_for_template(context.template_resource)
    assert context.job in job_list"
83,"As a user creating a job, I can only edit / configure elements allowed by Template creator","Gherkin:
Feature: Job Editor Restrictions

  Scenario: User edits job elements in Adopter Mode
    Given a user opens the Editor in Adopter Mode
    When the user attempts to edit a configurable element
    Then the user is able to edit the element
    And the user is restricted from editing non-configurable elements

Python:
from behave import given, when, then

@given('a user opens the Editor in Adopter Mode')
def step_given_user_opens_editor(context):
    pass

@when('the user attempts to edit a configurable element')
def step_when_user_edits_configurable_element(context):
    pass

@then('the user is able to edit the element')
def step_then_user_edits_element(context):
    pass

@then('the user is restricted from editing non-configurable elements')
def step_then_user_restricted_from_non_configurable(context):
    pass"
84,"As a User, I want Confirmation dialog on Template Resource deletion that will warn that generated jobs will also be deleted as well","Gherkin:
Feature: Template Resource Deletion Confirmation

  Scenario: User deletes a Template Resource and sees a confirmation dialog
    Given the user is on the Template Resource page
    When the user clicks the delete button for a Template Resource
    Then a confirmation dialog appears warning that jobs will also be deleted

Python:
from behave import given, when, then

@given('the user is on the Template Resource page')
def step_given_user_on_template_resource_page(context):
    pass

@when('the user clicks the delete button for a Template Resource')
def step_when_user_clicks_delete_button(context):
    pass

@then('a confirmation dialog appears warning that jobs will also be deleted')
def step_then_confirmation_dialog_appears(context):
    pass"
85,"As a User, I want Close or cancel handling","Gherkin:
Feature: Close or cancel handling on Edit Template page

  Scenario: User closes or cancels from Edit Template page
    Given the user is on the Edit Template page
    When the user selects close or cancel
    Then the user is returned to the location they selected the Edit action from

Python:
from behave import given, when, then

@given('the user is on the Edit Template page')
def step_given_user_on_edit_template_page(context):
    pass

@when('the user selects close or cancel')
def step_when_user_selects_close_or_cancel(context):
    pass

@then('the user is returned to the location they selected the Edit action from')
def step_then_user_returned_to_previous_location(context):
    pass"
86,"As a user, I can search for a Template in the DAM when it has been saved as a Resource (Solr)","Gherkin:
Feature: Search for a Template in the DAM

  Scenario: User searches for a saved Template Scene file in the DAM
    Given a Template Scene file is saved as a Resource in Solr
    When the user searches for the Template in the DAM
    Then the Template should be found in the search results

Python:
from behave import given, when, then

@given('a Template Scene file is saved as a Resource in Solr')
def step_given_template_saved_as_resource(context):
    # Code to ensure the Template Scene file is saved as a Resource in Solr
    pass

@when('the user searches for the Template in the DAM')
def step_when_user_searches_for_template(context):
    # Code to perform the search for the Template in the DAM
    pass

@then('the Template should be found in the search results')
def step_then_template_found_in_search_results(context):
    # Code to verify the Template is found in the search results
    pass"
87,"As a User, I want to remove stickers option from left menu","Gherkin:
Feature: Remove Stickers option from left menu

  Scenario: User hides Stickers option from left menu
    Given the user is on the main page
    When the user accesses the left menu
    Then the Stickers option should not be visible

Python:
from behave import given, when, then

@given('the user is on the main page')
def step_given_user_on_main_page(context):
    pass

@when('the user accesses the left menu')
def step_when_user_accesses_left_menu(context):
    pass

@then('the Stickers option should not be visible')
def step_then_stickers_option_not_visible(context):
    pass"
88,"As a user who has selected a supported file to import as template, if it is successfully processed it opens in the Editor (Create + open import)","Gherkin:
Feature: Import supported file as template and open in Editor

  Scenario: Successfully import a supported file and open in Editor
    Given a user has selected a supported file for import as template
    When the file is successfully processed and loaded
    Then the file opens in the Editor

Python:
from behave import given, when, then

@given('a user has selected a supported file for import as template')
def step_given_user_selected_supported_file(context):
    context.file_selected = True

@when('the file is successfully processed and loaded')
def step_when_file_processed_and_loaded(context):
    assert context.file_selected is True
    context.file_processed = True

@then('the file opens in the Editor')
def step_then_file_opens_in_editor(context):
    assert context.file_processed is True
    context.editor_opened = True"
89,"As a User, I want Master Templates overlay, Fetch and return Master Templates via API ","Gherkin:
Feature: Master Template Selection

  Scenario: User views and selects a Master Template
    Given the user is on the Master Template selection overlay
    When the user fetches Master Templates via API
    Then the relevant Master Templates are displayed based on user permissions

Python:
from behave import given, when, then

@given('the user is on the Master Template selection overlay')
def step_given_user_on_master_template_overlay(context):
    context.overlay_open = True

@when('the user fetches Master Templates via API')
def step_when_user_fetches_templates_via_api(context):
    context.templates = fetch_templates_api(context.user_permissions)

@then('the relevant Master Templates are displayed based on user permissions')
def step_then_relevant_templates_displayed(context):
    assert context.templates == get_relevant_templates(context.user_permissions)"
90,"As a user who selected to Create Blank Template, a blank slate opens with a Default blank size","Gherkin:
Feature: Create Blank Template

  Scenario: User creates a blank template with default size
    Given the user is on the Create Template page
    When the user selects to create a new blank template
    Then a blank template opens with a default size of 1080 x 1080

Python:
from behave import given, when, then

@given('the user is on the Create Template page')
def step_given_user_on_create_template_page(context):
    # Code to navigate to the Create Template page
    pass

@when('the user selects to create a new blank template')
def step_when_user_selects_create_blank_template(context):
    # Code to simulate user selecting to create a new blank template
    pass

@then('a blank template opens with a default size of 1080 x 1080')
def step_then_blank_template_opens_with_default_size(context):
    # Code to verify the blank template opens with default size 1080 x 1080
    pass"
91,"As a User, I want to Update Workflow Template Configure Groups/Divisions to be a modal not full overlay","Gherkin:
Feature: Update Workflow Template Configure Groups/Divisions

  Scenario: User updates the workflow template to use a modal
    Given the user is on the workflow template page
    When the user selects to configure groups/divisions
    Then a modal should appear instead of a full overlay

Python:
from behave import given, when, then

@given('the user is on the workflow template page')
def step_given_user_on_workflow_template_page(context):
    pass

@when('the user selects to configure groups/divisions')
def step_when_user_selects_configure_groups_divisions(context):
    pass

@then('a modal should appear instead of a full overlay')
def step_then_modal_appears(context):
    pass"
92,As a user I can open the new 'Add collaborators' dialog from approval list [placeholder text accessibility update],"Gherkin:
Feature: Add Collaborators Dialog Accessibility

  Scenario: User opens the 'Add collaborators' dialog and sees accessible placeholder text
    Given the user is on the approval list page
    When the user opens the 'Add collaborators' dialog
    Then the input field should have a placeholder text ""Type or select a collaborator""
    And the input field should have an aria-describedby label

Python:
from behave import given, when, then

@given('the user is on the approval list page')
def step_given_user_on_approval_list_page(context):
    # Code to navigate to the approval list page
    pass

@when(""the user opens the 'Add collaborators' dialog"")
def step_when_user_opens_add_collaborators_dialog(context):
    # Code to open the 'Add collaborators' dialog
    pass

@then('the input field should have a placeholder text ""Type or select a collaborator""')
def step_then_input_field_has_placeholder(context):
    # Code to verify the placeholder text
    pass

@then('the input field should have an aria-describedby label')
def step_then_input_field_has_aria_describedby(context):
    # Code to verify the aria-describedby label
    pass"
93,"As a user, I can expand the Server form by closing the menu and using the expand button","Gherkin:
Feature: Expand Server Form

  Scenario: User expands the Server form by closing the menu and using the expand button
    Given the menu is open
    When the user closes the menu
    And the user clicks the expand button
    Then the form expands
    And the footer expands with the form

Python:
from behave import given, when, then

@given('the menu is open')
def step_given_menu_is_open(context):
    pass

@when('the user closes the menu')
def step_when_user_closes_menu(context):
    pass

@when('the user clicks the expand button')
def step_when_user_clicks_expand_button(context):
    pass

@then('the form expands')
def step_then_form_expands(context):
    pass

@then('the footer expands with the form')
def step_then_footer_expands_with_form(context):
    pass"
94,"As a user, who I can select as collaborator updates based on if 'all' is allowed in Template settings","Gherkin:
Feature: Collaborator Selection in Workflow Template

  Scenario: Select all active users as collaborators when 'All users' is allowed
    Given 'All users' is selected in 'Collaborators permissions' in the Workflow Template settings
    When I attempt to select a collaborator
    Then I can select any active platform user as a collaborator

Python:
from behave import given, when, then

@given(""'All users' is selected in 'Collaborators permissions' in the Workflow Template settings"")
def step_given_all_users_selected(context):
    context.template_settings = {'collaborators_permissions': 'All users'}

@when(""I attempt to select a collaborator"")
def step_when_attempt_select_collaborator(context):
    context.selected_collaborator = 'any_active_user'

@then(""I can select any active platform user as a collaborator"")
def step_then_select_any_user(context):
    assert context.selected_collaborator == 'any_active_user'"
95,"As a user, who I can select as collaborator updates based on new Template Group setting","Gherkin:
Feature: Collaborator selection based on Template Group setting

  Scenario: User can select collaborators based on updated Template Group setting
    Given a Template with pending requests configured to restrict collaborators by GroupY
    And UserA is a Workflow Access member in GroupX
    And GroupY is configured for the Template
    When the user updates the Template Group setting
    Then UserA can be selected as a collaborator
    And users in GroupY can be selected as collaborators

Python:
from behave import given, when, then

@given('a Template with pending requests configured to restrict collaborators by GroupY')
def step_given_template_with_pending_requests(context):
    pass

@given('UserA is a Workflow Access member in GroupX')
def step_given_usera_in_groupx(context):
    pass

@given('GroupY is configured for the Template')
def step_given_groupy_configured(context):
    pass

@when('the user updates the Template Group setting')
def step_when_user_updates_template_group(context):
    pass

@then('UserA can be selected as a collaborator')
def step_then_usera_can_be_selected(context):
    pass

@then('users in GroupY can be selected as collaborators')
def step_then_users_in_groupy_can_be_selected(context):
    pass"
96,"As a collaborator, I can be added to a Thread","Gherkin:
Feature: Add collaborator to a thread

  Scenario: Successfully add a collaborator to a thread
    Given comment threads are enabled for the workflow
    And a thread exists with participants
    When a participant adds a collaborator to the thread
    Then the collaborator is successfully added to the thread
    And the collaborator can toggle between threads
    And the collaborator can edit the thread

Python:
from behave import given, when, then

@given('comment threads are enabled for the workflow')
def step_given_comment_threads_enabled(context):
    context.workflow_threads_enabled = True

@given('a thread exists with participants')
def step_given_thread_exists_with_participants(context):
    context.thread_exists = True
    context.participants = ['participant1']

@when('a participant adds a collaborator to the thread')
def step_when_participant_adds_collaborator(context):
    if context.workflow_threads_enabled and context.thread_exists:
        context.participants.append('collaborator')

@then('the collaborator is successfully added to the thread')
def step_then_collaborator_added(context):
    assert 'collaborator' in context.participants

@then('the collaborator can toggle between threads')
def step_then_collaborator_can_toggle(context):
    context.collaborator_can_toggle = True
    assert context.collaborator_can_toggle

@then('the collaborator can edit the thread')
def step_then_collaborator_can_edit(context):
    context.collaborator_can_edit = True
    assert context.collaborator_can_edit"
97,"As a Collaborators, I can be tagged with @ mentions","Gherkin:
Feature: Tagging Collaborators with @ mentions

  Scenario: Successfully tagging a collaborator in a markup comment
    Given a collaborator is added to the pending request
    And the collaborator is not already a participant
    When the user writes a markup comment with an @ mention for the collaborator
    Then the collaborator should be tagged successfully

Python:
from behave import given, when, then

@given('a collaborator is added to the pending request')
def step_given_collaborator_added(context):
    pass

@given('the collaborator is not already a participant')
def step_given_collaborator_not_participant(context):
    pass

@when('the user writes a markup comment with an @ mention for the collaborator')
def step_when_user_mentions_collaborator(context):
    pass

@then('the collaborator should be tagged successfully')
def step_then_collaborator_tagged(context):
    pass"
98,"As a user, I cannot click Submit on single level unless I am on Response tab","Gherkin:
Feature: Submit button functionality on single level view

  Scenario: Enable Submit button only on Response tab
    Given the user accesses the single view from the bulk review list
    When the user clicks on the Markup tab
    Then the ""Submit & Next"" button is disabled with tooltip ""Submit a Response to proceed""
    When the user clicks on the Versions/Revisions tab
    Then the ""Submit & Next"" button is disabled with tooltip ""Submit a Response to proceed""
    When the user clicks on the Response tab
    Then the ""Submit & Next"" button is enabled

Python:
from behave import given, when, then

@given('the user accesses the single view from the bulk review list')
def step_given_user_accesses_single_view(context):
    pass

@when('the user clicks on the Markup tab')
def step_when_user_clicks_markup_tab(context):
    pass

@then('the ""Submit & Next"" button is disabled with tooltip ""Submit a Response to proceed""')
def step_then_button_disabled_markup(context):
    pass

@when('the user clicks on the Versions/Revisions tab')
def step_when_user_clicks_versions_tab(context):
    pass

@then('the ""Submit & Next"" button is disabled with tooltip ""Submit a Response to proceed""')
def step_then_button_disabled_versions(context):
    pass

@when('the user clicks on the Response tab')
def step_when_user_clicks_response_tab(context):
    pass

@then('the ""Submit & Next"" button is enabled')
def step_then_button_enabled(context):
    pass"
99,"As a User, I want to Publish Resource Grouped Requests handled in Group Review Page","Gherkin:
Feature: Publish Resource Grouped Requests

  Scenario: User publishes resource grouped requests from the Group Review Page
    Given the user is on the Group Review Page
    And the requests are staged for review
    When the user approves a request with comments
    Then the request is published successfully
    And the option to hide decline is enabled for record file approvals

Python:
from behave import given, when, then

@given('the user is on the Group Review Page')
def step_given_user_on_group_review_page(context):
    pass

@given('the requests are staged for review')
def step_given_requests_staged_for_review(context):
    pass

@when('the user approves a request with comments')
def step_when_user_approves_with_comments(context):
    pass

@then('the request is published successfully')
def step_then_request_published_successfully(context):
    pass

@then('the option to hide decline is enabled for record file approvals')
def step_then_hide_decline_enabled(context):
    pass"
100,"As a User, I want Grouped Record Files - Grouped Completion Email to Requester","Gherkin:
Feature: Grouped Record Files - Grouped Completion Email

  Scenario: Send grouped completion email when all items in a grouped request are completed
    Given the ""Enable Grouped Requests"" setting is enabled
    And the ""Requester > Grouped Request has been completed"" notification setting is enabled
    And a grouped record file request is made
    When all items within the grouped request are completed
    Then a single grouped completion email is sent to the requester

Python:
from behave import given, when, then

@given('the ""Enable Grouped Requests"" setting is enabled')
def step_impl_enable_grouped_requests(context):
    context.enable_grouped_requests = True

@given('the ""Requester > Grouped Request has been completed"" notification setting is enabled')
def step_impl_enable_grouped_notification(context):
    context.grouped_request_notification = True

@given('a grouped record file request is made')
def step_impl_grouped_request_made(context):
    context.grouped_request_made = True

@when('all items within the grouped request are completed')
def step_impl_all_items_completed(context):
    context.all_items_completed = True

@then('a single grouped completion email is sent to the requester')
def step_impl_send_grouped_email(context):
    assert context.enable_grouped_requests
    assert context.grouped_request_notification
    assert context.grouped_request_made
    assert context.all_items_completed
    context.grouped_email_sent = True"
101,"As a User, I want Grouped Resource Publish - Grouped Completion Email to Requester","Gherkin:
Feature: Grouped Resource Publish - Grouped Completion Email to Requester

  Scenario: Send grouped completion email when all items in a grouped request are completed
    Given the ""Enable Grouped Requests"" setting is enabled
    And the ""Requester > Grouped Request has been completed"" notification setting is enabled
    When a Group Resource Publish request is made
    And all items within the grouped request are completed
    Then a single grouped completion email is sent to the requester

Python:
from behave import given, when, then

@given('the ""Enable Grouped Requests"" setting is enabled')
def step_impl_enable_grouped_requests(context):
    context.grouped_requests_enabled = True

@given('the ""Requester > Grouped Request has been completed"" notification setting is enabled')
def step_impl_enable_grouped_request_notification(context):
    context.grouped_request_notification_enabled = True

@when('a Group Resource Publish request is made')
def step_impl_group_resource_publish_request(context):
    context.group_resource_publish_requested = True

@when('all items within the grouped request are completed')
def step_impl_all_items_completed(context):
    context.all_items_completed = True

@then('a single grouped completion email is sent to the requester')
def step_impl_send_grouped_completion_email(context):
    assert context.grouped_requests_enabled
    assert context.grouped_request_notification_enabled
    assert context.group_resource_publish_requested
    assert context.all_items_completed
    context.grouped_completion_email_sent = True"
102,"As a User, I want to set Primary Font Size in Admin and reflect to page title font size in Page Nav (both left & right side)","Gherkin:
Feature: Set Primary Font Size and Reflect in Page Nav

  Scenario: User sets Primary Font Size in Admin and it reflects in Page Nav
    Given I am on the Admin Template settings page
    When I set the Primary Font Size to 14
    Then the Page Nav title font size should be 14 on both left and right sides

Python:
from behave import given, when, then

@given('I am on the Admin Template settings page')
def step_given_on_admin_template_settings_page(context):
    context.admin_page.open_template_settings()

@when('I set the Primary Font Size to 14')
def step_when_set_primary_font_size(context):
    context.admin_page.set_primary_font_size(14)

@then('the Page Nav title font size should be 14 on both left and right sides')
def step_then_check_page_nav_font_size(context):
    assert context.page_nav.get_title_font_size('left') == 14
    assert context.page_nav.get_title_font_size('right') == 14"
103,"As a User, I want to go back to Resource Lookup overlay after clicking to go to Resource Preview in Page Builder","Gherkin:
Feature: Navigate back to Resource Lookup overlay

  Scenario: User returns to Resource Lookup after closing Info Preview
    Given the user is on the Resource Preview in Page Builder
    When the user clicks on the close icon in the Info Preview overlay
    Then the user should be taken back to the Resources view they were on

Python:
from behave import given, when, then

@given('the user is on the Resource Preview in Page Builder')
def step_given_user_on_resource_preview(context):
    # Code to ensure the user is on the Resource Preview in Page Builder
    pass

@when('the user clicks on the close icon in the Info Preview overlay')
def step_when_user_clicks_close_icon(context):
    # Code to simulate clicking the close icon in the Info Preview overlay
    pass

@then('the user should be taken back to the Resources view they were on')
def step_then_user_back_to_resources_view(context):
    # Code to verify the user is taken back to the Resources view
    pass"
104,"As a User, I want to select and upload more file formats via Resource Lookup in Page Builder","Gherkin:
Feature: Upload various file formats via Resource Lookup in Page Builder

  Scenario: User uploads files with automatic quality selection
    Given the user is on the Page Builder Resource Lookup
    When the user selects and uploads a PSD file
    Then the file is uploaded with Good quality automatically
    When the user selects and uploads a GIF file
    Then the file is uploaded with Best quality automatically

Python:
from behave import given, when, then

@given('the user is on the Page Builder Resource Lookup')
def step_given_user_on_page_builder(context):
    # Code to navigate to the Page Builder Resource Lookup
    pass

@when('the user selects and uploads a PSD file')
def step_when_user_uploads_psd(context):
    # Code to select and upload a PSD file
    pass

@then('the file is uploaded with Good quality automatically')
def step_then_file_uploaded_good_quality(context):
    # Code to verify the file is uploaded with Good quality
    pass

@when('the user selects and uploads a GIF file')
def step_when_user_uploads_gif(context):
    # Code to select and upload a GIF file
    pass

@then('the file is uploaded with Best quality automatically')
def step_then_file_uploaded_best_quality(context):
    # Code to verify the file is uploaded with Best quality
    pass"
105,"As a User, I should not see the Page Category dropdown when viewing Pages if none of them are assigned to Category","Gherkin:
Feature: Viewing Pages without Category

  Scenario: User views Pages with no assigned Category
    Given the user has access to view pages
    And none of the pages are assigned to any category
    When the user views the Pages
    Then the Page Category dropdown should not be visible
    And only Pages should be visible in the Left Panel

Python:
from behave import given, when, then

@given('the user has access to view pages')
def step_given_user_has_access_to_view_pages(context):
    # Code to ensure user has access to view pages
    pass

@given('none of the pages are assigned to any category')
def step_given_no_pages_assigned_to_category(context):
    # Code to ensure no pages are assigned to any category
    pass

@when('the user views the Pages')
def step_when_user_views_the_pages(context):
    # Code to simulate user viewing the pages
    pass

@then('the Page Category dropdown should not be visible')
def step_then_page_category_dropdown_not_visible(context):
    # Code to check that the Page Category dropdown is not visible
    pass

@then('only Pages should be visible in the Left Panel')
def step_then_only_pages_visible_in_left_panel(context):
    # Code to check that only Pages are visible in the Left Panel
    pass"
106,"As a User, I want to switch Page Categories when viewing a Page if there are multiple Page Categories","Gherkin:
Feature: Switch Page Categories

  Scenario: User switches Page Categories using the dropdown
    Given the user has permission to view multiple Page Categories
    And the user is on a Page with multiple Page Categories
    When the user selects a different Page Category from the dropdown
    Then the Pages under the selected Page Category are loaded

Python:
from behave import given, when, then

@given('the user has permission to view multiple Page Categories')
def step_given_user_has_permission(context):
    context.user_permissions = ['category1', 'category2', 'All Pages']

@given('the user is on a Page with multiple Page Categories')
def step_given_user_on_page_with_categories(context):
    context.current_page = 'Home'
    context.available_categories = ['category1', 'category2', 'All Pages']

@when('the user selects a different Page Category from the dropdown')
def step_when_user_selects_category(context):
    context.selected_category = 'category2'

@then('the Pages under the selected Page Category are loaded')
def step_then_pages_are_loaded(context):
    assert context.selected_category in context.available_categories
    context.loaded_pages = ['Page1', 'Page2']  # Example pages under category2
    assert context.loaded_pages is not None"
107,"As a User, I want to see Page Category being selected by default when viewing a Page as it's been assign to one","Gherkin:
Feature: Default Page Category Selection

  Scenario: Viewing a Page with a Default Category
    Given a Page is assigned to a Category
    When the User views the Page
    Then the Page Category Name is displayed by default
    And the pages under the Category are loaded to the left side from Nav

Python:
from behave import given, when, then

@given('a Page is assigned to a Category')
def step_given_page_assigned_to_category(context):
    context.page = assign_page_to_category()

@when('the User views the Page')
def step_when_user_views_page(context):
    context.viewed_page = view_page(context.page)

@then('the Page Category Name is displayed by default')
def step_then_category_name_displayed(context):
    assert context.viewed_page.category_name_displayed()

@then('the pages under the Category are loaded to the left side from Nav')
def step_then_pages_loaded_to_left_nav(context):
    assert context.viewed_page.pages_loaded_to_left_nav()"
108,"As a User, I want to customise the order of pages under All Pages and the order of pages under each Page Category","Gherkin:
Feature: Customise the order of pages

  Scenario: User customises the order of pages under All Pages and Page Categories
    Given the user is on the All Pages view
    And the user sees a list of pages
    When the user drags and drops a page to a new position
    Then the order of pages is updated under All Pages
    And the user navigates to a Page Category
    And the user sees a list of pages in the category
    When the user drags and drops a page to a new position in the category
    Then the order of pages is updated under the Page Category

Python:
from behave import given, when, then

@given('the user is on the All Pages view')
def step_given_user_on_all_pages_view(context):
    pass

@given('the user sees a list of pages')
def step_given_user_sees_list_of_pages(context):
    pass

@when('the user drags and drops a page to a new position')
def step_when_user_drags_and_drops_page(context):
    pass

@then('the order of pages is updated under All Pages')
def step_then_order_updated_all_pages(context):
    pass

@given('the user navigates to a Page Category')
def step_given_user_navigates_to_page_category(context):
    pass

@given('the user sees a list of pages in the category')
def step_given_user_sees_list_of_pages_in_category(context):
    pass

@when('the user drags and drops a page to a new position in the category')
def step_when_user_drags_and_drops_page_in_category(context):
    pass

@then('the order of pages is updated under the Page Category')
def step_then_order_updated_page_category(context):
    pass"
109,"As an Internal User, I want to have MCP(development use only) settings to enable/disable features per Epic for Drag & Drop Page MVP ","Gherkin:
Feature: Manage MCP Settings for Drag & Drop Page MVP

  Scenario: Enable MCP settings for Drag & Drop features
    Given I am an Internal User on the MCP settings page
    When I enable the ""Drag & Drop Pages: Widgets combining Block"" setting
    And I enable the ""Drag & Drop Pages: Image Resizing"" setting
    And I enable the ""Drag & Drop Pages: Page Templates"" setting
    And I enable the ""Drag & Drop Pages - Page Category (development use only)"" setting
    Then the settings should be saved successfully

Python:
from behave import given, when, then

@given('I am an Internal User on the MCP settings page')
def step_given_internal_user_on_mcp_settings_page(context):
    # Code to navigate to the MCP settings page as an internal user
    pass

@when('I enable the ""Drag & Drop Pages: Widgets combining Block"" setting')
def step_when_enable_widgets_combining_block_setting(context):
    # Code to enable the Widgets combining Block setting
    pass

@when('I enable the ""Drag & Drop Pages: Image Resizing"" setting')
def step_when_enable_image_resizing_setting(context):
    # Code to enable the Image Resizing setting
    pass

@when('I enable the ""Drag & Drop Pages: Page Templates"" setting')
def step_when_enable_page_templates_setting(context):
    # Code to enable the Page Templates setting
    pass

@when('I enable the ""Drag & Drop Pages - Page Category (development use only)"" setting')
def step_when_enable_page_category_setting(context):
    # Code to enable the Page Category setting
    pass

@then('the settings should be saved successfully')
def step_then_settings_saved_successfully(context):
    # Code to verify the settings are saved successfully
    pass"
110,"As a User, I want to be informed why the Page cannot be saved in Page Builder if it's beyond the set Page limit in MCP","Gherkin:
Feature: Page Limit Warning in Page Builder

  Scenario: User is informed when page limit is reached in Page Builder
    Given the user is in Page Builder
    And the set D&D page limit in MCP has been reached
    When the user clicks on the Standalone Page creation button at the bottom of Nav Panel
    Then a warning snack bar with message ""Page limit of {&number set as page limit in MCP} reached."" is displayed

Python:
from behave import given, when, then

@given('the user is in Page Builder')
def step_given_user_in_page_builder(context):
    # Code to ensure the user is in Page Builder
    pass

@given('the set D&D page limit in MCP has been reached')
def step_given_page_limit_reached(context):
    # Code to simulate the page limit being reached
    pass

@when('the user clicks on the Standalone Page creation button at the bottom of Nav Panel')
def step_when_user_clicks_standalone_page_creation(context):
    # Code to simulate clicking the Standalone Page creation button
    pass

@then('a warning snack bar with message ""Page limit of {&number set as page limit in MCP} reached."" is displayed')
def step_then_warning_snack_bar_displayed(context):
    # Code to verify the warning snack bar is displayed
    pass"
111,"As a User, I want to have previous 'Block' background colour setting embedded in Text Widget toolbar after combining these two","Gherkin:
Feature: Embed previous 'Block' background colour setting in Text Widget toolbar

  Scenario: User embeds previous 'Block' background colour setting in Text Widget toolbar
    Given the user has a previous 'Block' background colour setting
    When the user combines the 'Block' with the Text Widget
    Then the previous 'Block' background colour setting is embedded in the Text Widget toolbar
    And the user can click on the background colour setting in the toolbar
    And the colour swatch popover opens
    And the user sets the colour for the Text Widget background

Python:
from behave import given, when, then

@given('the user has a previous \'Block\' background colour setting')
def step_given_previous_block_background_colour(context):
    pass

@when('the user combines the \'Block\' with the Text Widget')
def step_when_combine_block_with_text_widget(context):
    pass

@then('the previous \'Block\' background colour setting is embedded in the Text Widget toolbar')
def step_then_embed_colour_setting_in_toolbar(context):
    pass

@then('the user can click on the background colour setting in the toolbar')
def step_then_click_background_colour_setting(context):
    pass

@then('the colour swatch popover opens')
def step_then_colour_swatch_popover_opens(context):
    pass

@then('the user sets the colour for the Text Widget background')
def step_then_set_colour_for_text_widget_background(context):
    pass"
112,"As a User, I want to configure both Block and Video Widget properties","Gherkin:
Feature: Configure Widget Properties

  Scenario: User configures Block and Video Widget properties
    Given the user is on the widget configuration page
    When the user navigates to the Block and Video Widget settings
    And the user updates the widget properties
    Then the new widget settings should be saved successfully

Python:
from behave import given, when, then

@given('the user is on the widget configuration page')
def step_given_user_on_widget_configuration_page(context):
    pass

@when('the user navigates to the Block and Video Widget settings')
def step_when_user_navigates_to_widget_settings(context):
    pass

@when('the user updates the widget properties')
def step_when_user_updates_widget_properties(context):
    pass

@then('the new widget settings should be saved successfully')
def step_then_widget_settings_saved_successfully(context):
    pass"
113,"As a User, I want to configure both Block and Image Widget properties","Gherkin:
Feature: Configure Widget Properties

  Scenario: User configures Block and Image Widget properties
    Given the user is on the widget configuration page
    When the user navigates to the Block and Image Widget settings
    And the user configures the widget settings
    Then the new widget settings should be saved successfully

Python:
from behave import given, when, then

@given('the user is on the widget configuration page')
def step_given_user_on_widget_configuration_page(context):
    pass

@when('the user navigates to the Block and Image Widget settings')
def step_when_user_navigates_to_widget_settings(context):
    pass

@when('the user configures the widget settings')
def step_when_user_configures_widget_settings(context):
    pass

@then('the new widget settings should be saved successfully')
def step_then_widget_settings_saved_successfully(context):
    pass"
114,"As a User, I want to configure both Block and Text Widget properties","Gherkin:
Feature: Configure Widget Properties

  Scenario: User configures Block and Text Widget properties
    Given the user is on the widget configuration page
    When the user navigates to the new widget settings from Nav
    Then the user should see the combined Block and Text Widget settings
    And the user can configure the widget properties

Python:
from behave import given, when, then

@given('the user is on the widget configuration page')
def step_given_user_on_widget_configuration_page(context):
    pass

@when('the user navigates to the new widget settings from Nav')
def step_when_user_navigates_to_new_widget_settings(context):
    pass

@then('the user should see the combined Block and Text Widget settings')
def step_then_user_sees_combined_widget_settings(context):
    pass

@then('the user can configure the widget properties')
def step_then_user_can_configure_widget_properties(context):
    pass"
115,"As a User, I want to configure both Block and Button Widget properties","Gherkin:
Feature: Configure Widget Properties

  Scenario: User configures Block and Button Widget properties
    Given the user is on the widget configuration page
    When the user navigates to the Block and Button Widget settings
    And the user configures the Block and Button Widget properties
    Then the new widget settings should be saved successfully

Python:
from behave import given, when, then

@given('the user is on the widget configuration page')
def step_given_user_on_widget_configuration_page(context):
    pass

@when('the user navigates to the Block and Button Widget settings')
def step_when_user_navigates_to_widget_settings(context):
    pass

@when('the user configures the Block and Button Widget properties')
def step_when_user_configures_widget_properties(context):
    pass

@then('the new widget settings should be saved successfully')
def step_then_widget_settings_saved_successfully(context):
    pass"
116,"As a User, I want to resize Image Widget by Width slider from Nav","Gherkin:
Feature: Resize Image Widget by Width Slider

  Scenario: User resizes Image Widget by adjusting Width slider from Nav
    Given the user is on the page with the Image Widget
    And the Image Widget is displayed with a default width
    When the user adjusts the Width slider from the Nav Panel
    Then the Image Widget's width changes according to the slider
    And the Image remains the same percentage of its Block horizontally
    And the user can still resize the Widget by dragging the dot line

Python:
from behave import given, when, then

@given('the user is on the page with the Image Widget')
def step_given_user_on_page_with_image_widget(context):
    pass

@given('the Image Widget is displayed with a default width')
def step_given_image_widget_default_width(context):
    pass

@when('the user adjusts the Width slider from the Nav Panel')
def step_when_user_adjusts_width_slider(context):
    pass

@then(""the Image Widget's width changes according to the slider"")
def step_then_image_widget_width_changes(context):
    pass

@then('the Image remains the same percentage of its Block horizontally')
def step_then_image_remains_same_percentage(context):
    pass

@then('the user can still resize the Widget by dragging the dot line')
def step_then_user_can_resize_by_dragging(context):
    pass"
117,"As a User, I want to reposition Image Widget by dragging image itself when create/editing a Page","Gherkin:
Feature: Reposition Image Widget by dragging

  Scenario: User repositions Image Widget by dragging
    Given the user is on the Page creation/editing screen
    And the Image Widget is dragged into a Section
    When the user drags the Image Widget to a new position
    Then the dotted line of the Image and bounding box with 8px padding is visible
    And the Image Widget’s outer bounding box border line is visible
    And the Image is repositioned maintaining the same percentage of 'Block'

Python:
from behave import given, when, then

@given('the user is on the Page creation/editing screen')
def step_given_user_on_page_creation_screen(context):
    pass

@given('the Image Widget is dragged into a Section')
def step_given_image_widget_dragged_into_section(context):
    pass

@when('the user drags the Image Widget to a new position')
def step_when_user_drags_image_widget(context):
    pass

@then('the dotted line of the Image and bounding box with 8px padding is visible')
def step_then_dotted_line_and_bounding_box_visible(context):
    pass

@then('the Image Widget’s outer bounding box border line is visible')
def step_then_outer_bounding_box_border_line_visible(context):
    pass

@then('the Image is repositioned maintaining the same percentage of ""Block""')
def step_then_image_repositioned_same_percentage_block(context):
    pass"
118,"As a user, I can only see a list of who can be selected as a Collaborator based on Beta scope - BE logic","Gherkin:
Feature: Collaborator Selection Based on Beta Scope

  Scenario: User sees a list of eligible Collaborators
    Given the relevant template is enabled for Collaborators
    And the user is a Workflow Admin or Main Admin
    When the user accesses the Request in their workflow list
    Then the user can see a list of eligible Collaborators

Python:
from behave import given, when, then

@given('the relevant template is enabled for Collaborators')
def step_given_template_enabled(context):
    # Code to ensure the template is enabled
    pass

@given('the user is a Workflow Admin or Main Admin')
def step_given_user_is_admin(context):
    # Code to verify user role
    pass

@when('the user accesses the Request in their workflow list')
def step_when_user_accesses_request(context):
    # Code to simulate user accessing the request
    pass

@then('the user can see a list of eligible Collaborators')
def step_then_user_sees_collaborators(context):
    # Code to verify the list of eligible collaborators is visible
    pass"
119,"As a user, I can open the new 'Add collaborators' dialog from approval list [Design core]","Gherkin:
Feature: Open 'Add collaborators' dialog from approval list

  Scenario: User opens the 'Add collaborators' dialog
    Given the user is on the V3 Approvals List
    And the user is a supported user
    When the user selects the Collaborator action for a relevant request
    Then the ""Collaborators"" modal is displayed with the header ""Collaborators""

Python:
from behave import given, when, then

@given('the user is on the V3 Approvals List')
def step_given_user_on_approvals_list(context):
    pass

@given('the user is a supported user')
def step_given_user_is_supported(context):
    pass

@when('the user selects the Collaborator action for a relevant request')
def step_when_user_selects_collaborator_action(context):
    pass

@then('the ""Collaborators"" modal is displayed with the header ""Collaborators""')
def step_then_collaborators_modal_displayed(context):
    pass"
120,"As a user, I want to see an action to assign collaborators in action column in V3 Approval List","Gherkin:
Feature: Assign Collaborators Action in Approval List

  Scenario: Display assign collaborators action for eligible users
    Given the Workflow Template setting is enabled
    And the user is a Requester or Reviewer of a pending request
    When the user views the V3 Approval List
    Then the user should see the assign collaborators action in the action column

Python:
from behave import given, when, then

@given('the Workflow Template setting is enabled')
def step_given_workflow_template_setting_enabled(context):
    context.workflow_template_setting = True

@given('the user is a Requester or Reviewer of a pending request')
def step_given_user_is_requester_or_reviewer(context):
    context.user_role = 'Requester'  # or 'Reviewer'

@when('the user views the V3 Approval List')
def step_when_user_views_approval_list(context):
    context.viewing_approval_list = True

@then('the user should see the assign collaborators action in the action column')
def step_then_user_sees_assign_collaborators_action(context):
    assert context.workflow_template_setting
    assert context.user_role in ['Requester', 'Reviewer']
    assert context.viewing_approval_list
    context.sees_assign_action = True
    assert context.sees_assign_action"
121,"As a User, When a setting is enabled, Setting applies to all pending items tied to that Template","Gherkin:
Feature: Apply Template Setting to Pending Items

  Scenario: Enable setting for a template and apply to pending items
    Given a template with pending requests
    When the setting is enabled for the template
    Then the Collaborators action appears for all pending requests tied to the template

Python:
from behave import given, when, then

@given('a template with pending requests')
def step_given_template_with_pending_requests(context):
    context.template = create_template_with_pending_requests()

@when('the setting is enabled for the template')
def step_when_setting_is_enabled(context):
    enable_setting_for_template(context.template)

@then('the Collaborators action appears for all pending requests tied to the template')
def step_then_collaborators_action_appears(context):
    assert check_collaborators_action_for_pending_requests(context.template)"
122,"As a user, if template setting is disabled (or template is archived), Collaborators can only be removed, not added, for pending items ","Gherkin:
Feature: Manage Collaborators for Pending Items

  Scenario: Remove Collaborators when template setting is disabled
    Given a template with ""Allow Collaborators"" enabled
    And the template has pending items
    When the ""Allow Collaborators"" setting is disabled
    Then Collaborators can only be removed from pending items
    And no new requests have the Collaborators action

Python:
from behave import given, when, then

@given('a template with ""Allow Collaborators"" enabled')
def step_given_template_with_allow_collaborators_enabled(context):
    context.template = create_template(allow_collaborators=True)

@given('the template has pending items')
def step_given_template_has_pending_items(context):
    context.pending_items = add_pending_items_to_template(context.template)

@when('the ""Allow Collaborators"" setting is disabled')
def step_when_allow_collaborators_setting_is_disabled(context):
    context.template.allow_collaborators = False

@then('Collaborators can only be removed from pending items')
def step_then_collaborators_can_only_be_removed(context):
    assert can_remove_collaborators(context.pending_items)
    assert not can_add_collaborators(context.pending_items)

@then('no new requests have the Collaborators action')
def step_then_no_new_requests_have_collaborators_action(context):
    new_request = create_new_request(context.template)
    assert not has_collaborators_action(new_request)"
123,"As a config user, I want to see/enable a new Setting in Admin > Template for Workflows for Collaborators in Approvals [Record File]","Gherkin:
Feature: Enable new setting for Resource Publish Workflow Templates

  Scenario: Display new setting when MCP is enabled
    Given the MCP setting is enabled
    When I navigate to Admin > Template for Workflows
    Then I should see the new setting for Resource Publish Workflow Templates

Python:
from behave import given, when, then

@given('the MCP setting is enabled')
def step_given_mcp_setting_enabled(context):
    # Code to ensure MCP setting is enabled
    pass

@when('I navigate to Admin > Template for Workflows')
def step_when_navigate_to_admin_template(context):
    # Code to navigate to Admin > Template for Workflows
    pass

@then('I should see the new setting for Resource Publish Workflow Templates')
def step_then_see_new_setting(context):
    # Code to verify the new setting is displayed
    pass"
124,"As a config user, I want to see/enable a new Setting in Admin > Template for Workflows for Collaborators in Approvals [Resource Publish]","Gherkin:
Feature: Enable new setting for Resource Publish Workflow Templates

  Scenario: Display new setting when MCP is enabled
    Given the MCP setting is enabled
    When I navigate to Admin > Template for Workflows
    Then I should see the new setting for Resource Publish Workflow Templates

Python:
from behave import given, when, then

@given('the MCP setting is enabled')
def step_given_mcp_setting_enabled(context):
    # Code to ensure MCP setting is enabled
    pass

@when('I navigate to Admin > Template for Workflows')
def step_when_navigate_to_admin_template(context):
    # Code to navigate to the Admin > Template for Workflows
    pass

@then('I should see the new setting for Resource Publish Workflow Templates')
def step_then_see_new_setting(context):
    # Code to verify the new setting is visible
    pass"
125,"As a config user, I want to see/enable a new Setting in Admin > Template for Workflows for Collaborators in Approvals [Resource Feedback]","Gherkin:
Feature: Enable new setting for Resource Feedback Workflow Templates

  Scenario: Display new setting when MCP is enabled
    Given the MCP setting is enabled
    When the user navigates to Admin > Template for Workflows
    Then the new setting for Resource Feedback is visible for all templates

Python:
from behave import given, when, then

@given('the MCP setting is enabled')
def step_given_mcp_setting_enabled(context):
    # Code to ensure MCP setting is enabled
    pass

@when('the user navigates to Admin > Template for Workflows')
def step_when_user_navigates_to_admin_template(context):
    # Code to simulate user navigation to Admin > Template for Workflows
    pass

@then('the new setting for Resource Feedback is visible for all templates')
def step_then_new_setting_visible(context):
    # Code to verify the new setting is visible for all templates
    pass"
126,"As a User, I want to add MCP Feature Flag for Collaborators in Approvals project","Gherkin:
Feature: Add MCP Feature Flag for Collaborators in Approvals project

  Scenario: User adds the Collaborator in approvals feature flag
    Given the user is on the development settings page
    When the user adds the ""Collaborator in approvals (BETA)"" setting
    Then the setting should be listed at the bottom of the development section
    And all project work should be tied to this setting

Python:
from behave import given, when, then

@given('the user is on the development settings page')
def step_given_user_on_development_settings_page(context):
    pass

@when('the user adds the ""Collaborator in approvals (BETA)"" setting')
def step_when_user_adds_collaborator_setting(context):
    pass

@then('the setting should be listed at the bottom of the development section')
def step_then_setting_listed_at_bottom(context):
    pass

@then('all project work should be tied to this setting')
def step_then_project_work_tied_to_setting(context):
    pass"
127,"As a User, I want a new workflowRequest PATCH call to update the collaborators","Gherkin:
Feature: Update collaborators in a workflow request

  Scenario: Successfully update collaborators using PATCH call
    Given a workflow request with existing collaborators
    When I send a PATCH request to update the collaborators
    Then the collaborators should be updated successfully

Python:
from behave import given, when, then

@given('a workflow request with existing collaborators')
def step_given_workflow_request_with_collaborators(context):
    context.workflow_request = {'collaborators': ['user1', 'user2']}

@when('I send a PATCH request to update the collaborators')
def step_when_send_patch_request(context):
    context.updated_collaborators = ['user3', 'user4']
    context.response = patch_workflow_request(context.workflow_request, context.updated_collaborators)

@then('the collaborators should be updated successfully')
def step_then_collaborators_updated(context):
    assert context.response['collaborators'] == context.updated_collaborators

def patch_workflow_request(workflow_request, new_collaborators):
    workflow_request['collaborators'] = new_collaborators
    return workflow_request"
128,"As a user, I can sort Server list columns","Gherkin:
Feature: Sort Server list columns

  Scenario: User sorts the Server list and maintains state after editing an object
    Given the user has performed a search on the Server list
    And the user has sorted the Server list by a specific column
    When the user clicks Edit on an object
    And the user saves the changes
    Then the Server list should maintain the previous search state
    And the Server list should maintain the previous sorting option
    And the Server list should reflect any changes due to the edit

Python:
from behave import given, when, then

@given('the user has performed a search on the Server list')
def step_given_user_performed_search(context):
    pass

@given('the user has sorted the Server list by a specific column')
def step_given_user_sorted_list(context):
    pass

@when('the user clicks Edit on an object')
def step_when_user_clicks_edit(context):
    pass

@when('the user saves the changes')
def step_when_user_saves_changes(context):
    pass

@then('the Server list should maintain the previous search state')
def step_then_maintain_search_state(context):
    pass

@then('the Server list should maintain the previous sorting option')
def step_then_maintain_sorting_option(context):
    pass

@then('the Server list should reflect any changes due to the edit')
def step_then_reflect_changes(context):
    pass"
129,"As a user, I can search for a Server in the Servers List","Gherkin:
Feature: Search for a Server in the Servers List

  Scenario: User searches for a server using the search bar
    Given the user is on the Servers Landing page
    When the user enters ""Server123"" in the search bar
    And the user initiates the search
    Then the search results should display ""Server123"" in the table

Python:
from behave import given, when, then

@given('the user is on the Servers Landing page')
def step_given_user_on_servers_landing_page(context):
    context.browser.get('http://example.com/servers')

@when('the user enters ""{server_name}"" in the search bar')
def step_when_user_enters_server_name(context, server_name):
    search_bar = context.browser.find_element_by_id('search-bar')
    search_bar.send_keys(server_name)

@when('the user initiates the search')
def step_when_user_initiates_search(context):
    search_button = context.browser.find_element_by_id('search-button')
    search_button.click()

@then('the search results should display ""{server_name}"" in the table')
def step_then_search_results_display_server_name(context, server_name):
    results_table = context.browser.find_element_by_id('results-table')
    assert server_name in results_table.text"
130,"As a User, I want empty stages shouldn't be hidden","Gherkin:
Feature: Display of Empty Stages

  Scenario: Ensure empty stages are not hidden
    Given a user is on a page with multiple stages
    And one of the stages is empty
    When the page is rendered
    Then the empty stage should be visible
    And the empty page should be hidden

Python:
from behave import given, when, then

@given('a user is on a page with multiple stages')
def step_given_user_on_page_with_stages(context):
    pass

@given('one of the stages is empty')
def step_given_stage_is_empty(context):
    pass

@when('the page is rendered')
def step_when_page_is_rendered(context):
    pass

@then('the empty stage should be visible')
def step_then_empty_stage_visible(context):
    pass

@then('the empty page should be hidden')
def step_then_empty_page_hidden(context):
    pass"
131,"As a User, I can add and submit a server","Gherkin:
Feature: Add and submit a server

  Scenario: User adds and submits a server with valid details
    Given I am on the Main Details Page
    When I enter ""123 Main St"" as the address
    And I enter ""This is a test server description"" as the description
    And I submit the server details
    Then I should see a confirmation message

Python:
from behave import given, when, then

@given('I am on the Main Details Page')
def step_given_on_main_details_page(context):
    pass

@when('I enter ""{address}"" as the address')
def step_when_enter_address(context, address):
    pass

@when('I enter ""{description}"" as the description')
def step_when_enter_description(context, description):
    pass

@when('I submit the server details')
def step_when_submit_server_details(context):
    pass

@then('I should see a confirmation message')
def step_then_see_confirmation_message(context):
    pass"
132,"As a User, I can click Add from Servers Page and I am taken to Servers Create page","Gherkin:
Feature: Navigate to Servers Create Page

  Scenario: User clicks Add button on Servers Page
    Given the user is on the Servers Page
    When the user clicks the Add button
    Then the user is taken to the Servers Create page

Python:
from behave import given, when, then

@given('the user is on the Servers Page')
def step_given_user_on_servers_page(context):
    context.browser.get('http://example.com/servers')

@when('the user clicks the Add button')
def step_when_user_clicks_add_button(context):
    add_button = context.browser.find_element_by_id('add-button')
    add_button.click()

@then('the user is taken to the Servers Create page')
def step_then_user_on_servers_create_page(context):
    assert context.browser.current_url == 'http://example.com/servers/create'"
133,"As a User, I want to add Side Navigation menu back for non-staged databases so its clearer how to get to the next page","Gherkin:
Feature: Display Side Navigation Menu for Non-Staged Databases

  Scenario: Display side navigation menu for non-staged and public record
    Given a non-staged and public record is being created
    When the user accesses the create record page
    Then the side navigation menu should be displayed

Python:
from behave import given, when, then

@given('a non-staged and public record is being created')
def step_given_non_staged_public_record(context):
    context.record = {'staged': False, 'public': True}

@when('the user accesses the create record page')
def step_when_user_accesses_create_record_page(context):
    context.page_accessed = True

@then('the side navigation menu should be displayed')
def step_then_side_navigation_menu_displayed(context):
    assert context.record['staged'] == False
    assert context.record['public'] == True
    assert context.page_accessed == True
    context.side_navigation_displayed = True
    assert context.side_navigation_displayed == True"
134,"As a User, I want to make the verification code in the email bigger & bolder to stand out more","Gherkin:
Feature: Email Verification Code Display

  Scenario: User sees the verification code in email as bigger and bolder
    Given the user receives a verification email
    When the user opens the email
    Then the verification code is displayed bigger and bolder

Python:
from behave import given, when, then

@given('the user receives a verification email')
def step_given_user_receives_verification_email(context):
    pass

@when('the user opens the email')
def step_when_user_opens_email(context):
    pass

@then('the verification code is displayed bigger and bolder')
def step_then_verification_code_displayed_bigger_bolder(context):
    pass"
135,"As a User, I want to add ""Maximum number of files"" to the empty Multi Upload Field so users are aware of limits before uploading","Gherkin:
Feature: Display maximum file limit in multi upload field

  Scenario: User sees maximum file limit in empty multi upload field
    Given the user is on the create/update page with a multi upload field
    When the maximum file limit is set to ""5""
    Then the multi upload field displays ""Maximum number of files: 5""

Python:
from behave import given, when, then

@given('the user is on the create/update page with a multi upload field')
def step_given_user_on_create_update_page(context):
    # Code to navigate to the create/update page
    pass

@when('the maximum file limit is set to ""{limit}""')
def step_when_maximum_file_limit_is_set(context, limit):
    # Code to set the maximum file limit
    context.max_file_limit = limit

@then('the multi upload field displays ""Maximum number of files: {limit}""')
def step_then_multi_upload_field_displays_limit(context, limit):
    # Code to verify the multi upload field displays the correct limit
    assert context.max_file_limit == limit"
136,"As a User, I want to open current location for single / same folder Move","Gherkin:
Feature: Open current location for single/same folder move

  Scenario: User moves a single resource with permission
    Given the user has permission to access the current folder
    When the user moves a single resource
    Then the current location is opened in the V3 folder tree branch

Python:
from behave import given, when, then

@given('the user has permission to access the current folder')
def step_given_user_has_permission(context):
    # Code to ensure user has permission to access the current folder
    pass

@when('the user moves a single resource')
def step_when_user_moves_single_resource(context):
    # Code to simulate moving a single resource
    pass

@then('the current location is opened in the V3 folder tree branch')
def step_then_current_location_opened(context):
    # Code to verify the current location is opened in the V3 folder tree branch
    pass"
137,"As a User, I want to change background color for public record auth pages","Gherkin:
Feature: Change background color for public record auth pages

  Scenario: User changes background color for email auth screens
    Given the user is on the email authentication page
    When the user views the background color
    Then the background color should be ""#F7F7F7""

Python:
from behave import given, when, then

@given('the user is on the email authentication page')
def step_given_user_on_email_auth_page(context):
    # Code to navigate to the email authentication page
    pass

@when('the user views the background color')
def step_when_user_views_background_color(context):
    # Code to check the background color
    pass

@then('the background color should be ""#F7F7F7""')
def step_then_background_color_should_be(context):
    # Code to assert the background color is ""#F7F7F7""
    pass"
138,"As a User, I want to support generate & keep session for the other four settings","Gherkin:
Feature: Session Management on Markup Page

  Scenario: Start session on new action
    Given a user is on the Markup Page
    When the user updates a comment status
    Then a new session is started for the user

Python:
from behave import given, when, then

@given('a user is on the Markup Page')
def step_given_user_on_markup_page(context):
    context.user_on_markup_page = True

@when('the user updates a comment status')
def step_when_user_updates_comment_status(context):
    context.comment_status_updated = True

@then('a new session is started for the user')
def step_then_new_session_started(context):
    assert context.user_on_markup_page
    assert context.comment_status_updated
    context.session_started = True"
139,"As a User, I want Guest Upload (MVP) Record File Multi Upload Limit Update to 1000","Gherkin:
Feature: Guest Upload Multi Upload Limit

  Scenario: User sets a custom max upload limit within the allowed range
    Given the multi upload field is available
    When the user sets the max upload limit to 500
    Then the max upload limit should be set to 500

Python:
from behave import given, when, then

@given('the multi upload field is available')
def step_given_multi_upload_field_available(context):
    context.multi_upload_field = {'max_limit': 1000, 'default_limit': 50}

@when('the user sets the max upload limit to 500')
def step_when_user_sets_max_upload_limit(context):
    context.user_set_limit = 500

@then('the max upload limit should be set to 500')
def step_then_max_upload_limit_set(context):
    assert context.user_set_limit == 500
    assert 1 <= context.user_set_limit <= context.multi_upload_field['max_limit']"
140,"As a User, I want to change ""Show All"" to ""Show More"" logic","Gherkin:
Feature: Change ""Show All"" to ""Show More"" logic

  Scenario: Display ""Show More"" when over 50 files exist
    Given there are more than 50 files available
    When the user views the file list
    Then the button should display ""Show More""
    And a maximum of 50 files should be displayed
    And additional files should be accessible via scroll

Python:
from behave import given, when, then

@given('there are more than 50 files available')
def step_given_more_than_50_files(context):
    context.file_count = 60

@when('the user views the file list')
def step_when_user_views_file_list(context):
    context.button_label = ""Show More"" if context.file_count > 50 else ""Show All""
    context.displayed_files = min(context.file_count, 50)

@then('the button should display ""Show More""')
def step_then_button_displays_show_more(context):
    assert context.button_label == ""Show More""

@then('a maximum of 50 files should be displayed')
def step_then_max_50_files_displayed(context):
    assert context.displayed_files == 50

@then('additional files should be accessible via scroll')
def step_then_additional_files_accessible_via_scroll(context):
    assert context.file_count > 50 and context.displayed_files == 50"
141,"As a User, I want Surface Question/Answer/Rating back end data in weekly report / script","Gherkin:
Feature: Generate weekly asset intelligence report

  Scenario: Generate and update the weekly asset intelligence report
    Given the weekly closed captions activation report is available
    When the report is updated to weekly asset intelligence report
    Then the report does not include Dev Server entries

Python:
from behave import given, when, then

@given('the weekly closed captions activation report is available')
def step_given_report_available(context):
    context.report = ""closed_captions_activation_report""

@when('the report is updated to weekly asset intelligence report')
def step_when_report_updated(context):
    context.report = ""weekly_asset_intelligence_report""

@then('the report does not include Dev Server entries')
def step_then_no_dev_server_entries(context):
    dev_servers = [""dcfprod"", ""rtsprod"", ""dev018"", ""dev015"", ""dpctest"", ""dcftest"", ""dev016"", ""dev003"", ""dev027"", ""dev026"", ""rtstest"", ""macsprod""]
    for server in dev_servers:
        assert server not in context.report"
142,"As a User, I want to add Public User email address into Creator field for relevant alerts","Gherkin:
Feature: Append Public User Email to Creator Field in Alerts

  Scenario: Append email address for public user in Created By field
    Given a database alert with a Created By field
    And the record was created by a public user with email ""user@example.com""
    When the alert is generated
    Then the Created By field should display ""Public Access <user@example.com>""

Python:
from behave import given, when, then

@given('a database alert with a Created By field')
def step_given_database_alert_with_created_by_field(context):
    context.alert = {'Created By': 'Public Access'}

@given('the record was created by a public user with email ""{email}""')
def step_given_record_created_by_public_user(context, email):
    context.public_user_email = email

@when('the alert is generated')
def step_when_alert_is_generated(context):
    context.alert['Created By'] += f"" <{context.public_user_email}>""

@then('the Created By field should display ""Public Access <{email}>""')
def step_then_created_by_field_should_display(context, email):
    expected_display = f""Public Access <{email}>""
    assert context.alert['Created By'] == expected_display, f""Expected {expected_display} but got {context.alert['Created By']}"""
143,"As a User, I want to hide Left Menu (to hide Future Stage details) for Public Users in updated UI in Create Record","Gherkin:
Feature: Hide Left Menu for Public Users in Create Record

  Scenario: Hide Left Menu when UI Uplift is enabled for Public Users
    Given the ""Databases - Briefs UI Uplift Phase 1"" is enabled in MCP
    And I am a Public User
    When I navigate to Create for Staged Databases
    Then I should not see the left menu

Python:
from behave import given, when, then

@given('the ""{feature}"" is enabled in MCP')
def step_given_feature_enabled(context, feature):
    # Code to ensure the feature is enabled in MCP
    pass

@given('I am a Public User')
def step_given_public_user(context):
    # Code to set the user as a Public User
    pass

@when('I navigate to Create for Staged Databases')
def step_when_navigate_create_staged_databases(context):
    # Code to navigate to Create for Staged Databases
    pass

@then('I should not see the left menu')
def step_then_should_not_see_left_menu(context):
    # Code to verify the left menu is not visible
    pass"
144,"As a user, I want to set a Custom limit to number of files allowed within a Multiple Upload Field - Updated handling for existing files that exceed new limit","Gherkin:
Feature: Set custom limit for multiple upload field

  Scenario: User sets a new custom limit and tries to add more files
    Given an existing record with 5 files in the upload field
    And the current max limit is 5 files
    When the user sets a new max limit to 3 files
    And the user edits the record to add 1 more file
    Then the system should prevent adding the file and show a limit exceeded message

Python:
from behave import given, when, then

@given('an existing record with 5 files in the upload field')
def step_given_existing_record_with_files(context):
    context.record_files = 5

@given('the current max limit is 5 files')
def step_given_current_max_limit(context):
    context.current_max_limit = 5

@when('the user sets a new max limit to 3 files')
def step_when_user_sets_new_max_limit(context):
    context.new_max_limit = 3

@when('the user edits the record to add 1 more file')
def step_when_user_edits_record_to_add_file(context):
    context.files_to_add = 1

@then('the system should prevent adding the file and show a limit exceeded message')
def step_then_system_prevents_adding_file(context):
    assert context.record_files + context.files_to_add > context.new_max_limit
    context.message = ""Limit exceeded""
    assert context.message == ""Limit exceeded"""
145,"As a user, I want to be able to be able to go the next record and previous record while in the record page","Gherkin:
Feature: Navigate through records

  Scenario: User navigates to the next and previous records
    Given the user is on a record page that is not the first or last in the list
    When the user hovers over the navigation area
    Then the next button is visible
    And the previous button is visible

Python:
from behave import given, when, then

@given('the user is on a record page that is not the first or last in the list')
def step_given_user_on_record_page(context):
    # Code to ensure the user is on a record page that is neither the first nor the last
    pass

@when('the user hovers over the navigation area')
def step_when_user_hovers_navigation(context):
    # Code to simulate hovering over the navigation area
    pass

@then('the next button is visible')
def step_then_next_button_visible(context):
    # Code to verify the next button is visible
    pass

@then('the previous button is visible')
def step_then_previous_button_visible(context):
    # Code to verify the previous button is visible
    pass"
146,"As a User, I want MCP Setting for V3 Move","Gherkin:
Feature: MCP Setting for V3 Move

  Scenario: Enable the new V3 Move Resource setting
    Given I am on the MCP Platform Settings page
    And I see the ""Development Use Only"" section
    When I enable the ""Resources - Move Resource (V3)"" setting
    Then the setting should be enabled
    And it should be tied to development tickets

Python:
from behave import given, when, then

@given('I am on the MCP Platform Settings page')
def step_impl(context):
    pass

@given('I see the ""Development Use Only"" section')
def step_impl(context):
    pass

@when('I enable the ""Resources - Move Resource (V3)"" setting')
def step_impl(context):
    pass

@then('the setting should be enabled')
def step_impl(context):
    pass

@then('it should be tied to development tickets')
def step_impl(context):
    pass"
147,"As a user, I want to be able to see the workflow history of a record if there is one","Gherkin:
Feature: View Workflow History

  Scenario: User views workflow history of a record
    Given a record with workflow history is displayed
    When the user clicks the workflow history button in the footer of the side navigation panel
    Then the workflow history table is shown

Python:
from behave import given, when, then

@given('a record with workflow history is displayed')
def step_given_record_with_workflow_history(context):
    context.record = get_record_with_workflow_history()
    assert context.record.has_workflow_history()

@when('the user clicks the workflow history button in the footer of the side navigation panel')
def step_when_user_clicks_workflow_history_button(context):
    context.workflow_history_button = find_workflow_history_button(context.record)
    context.workflow_history_button.click()

@then('the workflow history table is shown')
def step_then_workflow_history_table_is_shown(context):
    workflow_history_table = find_workflow_history_table(context.record)
    assert workflow_history_table.is_displayed()"
148,"As a User, I want new Auth Screens + Success Page - Add in Menu / Login Bar","Gherkin:
Feature: Display Auth Screens with Logo

  Scenario: User views the Auth Screen with Logo
    Given the user navigates to the Auth Screen
    When the Auth Screen is displayed
    Then the logo is visible
    And the login and nav menu are not visible

Python:
from behave import given, when, then

@given('the user navigates to the Auth Screen')
def step_given_user_navigates_to_auth_screen(context):
    context.browser.get('http://example.com/auth')

@when('the Auth Screen is displayed')
def step_when_auth_screen_is_displayed(context):
    assert context.browser.title == 'Auth Screen'

@then('the logo is visible')
def step_then_logo_is_visible(context):
    logo = context.browser.find_element_by_id('logo')
    assert logo.is_displayed()

@then('the login and nav menu are not visible')
def step_then_login_nav_menu_not_visible(context):
    login_menu = context.browser.find_elements_by_id('login-menu')
    nav_menu = context.browser.find_elements_by_id('nav-menu')
    assert not login_menu and not nav_menu"
149,"As a User, I want to  end my Session automatically when I leave the page by default","Gherkin:
Feature: Automatic Session Termination

  Scenario: End session automatically when user leaves the page
    Given the user is on the page with a markup overlay
    When the user closes the markup overlay
    Then the session should end automatically

Python:
from behave import given, when, then

@given('the user is on the page with a markup overlay')
def step_given_user_on_page_with_markup_overlay(context):
    context.user_on_page = True

@when('the user closes the markup overlay')
def step_when_user_closes_markup_overlay(context):
    context.overlay_closed = True

@then('the session should end automatically')
def step_then_session_should_end_automatically(context):
    assert context.overlay_closed is True
    context.session_ended = True"
150,"As a User, For ""Ask AI Beta"" project I want Beta icon","Gherkin:
Feature: Display Beta Icon in Ask AI Side Panel

  Scenario: User sees Beta icon in Ask AI side panel
    Given the user opens the Ask AI side panel
    When the side panel is displayed
    Then the user should see the Beta icon next to the panel name and help tooltip

Python:
from behave import given, when, then

@given('the user opens the Ask AI side panel')
def step_given_user_opens_side_panel(context):
    context.side_panel.open()

@when('the side panel is displayed')
def step_when_side_panel_displayed(context):
    assert context.side_panel.is_displayed()

@then('the user should see the Beta icon next to the panel name and help tooltip')
def step_then_user_sees_beta_icon(context):
    assert context.side_panel.has_beta_icon()"
151,"As a User, we expect to see updated email template for Session Based Digest Email once Session is completed","Gherkin:
Feature: Session Based Digest Email Template

  Scenario: User views updated email template after session completion
    Given a session has been completed
    When the user views the Session Based Digest Email
    Then the email should display the updated summary as per design
    And the email should display the session start and end time as per design

Python:
from behave import given, when, then

@given('a session has been completed')
def step_given_session_completed(context):
    pass

@when('the user views the Session Based Digest Email')
def step_when_user_views_email(context):
    pass

@then('the email should display the updated summary as per design')
def step_then_display_updated_summary(context):
    pass

@then('the email should display the session start and end time as per design')
def step_then_display_session_times(context):
    pass"
152,"As a User, I want to click a button on the Markup screen to manually end my Session","Gherkin:
Feature: End Session Button on Markup Screen

  Scenario: User manually ends session by clicking the button
    Given the user is on the Markup screen
    And the Markup Comment Panel is visible
    When the user clicks the ""End Session"" button under the Heading
    Then the ""End Session"" button disappears
    And the session end message disappears

Python:
from behave import given, when, then

@given('the user is on the Markup screen')
def step_given_user_on_markup_screen(context):
    pass

@given('the Markup Comment Panel is visible')
def step_given_markup_comment_panel_visible(context):
    pass

@when('the user clicks the ""End Session"" button under the Heading')
def step_when_user_clicks_end_session_button(context):
    pass

@then('the ""End Session"" button disappears')
def step_then_end_session_button_disappears(context):
    pass

@then('the session end message disappears')
def step_then_session_end_message_disappears(context):
    pass"
153,"As a User, I want to  end my Session automatically when I leave the page by default","Gherkin:
Feature: Automatic Session Termination

  Scenario: End session automatically when user leaves the page
    Given the user is on the page with a markup overlay
    When the user closes the markup overlay
    Then the session should end automatically

Python:
from behave import given, when, then

@given('the user is on the page with a markup overlay')
def step_given_user_on_page_with_markup_overlay(context):
    context.page.load_with_markup_overlay()

@when('the user closes the markup overlay')
def step_when_user_closes_markup_overlay(context):
    context.page.close_markup_overlay()

@then('the session should end automatically')
def step_then_session_should_end_automatically(context):
    assert context.session.is_ended()"
154,"As a User, I want Markup Page begins the session once the first activity on Mentions, New Comments, or New Replies gets sent to backend ","Gherkin:
Feature: Start session on Markup Page activity

  Scenario: Start session when a new activity is sent to the backend
    Given the user is on the Markup Page
    When the user sends a new mention to the backend
    Then the session should begin for the user

Python:
from behave import given, when, then

@given('the user is on the Markup Page')
def step_given_user_on_markup_page(context):
    context.user_on_markup_page = True

@when('the user sends a new mention to the backend')
def step_when_user_sends_mention(context):
    context.new_activity_sent = 'mention'

@then('the session should begin for the user')
def step_then_session_should_begin(context):
    assert context.user_on_markup_page is True
    assert context.new_activity_sent == 'mention'
    context.session_started = True"
155,"As a User, I want Markup Page begins the session once the first activity on Updates to Comment Status, Edited Comments, Deleted Comments, or New Revisions gets sent to backend","Gherkin:
Feature: Start session on Markup Page activity

  Scenario: Start session when a new action occurs on the Markup Page
    Given the user is on the Markup Page
    When the user performs an action like updating comment status
    Then the session should start for the user

Python:
from behave import given, when, then

@given('the user is on the Markup Page')
def step_given_user_on_markup_page(context):
    context.user_on_markup_page = True

@when('the user performs an action like updating comment status')
def step_when_user_performs_action(context):
    context.action_performed = 'update_comment_status'

@then('the session should start for the user')
def step_then_session_should_start(context):
    assert context.user_on_markup_page is True
    assert context.action_performed == 'update_comment_status'
    context.session_started = True
    assert context.session_started is True"
156,"As a User, I want to set up Session Based Digest Email in My Account Alerts (Markup) for Comment Status Updates, Edited Comments, Deleted Comments, and New Revisions","Gherkin:
Feature: Session Based Digest Email Setup for Comment Alerts

  Scenario: User sets up Session Based Digest Email for Comment Status Updates and Edited Comments
    Given the user is on the My Account Alerts Markup page
    When the user selects 'Session' from the Digest Frequency drop-down menu
    And the user enables alerts for Updates to Comment status
    And the user enables alerts for Edited Comments
    Then the Session Based Digest Email is set up successfully

Python:
from behave import given, when, then

@given('the user is on the My Account Alerts Markup page')
def step_given_user_on_alerts_markup_page(context):
    pass

@when(""the user selects 'Session' from the Digest Frequency drop-down menu"")
def step_when_user_selects_session(context):
    pass

@when('the user enables alerts for Updates to Comment status')
def step_when_user_enables_comment_status_updates(context):
    pass

@when('the user enables alerts for Edited Comments')
def step_when_user_enables_edited_comments(context):
    pass

@then('the Session Based Digest Email is set up successfully')
def step_then_digest_email_setup_successful(context):
    pass"
157,"As a User, I want to set up Session Based Digest Email in Admin Alerts (Markup) for Comment Status Updates, Edited Comments, Deleted Comments, and New Revisions","Gherkin:
Feature: Session Based Digest Email Setup for Admin Alerts

  Scenario: User sets up Session Based Digest Email for Comment Status Updates and Edited Comments
    Given the user is on the Admin Alerts Markup page
    When the user selects 'Session' from the Digest Frequency drop-down menu
    And the user enables alerts for Comment Status Updates
    And the user enables alerts for Edited Comments
    Then the Session Based Digest Email is configured successfully

Python:
from behave import given, when, then

@given('the user is on the Admin Alerts Markup page')
def step_given_user_on_admin_alerts_markup_page(context):
    pass

@when(""the user selects 'Session' from the Digest Frequency drop-down menu"")
def step_when_user_selects_session_from_digest_frequency(context):
    pass

@when('the user enables alerts for Comment Status Updates')
def step_when_user_enables_alerts_for_comment_status_updates(context):
    pass

@when('the user enables alerts for Edited Comments')
def step_when_user_enables_alerts_for_edited_comments(context):
    pass

@then('the Session Based Digest Email is configured successfully')
def step_then_session_based_digest_email_configured(context):
    pass"
158,"As a User, I want to set up Session Based Digest Email in My Account Alerts (Markup) for Mention & New Comment & New Reply","Gherkin:
Feature: Session Based Digest Email Setup

  Scenario: User sets up Session Based Digest Email for Alerts
    Given the user is on the My Account Alerts Markup page
    When the user selects Session, Hourly, Daily, and Weekly options for Mention, New Comment, and New Reply
    Then the Session option should be saved along with Hourly, Daily, and Weekly options

Python:
from behave import given, when, then

@given('the user is on the My Account Alerts Markup page')
def step_given_user_on_alerts_markup_page(context):
    # Code to navigate to the Alerts Markup page
    pass

@when('the user selects Session, Hourly, Daily, and Weekly options for Mention, New Comment, and New Reply')
def step_when_user_selects_options(context):
    # Code to select Session, Hourly, Daily, and Weekly options
    pass

@then('the Session option should be saved along with Hourly, Daily, and Weekly options')
def step_then_options_should_be_saved(context):
    # Code to verify that the options are saved
    pass"
159,"As a User, I want to set up Session Based Digest Email in Admin Alerts (Markup) for Mention & New Comment & New Reply","Gherkin:
Feature: Set up Session Based Digest Email in Admin Alerts

  Scenario: User sets up Session Based Digest Email for Mention and New Comment
    Given the user is on the Admin Alerts Markup page
    When the user selects 'Session' from the Digest Frequency drop-down for Mention
    And the user selects 'Session' from the Digest Frequency drop-down for New Comment
    Then the Session Based Digest Email is set up successfully for Mention and New Comment

Python:
from behave import given, when, then

@given('the user is on the Admin Alerts Markup page')
def step_given_user_on_admin_alerts_markup_page(context):
    pass

@when(""the user selects 'Session' from the Digest Frequency drop-down for Mention"")
def step_when_user_selects_session_for_mention(context):
    pass

@when(""the user selects 'Session' from the Digest Frequency drop-down for New Comment"")
def step_when_user_selects_session_for_new_comment(context):
    pass

@then('the Session Based Digest Email is set up successfully for Mention and New Comment')
def step_then_session_based_digest_email_set_up(context):
    pass"
160,"As a User, I want to have an Admin setting to enable that the Session can be manually ended","Gherkin:
Feature: Admin setting to manually end Session Based Digest

  Scenario: Enable manual end trigger for Session Based Digest
    Given the user is on the Admin settings page
    When the user enables the ""Session Based Digest"" setting
    Then the ""Session Based Digest"" setting should be enabled

Python:
from behave import given, when, then

@given('the user is on the Admin settings page')
def step_given_user_on_admin_settings_page(context):
    context.browser.get('http://example.com/admin/settings')

@when('the user enables the ""Session Based Digest"" setting')
def step_when_user_enables_session_based_digest(context):
    checkbox = context.browser.find_element_by_id('session_based_digest')
    if not checkbox.is_selected():
        checkbox.click()

@then('the ""Session Based Digest"" setting should be enabled')
def step_then_session_based_digest_should_be_enabled(context):
    checkbox = context.browser.find_element_by_id('session_based_digest')
    assert checkbox.is_selected()"
161,"As a User, I want to have an MCP setting for Session Based Digest under development-use only","Gherkin:
Feature: Manage MCP Setting for Session Based Digest

  Scenario: Enable Session Based Digest of Markup Comments
    Given the user is on the Development-use Only settings page
    When the user enables the ""Session Based Digest of Markup Comments"" setting
    Then the setting should be enabled successfully

Python:
from behave import given, when, then

@given('the user is on the Development-use Only settings page')
def step_given_user_on_settings_page(context):
    context.browser.visit('/settings/development-use-only')

@when('the user enables the ""Session Based Digest of Markup Comments"" setting')
def step_when_user_enables_setting(context):
    context.browser.find_by_id('session_based_digest').check()

@then('the setting should be enabled successfully')
def step_then_setting_enabled_successfully(context):
    assert context.browser.find_by_id('session_based_digest').checked"
162,"As a user, I want to see footer actions like cancel, save as draft, next and submit (Staged Database)","Gherkin:
Feature: Footer actions for staged database

  Scenario: Display footer actions when MCP is ON
    Given MCP is ON
    When I navigate to the staged database
    Then I should see footer actions: cancel, save as draft, next, and submit

Python:
from behave import given, when, then

@given('MCP is ON')
def step_given_mcp_is_on(context):
    context.mcp_status = 'ON'

@when('I navigate to the staged database')
def step_when_navigate_to_staged_database(context):
    context.page = 'staged_database'

@then('I should see footer actions: cancel, save as draft, next, and submit')
def step_then_see_footer_actions(context):
    assert context.page == 'staged_database'
    assert context.mcp_status == 'ON'
    context.footer_actions = ['cancel', 'save as draft', 'next', 'submit']
    assert all(action in context.footer_actions for action in ['cancel', 'save as draft', 'next', 'submit'])"
163,"As a User, I want to set Primary Font Size in Admin and reflect to page title font size in Page Nav (both left & right side)","Gherkin:
Feature: Set Primary Font Size in Admin and reflect on Page Nav

  Scenario: User sets Primary Font Size in Admin and it reflects on Page Nav
    Given I am on the Admin Template settings page
    When I set the Primary Font Size to ""16px""
    And I navigate to the Page Nav
    Then the page title font size on the left side should be ""16px""
    And the page title font size on the right side should be ""16px""

Python:
from behave import given, when, then

@given('I am on the Admin Template settings page')
def step_given_on_admin_template_settings_page(context):
    pass

@when('I set the Primary Font Size to ""{font_size}""')
def step_when_set_primary_font_size(context, font_size):
    pass

@when('I navigate to the Page Nav')
def step_when_navigate_to_page_nav(context):
    pass

@then('the page title font size on the left side should be ""{font_size}""')
def step_then_check_left_page_title_font_size(context, font_size):
    pass

@then('the page title font size on the right side should be ""{font_size}""')
def step_then_check_right_page_title_font_size(context, font_size):
    pass"
164,"As an internal User, I want to set Drag & Drop Page limit via Custom Page limit in MCP","Gherkin:
Feature: Set Drag & Drop Page Limit

  Scenario: Internal User sets a custom Drag & Drop Page limit in MCP
    Given I am an internal user on the MCP Restrictions tab
    When I remove the Drag & Drop limit
    Then I should be able to set a custom Drag & Drop Page limit

Python:
from behave import given, when, then

@given('I am an internal user on the MCP Restrictions tab')
def step_given_internal_user_on_mcp_restrictions_tab(context):
    pass

@when('I remove the Drag & Drop limit')
def step_when_remove_drag_drop_limit(context):
    pass

@then('I should be able to set a custom Drag & Drop Page limit')
def step_then_set_custom_drag_drop_page_limit(context):
    pass"
165,"As a User, I want Permission updates/options: allow all platform users to Ask AI from documents they can Preview (or above)","Gherkin:
Feature: Permission updates for AI document interaction

  Scenario: Allow all platform users to ask AI from documents they can preview
    Given the ""Enable vector search - text (V3) (development use only)"" setting is enabled
    And the ""Main Admin only (Beta)"" sub-setting is enabled
    And a user has permission to preview a document
    When the user attempts to ask AI from the document
    Then the user is allowed to ask AI from the document

Python:
from behave import given, when, then

@given('the ""Enable vector search - text (V3) (development use only)"" setting is enabled')
def step_impl_enable_vector_search(context):
    context.vector_search_enabled = True

@given('the ""Main Admin only (Beta)"" sub-setting is enabled')
def step_impl_main_admin_only(context):
    context.main_admin_only_enabled = True

@given('a user has permission to preview a document')
def step_impl_user_permission(context):
    context.user_can_preview = True

@when('the user attempts to ask AI from the document')
def step_impl_user_asks_ai(context):
    context.user_asks_ai = context.vector_search_enabled and context.main_admin_only_enabled and context.user_can_preview

@then('the user is allowed to ask AI from the document')
def step_impl_user_allowed(context):
    assert context.user_asks_ai is True"
166,"As a User, Ignore documents that are in Pending / Declined / Cancelled ","Gherkin:
Feature: Document Handling on Initial Upload

  Scenario: Ignore documents in Pending status on initial upload
    Given a document is uploaded with status ""Pending""
    When the document is sent for publish approval
    Then the document should not be vectorized
    And support to Ask AI should be dropped

Python:
from behave import given, when, then

@given('a document is uploaded with status ""{status}""')
def step_given_document_uploaded_with_status(context, status):
    context.document_status = status

@when('the document is sent for publish approval')
def step_when_document_sent_for_publish_approval(context):
    context.publish_approval_requested = True

@then('the document should not be vectorized')
def step_then_document_should_not_be_vectorized(context):
    assert context.document_status == ""Pending""
    assert not context.vectorized

@then('support to Ask AI should be dropped')
def step_then_support_to_ask_ai_should_be_dropped(context):
    assert context.document_status == ""Pending""
    assert not context.ask_ai_supported"
167,"As a User, I want to allow users to rate the answer with thumbs up / thumbs down","Gherkin:
Feature: Rate an answer with thumbs up or thumbs down

  Scenario: User rates a fully formed answer
    Given an answer is fully formed
    When the user sees the thumbs up and thumbs down icons
    Then the thumbs up icon has hover text ""Click if you found this response helpful.""
    And the thumbs down icon has hover text ""Click if you found this response unhelpful.""

Python:
from behave import given, when, then

@given('an answer is fully formed')
def step_given_answer_fully_formed(context):
    # Code to ensure the answer is fully formed
    pass

@when('the user sees the thumbs up and thumbs down icons')
def step_when_user_sees_icons(context):
    # Code to check that the icons are displayed
    pass

@then('the thumbs up icon has hover text ""Click if you found this response helpful.""')
def step_then_thumbs_up_hover_text(context):
    # Code to verify thumbs up hover text
    pass

@then('the thumbs down icon has hover text ""Click if you found this response unhelpful.""')
def step_then_thumbs_down_hover_text(context):
    # Code to verify thumbs down hover text
    pass"
168,Guest Upload MVP: Add local workflow info banners to note these wont apply for public users,"Gherkin:
Feature: Display info banner for public databases

  Scenario: Display info banner when public permission is enabled
    Given a database with public permission enabled
    When the user navigates to Edit Database Settings
    Then the info banner is displayed

Python:
from behave import given, when, then

@given('a database with public permission enabled')
def step_given_database_with_public_permission(context):
    context.database = enable_public_permission()

@when('the user navigates to Edit Database Settings')
def step_when_user_navigates_to_edit_settings(context):
    context.page = navigate_to_edit_database_settings(context.database)

@then('the info banner is displayed')
def step_then_info_banner_is_displayed(context):
    assert is_info_banner_displayed(context.page)"
169,"PB - (Misc UX) As a User, I want to go back to Resource Lookup overlay after clicking to go to Resource Preview in Page Builder","Gherkin:
Feature: Navigate back to Resource Lookup overlay from Resource Preview

  Scenario: User returns to Resource Lookup overlay after closing Info Preview
    Given the user is on the Resource Preview overlay in Page Builder
    When the user clicks on the close icon in the Info Preview overlay
    Then the user should be taken back to the Resources view they were on

Python:
from behave import given, when, then

@given('the user is on the Resource Preview overlay in Page Builder')
def step_given_user_on_resource_preview(context):
    # Code to ensure the user is on the Resource Preview overlay
    pass

@when('the user clicks on the close icon in the Info Preview overlay')
def step_when_user_clicks_close_icon(context):
    # Code to simulate clicking the close icon
    pass

@then('the user should be taken back to the Resources view they were on')
def step_then_user_back_to_resources_view(context):
    # Code to verify the user is taken back to the Resources view
    pass"
170,"As a user, I want to be able to see integrated fields","Gherkin:
Feature: Display integrated fields when MCP is ON

  Scenario: User views integrated fields in normal and duplicable sections
    Given MCP is ON
    When the user navigates to the normal section
    Then the user should see integrated fields in the normal section
    When the user navigates to the duplicable section
    Then the user should see integrated fields in the duplicable section

Python:
from behave import given, when, then

@given('MCP is ON')
def step_given_mcp_is_on(context):
    context.mcp_status = 'ON'

@when('the user navigates to the normal section')
def step_when_user_navigates_to_normal_section(context):
    context.current_section = 'normal'

@then('the user should see integrated fields in the normal section')
def step_then_user_sees_integrated_fields_normal(context):
    assert context.mcp_status == 'ON'
    assert context.current_section == 'normal'
    # Add logic to verify integrated fields are displayed

@when('the user navigates to the duplicable section')
def step_when_user_navigates_to_duplicable_section(context):
    context.current_section = 'duplicable'

@then('the user should see integrated fields in the duplicable section')
def step_then_user_sees_integrated_fields_duplicable(context):
    assert context.mcp_status == 'ON'
    assert context.current_section == 'duplicable'
    # Add logic to verify integrated fields are displayed"
171,MCP Front End - As a User when I click Server from the main menu it will open the server page,"Gherkin:
Feature: Server Page Navigation

  Scenario: User navigates to the Server page from the main menu
    Given the user is on the main menu
    When the user clicks on ""Server"" from the main menu
    Then the server landing page is displayed
    And the title is ""Server""
    And the server list is displayed in an AdvanceTable

Python:
from behave import given, when, then

@given('the user is on the main menu')
def step_given_user_on_main_menu(context):
    context.browser.get('http://example.com/main-menu')

@when('the user clicks on ""Server"" from the main menu')
def step_when_user_clicks_server(context):
    server_button = context.browser.find_element_by_id('server-menu-item')
    server_button.click()

@then('the server landing page is displayed')
def step_then_server_page_displayed(context):
    assert context.browser.current_url == 'http://example.com/server'

@then('the title is ""Server""')
def step_then_title_is_server(context):
    title = context.browser.find_element_by_tag_name('h1').text
    assert title == 'Server'

@then('the server list is displayed in an AdvanceTable')
def step_then_server_list_in_advance_table(context):
    advance_table = context.browser.find_element_by_id('advance-table')
    assert advance_table is not None"
172,"MCP Front End - As a user, I can delete a server","Gherkin:
Feature: Delete a server from the Servers table

  Scenario: User deletes a server successfully
    Given the user is on the Servers page
    When the user clicks the delete icon for a server
    Then a confirmation message is displayed
    And the server is removed from the table

Python:
from behave import given, when, then

@given('the user is on the Servers page')
def step_given_user_on_servers_page(context):
    # Code to navigate to the Servers page
    pass

@when('the user clicks the delete icon for a server')
def step_when_user_clicks_delete_icon(context):
    # Code to click the delete icon for a server
    pass

@then('a confirmation message is displayed')
def step_then_confirmation_message_displayed(context):
    # Code to verify the confirmation message is displayed
    pass

@then('the server is removed from the table')
def step_then_server_removed_from_table(context):
    # Code to verify the server is removed from the table
    pass"
173,"MCP Front End - As a user, I can update server details","Gherkin:
Feature: Update server details

  Scenario: User updates server details successfully
    Given the user is on the Servers table
    When the user clicks on the Edit icon for a server
    Then the Servers form opens in update mode
    When the user updates the server details
    And clicks the Cancel button
    Then a warning message is displayed

Python:
from behave import given, when, then

@given('the user is on the Servers table')
def step_given_user_on_servers_table(context):
    pass

@when('the user clicks on the Edit icon for a server')
def step_when_user_clicks_edit_icon(context):
    pass

@then('the Servers form opens in update mode')
def step_then_form_opens_in_update_mode(context):
    pass

@when('the user updates the server details')
def step_when_user_updates_server_details(context):
    pass

@when('clicks the Cancel button')
def step_when_user_clicks_cancel_button(context):
    pass

@then('a warning message is displayed')
def step_then_warning_message_displayed(context):
    pass"
174,"MCP Front End - As a User, I can View details of a server","Gherkin:
Feature: View Server Details

  Scenario: User views server details from the Servers table
    Given the user is on the Servers table page
    When the user clicks the view icon for a server
    Then the Servers form is displayed in view mode

Python:
from behave import given, when, then

@given('the user is on the Servers table page')
def step_given_user_on_servers_table_page(context):
    context.browser.get('http://example.com/servers')

@when('the user clicks the view icon for a server')
def step_when_user_clicks_view_icon(context):
    view_icon = context.browser.find_element_by_css_selector('.view-icon')
    view_icon.click()

@then('the Servers form is displayed in view mode')
def step_then_servers_form_displayed_in_view_mode(context):
    form = context.browser.find_element_by_id('server-form')
    assert form.is_displayed()
    assert 'view-mode' in form.get_attribute('class')"
175,Guest Upload MVP - Email verification: New Email Template + Send Email,"Gherkin:
Feature: Email Verification for Guest Upload

  Scenario: Public user submits a valid email address
    Given a public user is on the initial screen
    When the user submits a valid email address
    Then a verification code is generated and sent to the user's email address

Python:
from behave import given, when, then

@given('a public user is on the initial screen')
def step_given_user_on_initial_screen(context):
    pass

@when('the user submits a valid email address')
def step_when_user_submits_valid_email(context):
    pass

@then('a verification code is generated and sent to the user\'s email address')
def step_then_verification_code_sent(context):
    pass"
176,Guest Upload MVP - Email verification: New Auth Screens (core),"Gherkin:
Feature: Email Verification for Guest Upload

  Scenario: User requests an access code after passing the queue check
    Given the user has passed the public concurrent queue check
    When the user requests an access code by entering their email
    Then the user should see a modal on a full screen white page

Python:
from behave import given, when, then

@given('the user has passed the public concurrent queue check')
def step_given_user_passed_queue_check(context):
    pass

@when('the user requests an access code by entering their email')
def step_when_user_requests_access_code(context):
    pass

@then('the user should see a modal on a full screen white page')
def step_then_user_sees_modal(context):
    pass"
177,"CMD - As a User, I want to see Markup Comments removed from Dashboard automatically for removed / archived Assets","Gherkin:
Feature: Automatic removal of markup comments for archived assets

  Scenario: Hide markup comments when associated assets are deleted
    Given a user is viewing the Dashboard Widget
    And an asset with markup comments is present
    When the asset is deleted
    Then the markup comments should be hidden in the Dashboard Widget

Python:
from behave import given, when, then

@given('a user is viewing the Dashboard Widget')
def step_given_user_viewing_dashboard(context):
    pass

@given('an asset with markup comments is present')
def step_given_asset_with_markup_comments(context):
    pass

@when('the asset is deleted')
def step_when_asset_deleted(context):
    pass

@then('the markup comments should be hidden in the Dashboard Widget')
def step_then_markup_comments_hidden(context):
    pass"
178,Guest Upload MVP: Add Email address into Public Usage Create Action,"Gherkin:
Feature: Guest Upload MVP

  Scenario: Append email address to user details for public usage
    Given a public user creates a usage record with email ""email@address.com""
    When the usage record is saved
    Then the user details should be updated to ""Public Access (email@address.com)""

Python:
from behave import given, when, then

@given('a public user creates a usage record with email ""{email}""')
def step_given_public_user_creates_usage_record(context, email):
    context.email = email
    context.usage_record = create_usage_record(email)

@when('the usage record is saved')
def step_when_usage_record_is_saved(context):
    save_usage_record(context.usage_record)

@then('the user details should be updated to ""Public Access ({email})""')
def step_then_user_details_should_be_updated(context, email):
    updated_details = get_user_details(context.usage_record)
    assert updated_details == f""Public Access ({email})"""
179,"As a user, I want to see clearly identify that a section is part of a duplicable section","Gherkin:
Feature: Identify duplicable sections

  Scenario: User sees an indented duplicable section
    Given a section is marked as duplicable
    When the user views the section
    Then the section should be indented

Python:
from behave import given, when, then

@given('a section is marked as duplicable')
def step_given_section_marked_as_duplicable(context):
    context.section = {'duplicable': True}

@when('the user views the section')
def step_when_user_views_section(context):
    context.viewed_section = context.section

@then('the section should be indented')
def step_then_section_should_be_indented(context):
    assert context.viewed_section.get('indent') == True"
180,"As a user, I want to be able to jump to fields with errors if form is invalid ","Gherkin:
Feature: Navigate through form errors

  Scenario: User navigates to fields with errors in an invalid form
    Given the user is on a form page with errors
    When the user views the footer
    Then the user should see the number of errors per page
    When the user clicks the arrow down button
    Then the user should be taken to the next field with an error
    And the field should be highlighted

Python:
from behave import given, when, then

@given('the user is on a form page with errors')
def step_given_user_on_form_page_with_errors(context):
    pass

@when('the user views the footer')
def step_when_user_views_footer(context):
    pass

@then('the user should see the number of errors per page')
def step_then_user_sees_number_of_errors(context):
    pass

@when('the user clicks the arrow down button')
def step_when_user_clicks_arrow_down(context):
    pass

@then('the user should be taken to the next field with an error')
def step_then_user_taken_to_next_error_field(context):
    pass

@then('the field should be highlighted')
def step_then_field_should_be_highlighted(context):
    pass"
181,"As a user, I want to freely navigate between stages (Staged)","Gherkin:
Feature: Stage Navigation

  Scenario: User navigates freely between stages
    Given the user is on the stage navigation page
    When the user selects a stage to navigate to
    Then the selected stage is displayed
    And the status of the selected stage is shown

Python:
from behave import given, when, then

@given('the user is on the stage navigation page')
def step_given_user_on_stage_navigation_page(context):
    pass

@when('the user selects a stage to navigate to')
def step_when_user_selects_stage(context):
    pass

@then('the selected stage is displayed')
def step_then_selected_stage_displayed(context):
    pass

@then('the status of the selected stage is shown')
def step_then_status_of_selected_stage_shown(context):
    pass"
182,"As a user, I want to freely navigate between sections and pages (Single)","Gherkin:
Feature: Navigation between sections and pages

  Scenario: User navigates using the menu panel
    Given the user is on the homepage
    When the user opens the left navigation panel
    And the user selects a section from the menu panel
    Then the user should see the selected section displayed

Python:
from behave import given, when, then

@given('the user is on the homepage')
def step_given_user_on_homepage(context):
    context.browser.get('http://example.com/homepage')

@when('the user opens the left navigation panel')
def step_when_user_opens_navigation_panel(context):
    context.browser.find_element_by_id('nav-panel-toggle').click()

@when('the user selects a section from the menu panel')
def step_when_user_selects_section(context):
    context.browser.find_element_by_id('menu-section').click()

@then('the user should see the selected section displayed')
def step_then_user_sees_selected_section(context):
    assert context.browser.find_element_by_id('section-content').is_displayed()"
183,"PB - As a User, I want to have previous 'Block' background colour setting embedded in Text Widget toolbar after combining these two","Gherkin:
Feature: Embed previous 'Block' background colour setting in Text Widget toolbar

  Scenario: User embeds previous 'Block' background colour setting in Text Widget toolbar
    Given the user has a 'Block' with a specific background colour
    When the user combines the 'Block' with the Text Widget
    Then the previous 'Block' background colour setting is embedded in the Text Widget toolbar
    And the user can click on the background colour setting in the toolbar
    And the colour swatch popover opens
    And the user sets a new colour for the Text Widget background

Python:
from behave import given, when, then

@given('the user has a \'Block\' with a specific background colour')
def step_given_user_has_block_with_background_colour(context):
    pass

@when('the user combines the \'Block\' with the Text Widget')
def step_when_user_combines_block_with_text_widget(context):
    pass

@then('the previous \'Block\' background colour setting is embedded in the Text Widget toolbar')
def step_then_background_colour_setting_embedded(context):
    pass

@then('the user can click on the background colour setting in the toolbar')
def step_then_user_can_click_background_colour_setting(context):
    pass

@then('the colour swatch popover opens')
def step_then_colour_swatch_popover_opens(context):
    pass

@then('the user sets a new colour for the Text Widget background')
def step_then_user_sets_new_colour_for_text_widget(context):
    pass"
184,"PB - As a User, I want to configure both Block and Video Widget properties","Gherkin:
Feature: Configure Widget Properties

  Scenario: User configures Block and Video Widget properties
    Given the user is on the widget configuration page
    When the user navigates to the Block and Video Widget settings
    And the user updates the widget properties
    Then the new widget settings should be saved successfully

Python:
from behave import given, when, then

@given('the user is on the widget configuration page')
def step_given_user_on_widget_configuration_page(context):
    pass

@when('the user navigates to the Block and Video Widget settings')
def step_when_user_navigates_to_widget_settings(context):
    pass

@when('the user updates the widget properties')
def step_when_user_updates_widget_properties(context):
    pass

@then('the new widget settings should be saved successfully')
def step_then_widget_settings_saved_successfully(context):
    pass"
185,"PB - As a User, I want to configure both Block and Image Widget properties","Gherkin:
Feature: Configure Widget Properties

  Scenario: User configures Block and Image Widget properties from Nav
    Given the user is on the widget configuration page
    When the user navigates to the Block and Image Widget settings
    And the user configures the Block and Image Widget properties
    Then the new widget settings should be saved successfully

Python:
from behave import given, when, then

@given('the user is on the widget configuration page')
def step_given_user_on_widget_configuration_page(context):
    pass

@when('the user navigates to the Block and Image Widget settings')
def step_when_user_navigates_to_widget_settings(context):
    pass

@when('the user configures the Block and Image Widget properties')
def step_when_user_configures_widget_properties(context):
    pass

@then('the new widget settings should be saved successfully')
def step_then_widget_settings_saved_successfully(context):
    pass"
186,"PB - As a User, I want to configure both Block and Text Widget properties","Gherkin:
Feature: Configure Widget Properties

  Scenario: User configures Block and Text Widget properties
    Given the user is on the widget configuration page
    When the user navigates to the Block and Text Widget settings
    And the user updates the widget properties
    Then the new widget settings should be saved successfully

Python:
from behave import given, when, then

@given('the user is on the widget configuration page')
def step_given_user_on_widget_configuration_page(context):
    pass

@when('the user navigates to the Block and Text Widget settings')
def step_when_user_navigates_to_widget_settings(context):
    pass

@when('the user updates the widget properties')
def step_when_user_updates_widget_properties(context):
    pass

@then('the new widget settings should be saved successfully')
def step_then_widget_settings_saved_successfully(context):
    pass"
187,"PB - As a User, I want to configure both Block and Button Widget properties","Gherkin:
Feature: Configure Widget Properties

  Scenario: User configures Block and Button Widget properties
    Given the user is on the widget configuration page
    When the user selects a widget from the navigation
    And the user configures the Block and Button Widget properties
    Then the new widget settings should be saved successfully

Python:
from behave import given, when, then

@given('the user is on the widget configuration page')
def step_given_user_on_widget_configuration_page(context):
    pass

@when('the user selects a widget from the navigation')
def step_when_user_selects_widget_from_navigation(context):
    pass

@when('the user configures the Block and Button Widget properties')
def step_when_user_configures_block_and_button_widget_properties(context):
    pass

@then('the new widget settings should be saved successfully')
def step_then_new_widget_settings_saved_successfully(context):
    pass"
188,"4-1. As a User, I want to resize Image Widget by Width slider from Nav","Gherkin:
Feature: Resize Image Widget by Width Slider

  Scenario: User resizes Image Widget by adjusting Width slider
    Given the user is on the Nav Panel with an Image Widget
    When the user adjusts the Width slider to a new value
    Then the Image Widget's width changes according to the slider
    And the Image remains the same percentage of its Block horizontally
    And the user can still resize the Widget by dragging the dot line

Python:
from behave import given, when, then

@given('the user is on the Nav Panel with an Image Widget')
def step_given_user_on_nav_panel_with_image_widget(context):
    pass

@when('the user adjusts the Width slider to a new value')
def step_when_user_adjusts_width_slider(context):
    pass

@then(""the Image Widget's width changes according to the slider"")
def step_then_image_widget_width_changes(context):
    pass

@then('the Image remains the same percentage of its Block horizontally')
def step_then_image_remains_same_percentage(context):
    pass

@then('the user can still resize the Widget by dragging the dot line')
def step_then_user_can_resize_by_dragging(context):
    pass"
189,"3-2. As a User, I want to reposition Image Widget by dragging image itself when create/editing a Page","Gherkin:
Feature: Reposition Image Widget by dragging

  Scenario: User repositions Image Widget by dragging
    Given the user is on the Page editor
    And the Image Widget is in a Section
    When the user drags the Image Widget to a new position
    Then the Image Widget is repositioned within the Section
    And the dotted line of the Image and bounding box with 8px padding is visible
    And the outer bounding box border line is visible
    And the Image maintains its percentage of 'Block' after resizing

Python:
from behave import given, when, then

@given('the user is on the Page editor')
def step_given_user_on_page_editor(context):
    pass

@given('the Image Widget is in a Section')
def step_given_image_widget_in_section(context):
    pass

@when('the user drags the Image Widget to a new position')
def step_when_user_drags_image_widget(context):
    pass

@then('the Image Widget is repositioned within the Section')
def step_then_image_widget_repositioned(context):
    pass

@then('the dotted line of the Image and bounding box with 8px padding is visible')
def step_then_dotted_line_and_bounding_box_visible(context):
    pass

@then('the outer bounding box border line is visible')
def step_then_outer_bounding_box_visible(context):
    pass

@then('the Image maintains its percentage of ""Block"" after resizing')
def step_then_image_maintains_percentage(context):
    pass"
190,"4-2. As a User, I want the position and size that I set of the image to still work in different responsive modes","Gherkin:
Feature: Responsive Image Position and Size

  Scenario: Maintain image position and size across responsive modes
    Given the user is on the image editing page
    And the user has resized the image by dragging the dots
    And the user has repositioned the image by dragging the image itself
    When the user switches to mobile mode
    Then the image maintains the same horizontal percentage with the block
    When the user switches to tablet mode
    Then the image maintains the same horizontal percentage with the block
    When the user switches to desktop mode
    Then the image maintains the same horizontal percentage with the block

Python:
from behave import given, when, then

@given('the user is on the image editing page')
def step_given_user_on_image_editing_page(context):
    pass

@given('the user has resized the image by dragging the dots')
def step_given_user_resized_image(context):
    pass

@given('the user has repositioned the image by dragging the image itself')
def step_given_user_repositioned_image(context):
    pass

@when('the user switches to mobile mode')
def step_when_user_switches_to_mobile_mode(context):
    pass

@then('the image maintains the same horizontal percentage with the block')
def step_then_image_maintains_horizontal_percentage(context):
    pass

@when('the user switches to tablet mode')
def step_when_user_switches_to_tablet_mode(context):
    pass

@when('the user switches to desktop mode')
def step_when_user_switches_to_desktop_mode(context):
    pass"
191,"2-3. As a User, I want to Undo & Redo resizing & repositioning","Gherkin:
Feature: Undo and Redo Resizing and Repositioning

  Scenario: User undoes and redoes resizing of an image
    Given the user has resized an image by dragging the dots
    When the user clicks on the Undo button
    Then the image returns to its original size
    When the user clicks on the Redo button
    Then the image returns to the resized state

Python:
from behave import given, when, then

@given('the user has resized an image by dragging the dots')
def step_given_user_resized_image(context):
    # Simulate user resizing the image
    context.image_resized = True

@when('the user clicks on the Undo button')
def step_when_user_clicks_undo(context):
    # Simulate clicking the Undo button
    if context.image_resized:
        context.image_resized = False

@then('the image returns to its original size')
def step_then_image_original_size(context):
    assert not context.image_resized

@when('the user clicks on the Redo button')
def step_when_user_clicks_redo(context):
    # Simulate clicking the Redo button
    if not context.image_resized:
        context.image_resized = True

@then('the image returns to the resized state')
def step_then_image_resized_state(context):
    assert context.image_resized"
192,"PB - As a User, I want to see Drag & Drop Page thumbnails as preview in Custom Page v2 index page","Gherkin:
Feature: Preview Drag & Drop Page Thumbnails

  Scenario: User previews Drag & Drop Page thumbnails in Custom Page v2 index page
    Given the user is on the Custom Page v2 index page
    When the user views the page in List layout
    Then the user should see Drag & Drop Page thumbnails as previews
    When the user switches to thumb layout
    Then the user should see Drag & Drop Page thumbnails as previews

Python:
from behave import given, when, then

@given('the user is on the Custom Page v2 index page')
def step_given_user_on_custom_page_v2_index(context):
    # Code to navigate to the Custom Page v2 index page
    pass

@when('the user views the page in List layout')
def step_when_user_views_list_layout(context):
    # Code to set the page view to List layout
    pass

@then('the user should see Drag & Drop Page thumbnails as previews')
def step_then_user_sees_thumbnails_in_list(context):
    # Code to verify thumbnails are visible in List layout
    pass

@when('the user switches to thumb layout')
def step_when_user_switches_to_thumb_layout(context):
    # Code to switch the page view to thumb layout
    pass

@then('the user should see Drag & Drop Page thumbnails as previews')
def step_then_user_sees_thumbnails_in_thumb(context):
    # Code to verify thumbnails are visible in thumb layout
    pass"
193,"PB - (Misc) As a User, I want to set auto-play as default or not for Video Widgets when viewing a Smart Page","Gherkin:
Feature: Set auto-play for Video Widgets

  Scenario: User sets auto-play as default for Video Widgets
    Given a Smart Page with a Video Widget
    And the auto-play button is unchecked by default
    When the user checks the auto-play button
    Then the Video Widget should auto-play on viewing

Python:
from behave import given, when, then

@given('a Smart Page with a Video Widget')
def step_given_smart_page_with_video_widget(context):
    context.smart_page = SmartPage()
    context.video_widget = context.smart_page.add_video_widget()

@given('the auto-play button is unchecked by default')
def step_given_auto_play_button_unchecked(context):
    assert not context.video_widget.is_auto_play_enabled()

@when('the user checks the auto-play button')
def step_when_user_checks_auto_play_button(context):
    context.video_widget.set_auto_play(True)

@then('the Video Widget should auto-play on viewing')
def step_then_video_widget_auto_plays(context):
    assert context.video_widget.is_auto_play_enabled()"
194,"BP - (Misc) As a User, I want to Replace resources via Resource Lookup from Nav Panel","Gherkin:
Feature: Replace resources via Resource Lookup from Nav Panel

  Scenario: User replaces a resource and updates tooltips
    Given the user is on the Page Builder with a resource selected
    When the user clicks the ""Replace"" button in the Nav Panel
    Then the Resource Lookup is displayed
    And the user selects a new resource
    And the tooltip for the ""Replace"" button updates to ""Select an image from your Resourcecustomsingular area"" for Page background
    And the tooltip for the ""Replace"" button updates to ""Select a video from your Resourcecustomsingular area"" for Video Widget

Python:
from behave import given, when, then

@given('the user is on the Page Builder with a resource selected')
def step_given_user_on_page_builder(context):
    pass

@when('the user clicks the ""Replace"" button in the Nav Panel')
def step_when_user_clicks_replace(context):
    pass

@then('the Resource Lookup is displayed')
def step_then_resource_lookup_displayed(context):
    pass

@then('the user selects a new resource')
def step_then_user_selects_new_resource(context):
    pass

@then('the tooltip for the ""Replace"" button updates to ""Select an image from your Resourcecustomsingular area"" for Page background')
def step_then_tooltip_updates_image(context):
    pass

@then('the tooltip for the ""Replace"" button updates to ""Select a video from your Resourcecustomsingular area"" for Video Widget')
def step_then_tooltip_updates_video(context):
    pass"
195,"PB - As an Internal User, I want to have MCP(development use only) settings to enable/disable features per Epic for Drag & Drop Page MVP ","Gherkin:
Feature: Manage MCP Settings for Drag & Drop Page MVP

  Scenario: Enable MCP settings for Smart Page features
    Given I am an Internal User on the MCP settings page
    When I enable the ""Smart Page: Widgets combining Block"" setting
    And I enable the ""Smart Page: Image Resizing"" setting
    And I enable the ""Smart Pages - Page Templates (development use only)"" setting
    And I enable the ""Smart Page: Page Grouping"" setting
    Then the settings should be saved successfully

Python:
from behave import given, when, then

@given('I am an Internal User on the MCP settings page')
def step_given_internal_user_on_mcp_settings_page(context):
    pass

@when('I enable the ""Smart Page: Widgets combining Block"" setting')
def step_when_enable_widgets_combining_block_setting(context):
    pass

@when('I enable the ""Smart Page: Image Resizing"" setting')
def step_when_enable_image_resizing_setting(context):
    pass

@when('I enable the ""Smart Pages - Page Templates (development use only)"" setting')
def step_when_enable_page_templates_setting(context):
    pass

@when('I enable the ""Smart Page: Page Grouping"" setting')
def step_when_enable_page_grouping_setting(context):
    pass

@then('the settings should be saved successfully')
def step_then_settings_saved_successfully(context):
    pass"
196,"PB - As a User, I want to see a Smart Page  template popup after click on V2 create","Gherkin:
Feature: Smart Page Template Popup

  Scenario: User sees Smart Page template popup after clicking on V2 create
    Given the user is on the V2 Page creation popup
    When the user clicks on Smart Page
    Then the user should see the Page Template popup with the subject ""Popup Subject""
    And the background page in Page Builder should be an empty default page with three empty sections

Python:
from behave import given, when, then

@given('the user is on the V2 Page creation popup')
def step_given_user_on_v2_page_creation_popup(context):
    pass

@when('the user clicks on Smart Page')
def step_when_user_clicks_on_smart_page(context):
    pass

@then('the user should see the Page Template popup with the subject ""Popup Subject""')
def step_then_user_sees_page_template_popup(context):
    pass

@then('the background page in Page Builder should be an empty default page with three empty sections')
def step_then_background_page_is_empty_default(context):
    pass"
197,"PB - As a User, I want to create an empty  Smart Page from the template popup","Gherkin:
Feature: Create an empty Smart Page from the template popup

  Scenario: User creates a blank Smart Page using the template popup
    Given the user is on the template popup
    When the user clicks on the ""Start with a blank template"" button
    Then the ""first_template"" effect under ""Colours"" is selected
    And a blank Smart Page is created with three empty sections

Python:
from behave import given, when, then

@given('the user is on the template popup')
def step_given_user_on_template_popup(context):
    # Code to navigate to the template popup
    pass

@when('the user clicks on the ""Start with a blank template"" button')
def step_when_user_clicks_start_blank_template(context):
    # Code to click the ""Start with a blank template"" button
    pass

@then('the ""first_template"" effect under ""Colours"" is selected')
def step_then_first_template_effect_selected(context):
    # Code to verify the ""first_template"" effect is selected
    pass

@then('a blank Smart Page is created with three empty sections')
def step_then_blank_smart_page_created(context):
    # Code to verify a blank Smart Page with three empty sections is created
    pass"
198,"PB - As a User, I want to select a Template from Template popup","Gherkin:
Feature: Template Selection from Popup

  Scenario: User selects a template from the template popup
    Given the template popup is displayed
    When the user hovers over a template
    And the user clicks on the template
    Then the template is marked as selected

Python:
from behave import given, when, then

@given('the template popup is displayed')
def step_given_template_popup_displayed(context):
    context.template_popup.display()

@when('the user hovers over a template')
def step_when_user_hovers_over_template(context):
    context.template_popup.hover_over_template()

@when('the user clicks on the template')
def step_when_user_clicks_on_template(context):
    context.template_popup.click_on_template()

@then('the template is marked as selected')
def step_then_template_marked_as_selected(context):
    assert context.template_popup.is_template_selected()"
199,"PB - As a User, I want to see previews of Page templates as in thumbnails","Gherkin:
Feature: Display Page Template Thumbnails

  Scenario: User views thumbnails of page templates in a popup
    Given the user is on the page template selection screen
    When the user opens the template selection popup
    Then the user should see thumbnails of pre-defined page templates

Python:
from behave import given, when, then

@given('the user is on the page template selection screen')
def step_given_user_on_template_selection_screen(context):
    pass

@when('the user opens the template selection popup')
def step_when_user_opens_template_selection_popup(context):
    pass

@then('the user should see thumbnails of pre-defined page templates')
def step_then_user_sees_thumbnails(context):
    pass"
200,"PB - As a User, I want to edit and save a Smart Page with template after it's loaded","Gherkin:
Feature: Edit and Save Smart Page with Template

  Scenario: User edits and saves a Smart Page with a loaded template
    Given a Smart Page is loaded with a template
    When the User edits the Smart Page
    And the User saves the Smart Page
    Then the Smart Page is saved successfully

Python:
from behave import given, when, then

@given('a Smart Page is loaded with a template')
def step_given_smart_page_loaded(context):
    context.smart_page = load_smart_page_with_template()

@when('the User edits the Smart Page')
def step_when_user_edits_smart_page(context):
    context.smart_page.edit(content=""New content"")

@when('the User saves the Smart Page')
def step_when_user_saves_smart_page(context):
    context.smart_page.save()

@then('the Smart Page is saved successfully')
def step_then_smart_page_saved_successfully(context):
    assert context.smart_page.is_saved()"
201,"PB - As a User, I want to apply/load a selected Smart Page template in Page Builder","Gherkin:
Feature: Apply Smart Page Template in Page Builder

  Scenario: User applies a selected Smart Page template
    Given the user is on the template selection page
    When the user clicks on a template
    Then the user is navigated to the Page Builder
    And the selected template is loaded as an empty Smart Page

Python:
from behave import given, when, then

@given('the user is on the template selection page')
def step_given_user_on_template_selection_page(context):
    pass

@when('the user clicks on a template')
def step_when_user_clicks_on_template(context):
    pass

@then('the user is navigated to the Page Builder')
def step_then_user_navigated_to_page_builder(context):
    pass

@then('the selected template is loaded as an empty Smart Page')
def step_then_template_loaded_as_empty_smart_page(context):
    pass"
202,"BP - (Misc) As a User, I want to see the Page Tree remain the same while switching Pages from Nav Panel","Gherkin:
Feature: Page Tree Consistency

  Scenario: Page Tree remains the same while switching pages from Nav Panel
    Given the user is viewing a page with an expanded Page Tree
    When the user switches to another page from the Nav Panel
    Then the Page Tree should remain the same

Python:
from behave import given, when, then

@given('the user is viewing a page with an expanded Page Tree')
def step_given_user_viewing_page_with_expanded_tree(context):
    pass

@when('the user switches to another page from the Nav Panel')
def step_when_user_switches_page_from_nav_panel(context):
    pass

@then('the Page Tree should remain the same')
def step_then_page_tree_remains_same(context):
    pass"
203,"PB - (Misc) As a User, I want to further have an option to hide / unhide the download button for Images / Video","Gherkin:
Feature: Hide/Unhide Download Button for Media Widgets

  Scenario: User hides and unhides the download button for an image widget
    Given the user is on a page with an image widget
    And the download button is visible by default
    When the user clicks the hide button for the download option
    Then the download button is hidden
    When the user clicks the unhide button for the download option
    Then the download button is visible again

Python:
from behave import given, when, then

@given('the user is on a page with an image widget')
def step_given_user_on_page_with_image_widget(context):
    pass

@given('the download button is visible by default')
def step_given_download_button_visible_by_default(context):
    pass

@when('the user clicks the hide button for the download option')
def step_when_user_clicks_hide_button(context):
    pass

@then('the download button is hidden')
def step_then_download_button_hidden(context):
    pass

@when('the user clicks the unhide button for the download option')
def step_when_user_clicks_unhide_button(context):
    pass

@then('the download button is visible again')
def step_then_download_button_visible_again(context):
    pass"
204,"PB - As a User, I want to add Widgets directly to a Section","Gherkin:
Feature: Add Widgets to a Section in Page Builder

  Scenario: User adds Widgets to a Section in Create/Edit mode
    Given the user is in Create/Edit mode in Page Builder
    And the user sees all existing Widgets and the ""Spacer"" Widget in Nav
    When the user drags a Widget from Nav to a Section
    Then the Widget is added to the Section
    And the user can add up to 6 Widgets to the Section
    And the user sees only the Section under Core elements in Nav

Python:
from behave import given, when, then

@given('the user is in Create/Edit mode in Page Builder')
def step_impl(context):
    pass

@given('the user sees all existing Widgets and the ""Spacer"" Widget in Nav')
def step_impl(context):
    pass

@when('the user drags a Widget from Nav to a Section')
def step_impl(context):
    pass

@then('the Widget is added to the Section')
def step_impl(context):
    pass

@then('the user can add up to 6 Widgets to the Section')
def step_impl(context):
    pass

@then('the user sees only the Section under Core elements in Nav')
def step_impl(context):
    pass"
205,"PB - As a User, I want to add a new Widget ""Spacer""","Gherkin:
Feature: Add a new Widget ""Spacer""

  Scenario: User adds a new Spacer widget to a Section
    Given the user is on the design page
    When the user drags a Spacer widget from the Nav to a Section
    Then the Spacer widget should be visible in the Section
    And the Spacer widget should have default settings
    And the user can drag a Section into the Spacer widget

Python:
from behave import given, when, then

@given('the user is on the design page')
def step_given_user_on_design_page(context):
    pass

@when('the user drags a Spacer widget from the Nav to a Section')
def step_when_user_drags_spacer_to_section(context):
    pass

@then('the Spacer widget should be visible in the Section')
def step_then_spacer_visible_in_section(context):
    pass

@then('the Spacer widget should have default settings')
def step_then_spacer_has_default_settings(context):
    pass

@then('the user can drag a Section into the Spacer widget')
def step_then_user_can_drag_section_into_spacer(context):
    pass"
206,"PB - As a User, I want to delete a Widget with the underlying Block","Gherkin:
Feature: Delete a Widget with the underlying Block

  Scenario: User deletes a Widget with the underlying Block
    Given a Widget with an underlying Block exists
    When the User deletes the Widget
    Then the Widget and its underlying Block are removed

Python:
from behave import given, when, then

@given('a Widget with an underlying Block exists')
def step_given_widget_with_block_exists(context):
    context.widget = create_widget_with_block()

@when('the User deletes the Widget')
def step_when_user_deletes_widget(context):
    context.widget.delete()

@then('the Widget and its underlying Block are removed')
def step_then_widget_and_block_are_removed(context):
    assert not context.widget.exists()
    assert not context.widget.block.exists()"
207,"PB - As a User, I want to have Text Box Widget toolbar as a whole for the combo of Block & Widget","Gherkin:
Feature: Text Box Widget Toolbar Integration

  Scenario: User selects Text Box Widget and Block as a whole
    Given the user has a Text Box Widget and Block on the canvas
    When the user selects the Text Box Widget and Block together
    Then the bounding box is highlighted as the old Block's bounding box
    And the text box toolbar with Up arrow is visible

Python:
from behave import given, when, then

@given('the user has a Text Box Widget and Block on the canvas')
def step_given_user_has_text_box_widget_and_block(context):
    # Code to ensure Text Box Widget and Block are on the canvas
    pass

@when('the user selects the Text Box Widget and Block together')
def step_when_user_selects_text_box_widget_and_block(context):
    # Code to simulate user selecting both Text Box Widget and Block
    pass

@then('the bounding box is highlighted as the old Block\'s bounding box')
def step_then_bounding_box_is_highlighted(context):
    # Code to verify the bounding box is highlighted correctly
    pass

@then('the text box toolbar with Up arrow is visible')
def step_then_text_box_toolbar_is_visible(context):
    # Code to verify the text box toolbar with Up arrow is visible
    pass"
208,"PB - As a User, I want to only select & see the combo of Widget and Block (bounding box experience) in Page Builder","Gherkin:
Feature: Widget and Block Selection in Page Builder

  Scenario: User selects and sees the combo of Widget and Block
    Given I am on the Page Builder
    When I select a Widget and Block
    Then I see the bounding box highlighted
    And I can navigate up to the Section

Python:
from behave import given, when, then

@given('I am on the Page Builder')
def step_given_on_page_builder(context):
    # Code to navigate to the Page Builder
    pass

@when('I select a Widget and Block')
def step_when_select_widget_and_block(context):
    # Code to select a Widget and Block
    pass

@then('I see the bounding box highlighted')
def step_then_see_bounding_box_highlighted(context):
    # Code to verify the bounding box is highlighted
    pass

@then('I can navigate up to the Section')
def step_then_navigate_up_to_section(context):
    # Code to navigate up to the Section
    pass"
209,"PB - As a User, I want to undo & redo actions for the combo of Widget & Block","Gherkin:
Feature: Undo and Redo actions for Widget and Block

  Scenario: User can undo and redo adding, removing, and moving Widgets with Blocks
    Given a page with no Widgets and Blocks
    When the user adds a Widget with a Block to the page
    And the user removes the Widget with the Block from the page
    And the user moves a Widget with a Block on the page
    Then the user can undo the last action
    And the user can redo the last undone action

Python:
from behave import given, when, then

@given('a page with no Widgets and Blocks')
def step_given_page_with_no_widgets_and_blocks(context):
    context.page = Page()
    assert context.page.is_empty()

@when('the user adds a Widget with a Block to the page')
def step_when_user_adds_widget_with_block(context):
    context.page.add_widget_with_block()
    assert context.page.has_widget_with_block()

@when('the user removes the Widget with the Block from the page')
def step_when_user_removes_widget_with_block(context):
    context.page.remove_widget_with_block()
    assert not context.page.has_widget_with_block()

@when('the user moves a Widget with a Block on the page')
def step_when_user_moves_widget_with_block(context):
    context.page.move_widget_with_block()
    assert context.page.widget_with_block_moved()

@then('the user can undo the last action')
def step_then_user_can_undo_last_action(context):
    context.page.undo()
    assert context.page.last_action_undone()

@then('the user can redo the last undone action')
def step_then_user_can_redo_last_undone_action(context):
    context.page.redo()
    assert context.page.last_action_redone()"
210,"PB - As a User, I want to see a new landing page","Gherkin:
Feature: New Landing Page

  Scenario: User views the new landing page
    Given the user is on the new landing page
    When the page loads
    Then the user should see empty sections with no blocks

Python:
from behave import given, when, then

@given('the user is on the new landing page')
def step_given_user_on_new_landing_page(context):
    context.browser.get('http://example.com/new-landing-page')

@when('the page loads')
def step_when_page_loads(context):
    assert context.browser.title is not None

@then('the user should see empty sections with no blocks')
def step_then_user_sees_empty_sections(context):
    sections = context.browser.find_elements_by_class_name('section')
    for section in sections:
        blocks = section.find_elements_by_class_name('block')
        assert len(blocks) == 0"
211,"PB - As a User, I want to report Resource Download (Preview) action in Usage Reporting for Custom Page Module","Gherkin:
Feature: Report Resource Download Action in Usage Reporting for Custom Page Module

  Scenario: Track resource download action for preview type in usage reporting
    Given a user is on the Custom Page Module
    And the Custom Page Module is configured in Admin as ""Custom Custom Page Module singular""
    When the user performs a Resource Download action with ""Good"" quality
    Then the action is reported in the User's usage report
    And the action is not displayed in the Custom Page usage report

Python:
from behave import given, when, then

@given('a user is on the Custom Page Module')
def step_given_user_on_custom_page_module(context):
    pass

@given('the Custom Page Module is configured in Admin as ""Custom Custom Page Module singular""')
def step_given_custom_page_module_configured(context):
    pass

@when('the user performs a Resource Download action with ""Good"" quality')
def step_when_user_performs_resource_download(context):
    pass

@then('the action is reported in the User\'s usage report')
def step_then_action_reported_in_user_usage(context):
    pass

@then('the action is not displayed in the Custom Page usage report')
def step_then_action_not_displayed_in_custom_page_usage(context):
    pass"
212,"PB - As a User, I want to report on Resource downloaded (Preview) separately than added in Smart Page for Resource Module (Usage)","Gherkin:
Feature: Resource Usage Reporting

  Scenario: Report on Resource downloaded separately from added in Smart Page
    Given a previously uploaded Resource of type ""Preview"" is available
    When the User downloads the Resource via Resource Lookup in Smart Pages
    Then the Resource download action is tracked in the Resource usage report

Python:
from behave import given, when, then

@given('a previously uploaded Resource of type ""Preview"" is available')
def step_given_resource_available(context):
    # Code to ensure the resource is available
    pass

@when('the User downloads the Resource via Resource Lookup in Smart Pages')
def step_when_user_downloads_resource(context):
    # Code to simulate the user downloading the resource
    pass

@then('the Resource download action is tracked in the Resource usage report')
def step_then_resource_download_tracked(context):
    # Code to verify the download action is tracked
    pass"
213,"Rename ""Simple"" Page to ""Smart"" Page","Gherkin:
Feature: Rename ""Simple"" Page to ""Smart"" Page

  Scenario: User sees ""Smart"" Page instead of ""Simple"" Page
    Given the user is on the Brand Page MVP project
    When the page is loaded
    Then the user should see ""Smart"" Page instead of ""Simple"" Page

Python:
from behave import given, when, then

@given('the user is on the Brand Page MVP project')
def step_given_user_on_brand_page(context):
    context.browser.get('http://example.com/brand-page-mvp')

@when('the page is loaded')
def step_when_page_loaded(context):
    assert context.browser.title is not None

@then('the user should see ""Smart"" Page instead of ""Simple"" Page')
def step_then_user_sees_smart_page(context):
    page_content = context.browser.find_element_by_tag_name('body').text
    assert ""Smart Page"" in page_content
    assert ""Simple Page"" not in page_content"
214,"PB - (FE components) As a User, I want to move a sub page to become a standalone Simple Page (Parent)","Gherkin:
Feature: Move sub-page to standalone page

  Scenario: User moves a sub-page to become a standalone page
    Given I am on the Page Builder in editing mode
    And I have a sub-page in the Navigation Panel
    When I drag and drop the sub-page to become a standalone page
    Then the sub-page should be a standalone page in the Navigation Panel
    And the page list should be updated in order of Last Updated

Python:
from behave import given, when, then

@given('I am on the Page Builder in editing mode')
def step_given_on_page_builder(context):
    pass

@given('I have a sub-page in the Navigation Panel')
def step_given_sub_page_in_navigation(context):
    pass

@when('I drag and drop the sub-page to become a standalone page')
def step_when_drag_and_drop_sub_page(context):
    pass

@then('the sub-page should be a standalone page in the Navigation Panel')
def step_then_sub_page_standalone(context):
    pass

@then('the page list should be updated in order of Last Updated')
def step_then_page_list_updated(context):
    pass"
215,"PB - As a User, I want to re-order pages within the same parent/root via Nav - FE integration","Gherkin:
Feature: Re-order Pages via drag-and-drop in Nav Panel

  Scenario: User re-orders a page with sub-pages within the same parent
    Given the user is editing a document with a navigation panel
    And the navigation panel contains a page with sub-pages
    When the user drags and drops the page to a new position within the same parent
    Then the page and its sub-pages are moved to the new position
    And the sub-pages are collapsed under the page in the navigation panel

Python:
from behave import given, when, then

@given('the user is editing a document with a navigation panel')
def step_given_user_editing_document(context):
    pass

@given('the navigation panel contains a page with sub-pages')
def step_given_page_with_subpages(context):
    pass

@when('the user drags and drops the page to a new position within the same parent')
def step_when_user_drags_and_drops_page(context):
    pass

@then('the page and its sub-pages are moved to the new position')
def step_then_page_and_subpages_moved(context):
    pass

@then('the sub-pages are collapsed under the page in the navigation panel')
def step_then_subpages_collapsed(context):
    pass"
216,"PB - As a User, I want to be able to download the resources added to the page, if I have permission to do so - Video widget","Gherkin:
Feature: Download resources from Video Widget

  Scenario: User downloads a video resource from the Video Widget
    Given the user is on a Simple Page with a Video Widget
    And the user has permission to download resources
    When the user hovers over the Video Widget
    Then the user should see the download button
    And the user should see a tooltip ""Download"" when hovering over the download button
    When the user clicks the download button
    Then the video resource should start downloading

Python:
from behave import given, when, then

@given('the user is on a Simple Page with a Video Widget')
def step_given_user_on_simple_page_with_video_widget(context):
    pass

@given('the user has permission to download resources')
def step_given_user_has_permission(context):
    pass

@when('the user hovers over the Video Widget')
def step_when_user_hovers_over_video_widget(context):
    pass

@then('the user should see the download button')
def step_then_user_sees_download_button(context):
    pass

@then('the user should see a tooltip ""Download"" when hovering over the download button')
def step_then_user_sees_tooltip(context):
    pass

@when('the user clicks the download button')
def step_when_user_clicks_download_button(context):
    pass

@then('the video resource should start downloading')
def step_then_video_starts_downloading(context):
    pass"
217,"PB - As a User, I want to move a sub page to become a standalone Smart Page (Parent)","Gherkin:
Feature: Move sub-page to standalone Smart Page

  Scenario: User moves a sub-page to become a standalone Smart Page
    Given I am in editing mode in Page Builder
    And I have a sub-page in the Navigation Panel
    When I drag and drop the sub-page to become a standalone page
    Then the sub-page should become a standalone Smart Page
    And I should see the updated order of the Page list in the Navigation Panel

Python:
from behave import given, when, then

@given('I am in editing mode in Page Builder')
def step_given_in_editing_mode(context):
    pass

@given('I have a sub-page in the Navigation Panel')
def step_given_sub_page_in_navigation_panel(context):
    pass

@when('I drag and drop the sub-page to become a standalone page')
def step_when_drag_and_drop_sub_page(context):
    pass

@then('the sub-page should become a standalone Smart Page')
def step_then_sub_page_becomes_standalone(context):
    pass

@then('I should see the updated order of the Page list in the Navigation Panel')
def step_then_see_updated_order(context):
    pass"
218,"PB - As a User, I want the status of  Resource added via Resource Lookup to be linked with Resource module - resource permission lost scenario","Gherkin:
Feature: Resource Permission Check

  Scenario: User views resources with permission and sees placeholders for restricted resources
    Given the user has permission to view certain resources
    When the user views the page with resources
    Then the user should see the resources they have permission for
    And the user should see placeholders for resources they do not have permission for
    And the user should see a tooltip when hovering over the permission lost icon

Python:
from behave import given, when, then

@given('the user has permission to view certain resources')
def step_given_user_has_permission(context):
    # Setup user permissions for resources
    pass

@when('the user views the page with resources')
def step_when_user_views_page(context):
    # Simulate user viewing the page
    pass

@then('the user should see the resources they have permission for')
def step_then_user_sees_permitted_resources(context):
    # Verify user sees resources they have permission for
    pass

@then('the user should see placeholders for resources they do not have permission for')
def step_then_user_sees_placeholders(context):
    # Verify placeholders are shown for restricted resources
    pass

@then('the user should see a tooltip when hovering over the permission lost icon')
def step_then_user_sees_tooltip(context):
    # Verify tooltip appears on hover over permission lost icon
    pass"
219,"PB - As an internal User, I want to set Page limits via MCP settings","Gherkin:
Feature: Set Page Limits via MCP settings

  Scenario: Internal User sets Page limits for a new client
    Given I am on the MCP control panel
    And I navigate to the Platform Restriction area
    When I set the Page limit to 2 for a new client
    Then the Page limit should be set successfully

Python:
from behave import given, when, then

@given('I am on the MCP control panel')
def step_given_on_mcp_control_panel(context):
    pass

@given('I navigate to the Platform Restriction area')
def step_given_navigate_to_platform_restriction(context):
    pass

@when('I set the Page limit to 2 for a new client')
def step_when_set_page_limit(context):
    pass

@then('the Page limit should be set successfully')
def step_then_page_limit_set_successfully(context):
    pass"
220,"PB - As a User, I want to see sub-pages in Custom Page v2 index list (with a subtitle for parent)","Gherkin:
Feature: View sub-pages in Custom Page v2 index list

  Scenario: User views sub-pages with parent information
    Given the user is on the Custom Page v2 index list
    When the user clicks on the ""+"" button for a sub-page
    Then the user should see ""Parent: {parent page name}"" under the Page Title
    And the user should see the parent page info collapsed by default
    And the user can click on the parent simple page name to view the parent page

Python:
from behave import given, when, then

@given('the user is on the Custom Page v2 index list')
def step_given_user_on_custom_page_v2_index_list(context):
    pass

@when('the user clicks on the ""+"" button for a sub-page')
def step_when_user_clicks_plus_button_for_sub_page(context):
    pass

@then('the user should see ""Parent: {parent page name}"" under the Page Title')
def step_then_user_sees_parent_info_under_page_title(context):
    pass

@then('the user should see the parent page info collapsed by default')
def step_then_user_sees_parent_info_collapsed(context):
    pass

@then('the user can click on the parent simple page name to view the parent page')
def step_then_user_can_click_parent_page_name(context):
    pass"
221,"PB - As a User, I want to configure permissions of sub-pages in Admin -> Group","Gherkin:
Feature: Configure permissions of sub-pages in Admin -> Group

  Scenario: User configures and propagates permissions for sub-pages
    Given I am on the Admin Group Permission page
    And I can see the parent page with its sub-pages
    When I configure permissions for a sub-page
    And I trigger permission propagation
    Then the permissions should be updated for the sub-page
    And the permissions should be propagated to all sub-pages

Python:
from behave import given, when, then

@given('I am on the Admin Group Permission page')
def step_impl(context):
    pass

@given('I can see the parent page with its sub-pages')
def step_impl(context):
    pass

@when('I configure permissions for a sub-page')
def step_impl(context):
    pass

@when('I trigger permission propagation')
def step_impl(context):
    pass

@then('the permissions should be updated for the sub-page')
def step_impl(context):
    pass

@then('the permissions should be propagated to all sub-pages')
def step_impl(context):
    pass"
222,[Bulk Review] Same Template:  Needed until - cross date value handling,"Gherkin:
Feature: Bulk Review of Resource Download Requests with Same Template

  Scenario: Select requests with the same template for bulk review
    Given there are multiple resource download requests with the same template
    And each request has different ""Needed until"" values
    When I select these requests for bulk review
    Then the requests are successfully selected for bulk review

Python:
from behave import given, when, then

@given('there are multiple resource download requests with the same template')
def step_given_multiple_requests_with_same_template(context):
    pass

@given('each request has different ""Needed until"" values')
def step_given_different_needed_until_values(context):
    pass

@when('I select these requests for bulk review')
def step_when_select_requests_for_bulk_review(context):
    pass

@then('the requests are successfully selected for bulk review')
def step_then_requests_successfully_selected(context):
    pass"
223,Review Request' in footer should be plural  - change to 'Review Request(s)',"Gherkin:
Feature: Update footer text for review requests

  Scenario: Update 'Review Request' to 'Review Request(s)' in Bulk Action Footer
    Given the user is on the Bulk Action page
    When the footer is displayed
    Then the footer should show 'Review Request(s)'

Python:
from behave import given, when, then

@given('the user is on the Bulk Action page')
def step_given_user_on_bulk_action_page(context):
    # Code to navigate to the Bulk Action page
    pass

@when('the footer is displayed')
def step_when_footer_is_displayed(context):
    # Code to ensure the footer is displayed
    pass

@then('the footer should show ""Review Request(s)""')
def step_then_footer_shows_review_requests(context):
    # Code to verify the footer text is 'Review Request(s)'
    pass"
224,[Bulk SBT] Staged requests: values carry over for staged requests in individual response (should be wiped after stage response is submitted),"Gherkin:
Feature: Bulk SBT Staged Requests

  Scenario: Values carry over for staged requests in individual response
    Given there are staged requests in the Bulk List
    When the user responds in Bulk and the request remains pending
    Then the response fields for that request are cleared

Python:
from behave import given, when, then

@given('there are staged requests in the Bulk List')
def step_given_staged_requests_in_bulk_list(context):
    # Code to ensure staged requests are present in the Bulk List
    pass

@when('the user responds in Bulk and the request remains pending')
def step_when_user_responds_in_bulk_and_request_remains_pending(context):
    # Code to simulate user responding in Bulk and request remaining pending
    pass

@then('the response fields for that request are cleared')
def step_then_response_fields_are_cleared(context):
    # Code to verify that the response fields are cleared
    pass"
225,"PB - (DND replace) As a User, I want to create a sub-page for an exisiting Smart Page via Nav","Gherkin:
Feature: Create a sub-page for an existing Smart Page via Nav

  Scenario: User creates a sub-page successfully
    Given I am on the Smart Page navigation
    When I click on the settings button of a simple page
    And I see the sub-page popup
    And I input the sub-page's title as ""New Sub Page""
    And I click on the ""Save"" button
    Then I should see the placeholder ""Add page name"" before inputting a value
    And I should see the created sub-page name ""New Sub Page"" displayed under the parent page

Python:
from behave import given, when, then

@given('I am on the Smart Page navigation')
def step_given_on_smart_page_navigation(context):
    pass

@when('I click on the settings button of a simple page')
def step_when_click_settings_button(context):
    pass

@when('I see the sub-page popup')
def step_when_see_sub_page_popup(context):
    pass

@when('I input the sub-page\'s title as ""New Sub Page""')
def step_when_input_sub_page_title(context):
    pass

@when('I click on the ""Save"" button')
def step_when_click_save_button(context):
    pass

@then('I should see the placeholder ""Add page name"" before inputting a value')
def step_then_see_placeholder(context):
    pass

@then('I should see the created sub-page name ""New Sub Page"" displayed under the parent page')
def step_then_see_created_sub_page(context):
    pass"
226,[X-Template] Bulk Approvals - Select logic: Advanced cross template/type select (excluding record requests) - Full support/logic,"Gherkin:
Feature: Bulk Approvals - Advanced Cross Template Select

  Scenario: Select multiple requests for bulk approval
    Given multiple templates have ""Enable Bulk Reviewing"" enabled
    And the new Admin setting is enabled
    When the user selects an item from the Approval List
    Then the system allows selection of other requests excluding record requests

Python:
from behave import given, when, then

@given('multiple templates have ""Enable Bulk Reviewing"" enabled')
def step_given_multiple_templates_bulk_reviewing(context):
    # Code to ensure multiple templates have bulk reviewing enabled
    pass

@given('the new Admin setting is enabled')
def step_given_new_admin_setting_enabled(context):
    # Code to ensure the new admin setting is enabled
    pass

@when('the user selects an item from the Approval List')
def step_when_user_selects_item(context):
    # Code to simulate user selecting an item from the Approval List
    pass

@then('the system allows selection of other requests excluding record requests')
def step_then_system_allows_selection(context):
    # Code to verify the system allows selection of other requests excluding record requests
    pass"
227,"[RESTRICTIONS] Cross param handling of 'Complete Stage/Complete Request' (merge setting in bulk, apply to relevant in bulk action)","Gherkin:
Feature: Bulk Review Merge Setting

  Scenario: Merge Complete Stage and Complete Request in Bulk Review
    Given a mix of requests with ""Complete Stage"" and ""Complete Request"" fields
    And the user is a Main Admin or Workflow Admin
    When the user selects the requests for Bulk Review
    And applies the ""Complete Stage / Request"" setting
    Then the corresponding fields are updated on the single level
    And no Pending items remain with either option

Python:
from behave import given, when, then

@given('a mix of requests with ""Complete Stage"" and ""Complete Request"" fields')
def step_given_mix_of_requests(context):
    pass

@given('the user is a Main Admin or Workflow Admin')
def step_given_user_is_admin(context):
    pass

@when('the user selects the requests for Bulk Review')
def step_when_user_selects_requests(context):
    pass

@when('applies the ""Complete Stage / Request"" setting')
def step_when_applies_setting(context):
    pass

@then('the corresponding fields are updated on the single level')
def step_then_fields_updated(context):
    pass

@then('no Pending items remain with either option')
def step_then_no_pending_items(context):
    pass"
228,"[RESTRICTIONS] Cross param handling of 'Hide Decline' (hide Decline if all share param,  ignore Bulk Apply of Decline to items that don't apply)","Gherkin:
Feature: Bulk Review with Hide Decline Handling

  Scenario: Bulk Review with mixed Hide Decline settings
    Given a list of requests with mixed Hide Decline settings
    When the user selects Decline and applies in bulk
    Then Decline is applied only to items without Hide Decline
    And items with Hide Decline remain pending
    And Decline is hidden if all remaining items have Hide Decline

Python:
from behave import given, when, then

@given('a list of requests with mixed Hide Decline settings')
def step_given_mixed_hide_decline_settings(context):
    context.requests = [
        {'id': 1, 'hide_decline': False},
        {'id': 2, 'hide_decline': True},
        {'id': 3, 'hide_decline': False}
    ]

@when('the user selects Decline and applies in bulk')
def step_when_user_applies_decline_in_bulk(context):
    context.declined_requests = [
        request for request in context.requests if not request['hide_decline']
    ]

@then('Decline is applied only to items without Hide Decline')
def step_then_decline_applied_to_non_hidden(context):
    assert all(not request['hide_decline'] for request in context.declined_requests)

@then('items with Hide Decline remain pending')
def step_then_items_with_hide_decline_pending(context):
    pending_requests = [
        request for request in context.requests if request['hide_decline']
    ]
    assert len(pending_requests) == 1

@then('Decline is hidden if all remaining items have Hide Decline')
def step_then_decline_hidden_if_all_remaining_have_hide_decline(context):
    remaining_requests = [
        request for request in context.requests if request not in context.declined_requests
    ]
    if all(request['hide_decline'] for request in remaining_requests):
        context.decline_hidden = True
    assert context.decline_hidden"
229,Bulk Approve Response UUID {createdInBulkId} condition in Stats - so we can see all requests responded to together,"Gherkin:
Feature: Bulk Approve Response UUID in Stats

  Scenario: Display Bulk Response UUID in Stats Module
    Given the user is on the stats module
    And the tool is set to '{{Workflow}} Responses'
    When the user selects '*Bulk Response UUID*' from the column dropdown
    Then the Bulk Response UUID is displayed under 'Bulk Review'
    And the value field has a placeholder text 'Value'

Python:
from behave import given, when, then

@given('the user is on the stats module')
def step_given_user_on_stats_module(context):
    pass

@given(""the tool is set to '{{Workflow}} Responses'"")
def step_given_tool_set_to_workflow_responses(context):
    pass

@when(""the user selects '*Bulk Response UUID*' from the column dropdown"")
def step_when_user_selects_bulk_response_uuid(context):
    pass

@then(""the Bulk Response UUID is displayed under 'Bulk Review'"")
def step_then_bulk_response_uuid_displayed(context):
    pass

@then(""the value field has a placeholder text 'Value'"")
def step_then_value_field_placeholder(context):
    pass"
230,[RESTRICTIONS] Cross param handling of Comment field (plain text on bulk page regardless of if rich on request),"Gherkin:
Feature: Bulk Review Comment Handling

  Scenario: Display plain text comment option for mixed requests
    Given a set of requests with mixed comment types is selected for Bulk Review
    When the Bulk Review response panel is opened
    Then only the plain comments option is displayed
    And text entered in the plain comments field is applied to all requests

Python:
from behave import given, when, then

@given('a set of requests with mixed comment types is selected for Bulk Review')
def step_given_mixed_requests_for_bulk_review(context):
    pass

@when('the Bulk Review response panel is opened')
def step_when_bulk_review_panel_opened(context):
    pass

@then('only the plain comments option is displayed')
def step_then_plain_comments_option_displayed(context):
    pass

@then('text entered in the plain comments field is applied to all requests')
def step_then_text_applied_to_all_requests(context):
    pass"
231,Bulk Approve action Tracking surfacing in Review Request - Responses,"Gherkin:
Feature: Bulk Approve Action Tracking in Review Request Responses

  Scenario: Display bulk review indicator for responses
    Given I am on the Review Request page
    And I have submitted a response in bulk
    When I view my response
    Then I should see the ""Bulk Review"" text to the right of the status chip
    And the chip should appear on its own line

Python:
from behave import given, when, then

@given('I am on the Review Request page')
def step_given_on_review_request_page(context):
    pass

@given('I have submitted a response in bulk')
def step_given_submitted_response_in_bulk(context):
    pass

@when('I view my response')
def step_when_view_my_response(context):
    pass

@then('I should see the ""Bulk Review"" text to the right of the status chip')
def step_then_see_bulk_review_text(context):
    pass

@then('the chip should appear on its own line')
def step_then_chip_on_own_line(context):
    pass"
232,[RESTRICTIONS] When we detect not all requests have same params we modify Response section (Overall check for non-matching params),"Gherkin:
Feature: Detect and modify response for non-matching params in bulk requests

  Scenario: Modify response when requests have non-matching params
    Given a bulk request with multiple items
    And not all items have matching params
    When the request is processed
    Then the response section is modified accordingly

Python:
from behave import given, when, then

@given('a bulk request with multiple items')
def step_given_bulk_request_with_multiple_items(context):
    context.bulk_request = [{'id': 1, 'params': {'key': 'value1'}}, {'id': 2, 'params': {'key': 'value2'}}]

@given('not all items have matching params')
def step_given_non_matching_params(context):
    assert context.bulk_request[0]['params'] != context.bulk_request[1]['params']

@when('the request is processed')
def step_when_request_is_processed(context):
    context.response_modified = True  # Simulate processing logic

@then('the response section is modified accordingly')
def step_then_response_modified(context):
    assert context.response_modified is True"
233,"PB - As a User, I want to see Nav panel when viewing a Simple Page","Gherkin:
Feature: View Navigation Panel on Simple Page

  Scenario: User views and interacts with the Navigation Panel
    Given the user is on a Simple Page
    When the user clicks the extend/collapse button icon
    Then the Left Side Panel should open as Page Nav
    And the user should see all saved Simple pages according to their permissions
    And the pages should be ordered by Last Updated
    And the currently opened page should be highlighted
    When the user clicks on a different page in the Nav
    Then the user should switch to viewing the designated page

Python:
from behave import given, when, then

@given('the user is on a Simple Page')
def step_given_user_on_simple_page(context):
    pass

@when('the user clicks the extend/collapse button icon')
def step_when_user_clicks_extend_collapse(context):
    pass

@then('the Left Side Panel should open as Page Nav')
def step_then_panel_opens_as_nav(context):
    pass

@then('the user should see all saved Simple pages according to their permissions')
def step_then_user_sees_saved_pages(context):
    pass

@then('the pages should be ordered by Last Updated')
def step_then_pages_ordered_by_last_updated(context):
    pass

@then('the currently opened page should be highlighted')
def step_then_current_page_highlighted(context):
    pass

@when('the user clicks on a different page in the Nav')
def step_when_user_clicks_different_page(context):
    pass

@then('the user should switch to viewing the designated page')
def step_then_user_switches_to_designated_page(context):
    pass"
234,"BP - As a User, I want to single select resources from Resource Lookup with unchangeable filter based on file type in Page Builder","Gherkin:
Feature: Single select resources with unchangeable filter in Page Builder

  Scenario: User selects an image resource from Resource Lookup
    Given the user is on the Page Builder
    And the Resource Lookup is opened
    And the filter is locked with only Image enabled
    When the user selects an image resource
    Then the image resource is added to the Page Builder

Python:
from behave import given, when, then

@given('the user is on the Page Builder')
def step_given_user_on_page_builder(context):
    pass

@given('the Resource Lookup is opened')
def step_given_resource_lookup_opened(context):
    pass

@given('the filter is locked with only Image enabled')
def step_given_filter_locked_image_enabled(context):
    pass

@when('the user selects an image resource')
def step_when_user_selects_image_resource(context):
    pass

@then('the image resource is added to the Page Builder')
def step_then_image_resource_added(context):
    pass"
235,As a user I can only select a max of 300 items to Review in Bulk (FE),"Gherkin:
Feature: Bulk Review Item Selection

  Scenario: User selects the maximum number of items for bulk review
    Given the user has a list of selectable items
    When the user selects 300 items
    Then all other select icons for non-selected items become disabled
    And the hover text displays ""A maximum of 300 Requests has been selected.""

Python:
from behave import given, when, then

@given('the user has a list of selectable items')
def step_given_user_has_list_of_selectable_items(context):
    context.items = ['item1', 'item2', ..., 'itemN']  # Assume a list of items
    context.selected_items = []

@when('the user selects 300 items')
def step_when_user_selects_300_items(context):
    context.selected_items = context.items[:300]

@then('all other select icons for non-selected items become disabled')
def step_then_other_select_icons_disabled(context):
    assert len(context.selected_items) == 300
    context.non_selected_items = context.items[300:]
    for item in context.non_selected_items:
        assert item not in context.selected_items

@then('the hover text displays ""A maximum of 300 Requests has been selected.""')
def step_then_hover_text_displays(context):
    context.hover_text = ""A maximum of 300 Requests has been selected.""
    assert context.hover_text == ""A maximum of 300 Requests has been selected."""
236,Need to add Stage icon in bulk review list for Staged requests,"Gherkin:
Feature: Display Stage Icon in Bulk Review List

  Scenario: Display and update stage icon for staged requests in bulk review list
    Given the user is on the Bulk Review Page
    And there are staged requests in the list
    When the user performs a bulk action on the staged requests
    Then the stage icon is displayed for each staged request
    And the stage icon updates to reflect any changes in the stages

Python:
from behave import given, when, then

@given('the user is on the Bulk Review Page')
def step_given_user_on_bulk_review_page(context):
    pass

@given('there are staged requests in the list')
def step_given_staged_requests_in_list(context):
    pass

@when('the user performs a bulk action on the staged requests')
def step_when_user_performs_bulk_action(context):
    pass

@then('the stage icon is displayed for each staged request')
def step_then_stage_icon_displayed(context):
    pass

@then('the stage icon updates to reflect any changes in the stages')
def step_then_stage_icon_updates(context):
    pass"
237,"As a user, I want to see added information saved to request when I click on Navigation buttons for Single Page","Gherkin:
Feature: Navigation and Information Retention on Single Page

  Scenario: Retain 'Complete Stage' and 'Approve' selections when navigating
    Given the user is on the Single Page with 'Complete Stage' and 'Hide Decline' features enabled
    When the user selects 'Complete Stage' and 'Approve'
    And the user navigates to another item and back
    Then the 'Complete Stage' and 'Approve' selections are retained

Python:
from behave import given, when, then

@given('the user is on the Single Page with \'Complete Stage\' and \'Hide Decline\' features enabled')
def step_given_user_on_single_page(context):
    # Code to ensure user is on the Single Page with required features enabled
    pass

@when('the user selects \'Complete Stage\' and \'Approve\'')
def step_when_user_selects_options(context):
    # Code to select 'Complete Stage' and 'Approve'
    pass

@when('the user navigates to another item and back')
def step_when_user_navigates(context):
    # Code to navigate to another item and back
    pass

@then('the \'Complete Stage\' and \'Approve\' selections are retained')
def step_then_selections_retained(context):
    # Code to verify selections are retained
    pass"
238,As a user I want to see 'Bulk Review' in bulk review page header (page name),"Gherkin:
Feature: Bulk Review Page Header

  Scenario: User sees 'Bulk Review' in the page header
    Given the user is on the Bulk Review page
    When the page is loaded
    Then the page header should display 'Bulk Review'

Python:
from behave import given, when, then

@given('the user is on the Bulk Review page')
def step_given_user_on_bulk_review_page(context):
    context.browser.get('http://example.com/bulk-review')

@when('the page is loaded')
def step_when_page_is_loaded(context):
    assert context.browser.title == 'Bulk Review'

@then('the page header should display \'Bulk Review\'')
def step_then_page_header_should_display_bulk_review(context):
    header = context.browser.find_element_by_tag_name('h1').text
    assert header == 'Bulk Review'"
239,As a user I can Bulk Submit (updates from Grouped work),"Gherkin:
Feature: Bulk Submit updates from Grouped work

  Scenario: Successfully bulk submit updates
    Given I am on the Grouped Review page
    And I have staged requests ready for submission
    When I click the Submit & Continue button
    Then I should see a tooltip with text ""Submit & Continue""
    And I should see a snackbar confirming submission
    And the items should be updated in the list
    And I can complete the staged request multiple times until completed
    And the Complete Stage works for the last stage completion
    And I can save the staged request with mixed current stage

Python:
from behave import given, when, then

@given('I am on the Grouped Review page')
def step_given_on_grouped_review_page(context):
    pass

@given('I have staged requests ready for submission')
def step_given_staged_requests_ready(context):
    pass

@when('I click the Submit & Continue button')
def step_when_click_submit_continue(context):
    pass

@then('I should see a tooltip with text ""Submit & Continue""')
def step_then_see_tooltip(context):
    pass

@then('I should see a snackbar confirming submission')
def step_then_see_snackbar(context):
    pass

@then('the items should be updated in the list')
def step_then_items_updated(context):
    pass

@then('I can complete the staged request multiple times until completed')
def step_then_complete_staged_request(context):
    pass

@then('the Complete Stage works for the last stage completion')
def step_then_complete_stage_works(context):
    pass

@then('I can save the staged request with mixed current stage')
def step_then_save_staged_request(context):
    pass"
240,As a user I can Bulk Apply (updates from Grouped work),"Gherkin:
Feature: Bulk Apply updates from Grouped work

  Scenario: User successfully applies updates in Bulk Apply
    Given the user is on the Grouped Review page
    And the Bulk Apply button is enabled
    When the user clicks the Bulk Apply button
    Then the updates are applied
    And the apply count is updated on the button
    And a success snackbar is displayed

Python:
from behave import given, when, then

@given('the user is on the Grouped Review page')
def step_given_user_on_grouped_review_page(context):
    pass

@given('the Bulk Apply button is enabled')
def step_given_bulk_apply_button_enabled(context):
    pass

@when('the user clicks the Bulk Apply button')
def step_when_user_clicks_bulk_apply_button(context):
    pass

@then('the updates are applied')
def step_then_updates_are_applied(context):
    pass

@then('the apply count is updated on the button')
def step_then_apply_count_updated(context):
    pass

@then('a success snackbar is displayed')
def step_then_success_snackbar_displayed(context):
    pass"
241,As a user I want to click 'Review Request' action in action dropdown in footer to open Bulk Approve Page (action redirect),"Gherkin:
Feature: Bulk Approve Page Redirection

  Scenario: User clicks 'Review Request' to open Bulk Approve Page
    Given the user is on the Approvals List page with items selected
    When the user clicks the 'Review Request' action in the footer dropdown
    Then the Bulk Review Request page opens
    And the user closes the Bulk Review Request page
    Then the user is returned to the Approvals List page
    And previously selected items are still selected
    And the Bulk Footer is still displayed

Python:
from behave import given, when, then

@given('the user is on the Approvals List page with items selected')
def step_given_user_on_approvals_list_with_items_selected(context):
    pass

@when(""the user clicks the 'Review Request' action in the footer dropdown"")
def step_when_user_clicks_review_request_action(context):
    pass

@then('the Bulk Review Request page opens')
def step_then_bulk_review_request_page_opens(context):
    pass

@then('the user closes the Bulk Review Request page')
def step_then_user_closes_bulk_review_request_page(context):
    pass

@then('the user is returned to the Approvals List page')
def step_then_user_returned_to_approvals_list_page(context):
    pass

@then('previously selected items are still selected')
def step_then_previously_selected_items_still_selected(context):
    pass

@then('the Bulk Footer is still displayed')
def step_then_bulk_footer_still_displayed(context):
    pass"
242,As a user I want to see 'Review Request' bulk action in action dropdown in footer,"Gherkin:
Feature: Display 'Review Request' bulk action in footer dropdown

  Scenario: User sees 'Review Request' in bulk action dropdown
    Given a user has selected one item's checkbox
    When the user clicks on the 'Select Bulk Action' dropdown
    Then the 'Review Request' action is displayed in the dropdown

Python:
from behave import given, when, then

@given('a user has selected one item\'s checkbox')
def step_given_user_selected_one_item(context):
    # Code to simulate selecting one item's checkbox
    pass

@when('the user clicks on the \'Select Bulk Action\' dropdown')
def step_when_user_clicks_dropdown(context):
    # Code to simulate clicking on the dropdown
    pass

@then('the \'Review Request\' action is displayed in the dropdown')
def step_then_review_request_displayed(context):
    # Code to verify 'Review Request' action is displayed
    pass"
243,As a user I want to check cancel in footer to clear the select of all selected requests,"Gherkin:
Feature: Cancel action in footer clears selected requests

  Scenario: User cancels selection of requests using footer
    Given a list of requests with checkboxes
    And one item's checkbox is selected
    When the user clicks the 'Cancel' action in the footer
    Then the Bulk Action footer bar should display the 'Cancel' action on the right side
    And all selected items should be de-selected
    And checkboxes for all items should be selectable again

Python:
from behave import given, when, then

@given('a list of requests with checkboxes')
def step_given_list_of_requests_with_checkboxes(context):
    pass

@given('one item\'s checkbox is selected')
def step_given_one_item_checkbox_selected(context):
    pass

@when('the user clicks the \'Cancel\' action in the footer')
def step_when_user_clicks_cancel_action(context):
    pass

@then('the Bulk Action footer bar should display the \'Cancel\' action on the right side')
def step_then_footer_displays_cancel_action(context):
    pass

@then('all selected items should be de-selected')
def step_then_all_selected_items_deselected(context):
    pass

@then('checkboxes for all items should be selectable again')
def step_then_checkboxes_selectable_again(context):
    pass"
244,As a user the Bulk Action Footer bar displays when one relevant item is selected,"Gherkin:
Feature: Bulk Action Footer Bar Display

  Scenario: Display Bulk Action Footer when one item is selected
    Given the user is on the item selection page
    When the user selects one item's checkbox
    Then the Bulk Action footer bar is displayed
    And the 'Select All' action is hidden
    And the 'View Selected' feature is hidden

Python:
from behave import given, when, then

@given('the user is on the item selection page')
def step_given_user_on_item_selection_page(context):
    # Code to navigate to the item selection page
    pass

@when(""the user selects one item's checkbox"")
def step_when_user_selects_one_item(context):
    # Code to select one item's checkbox
    pass

@then('the Bulk Action footer bar is displayed')
def step_then_bulk_action_footer_displayed(context):
    # Code to verify the Bulk Action footer bar is displayed
    pass

@then(""the 'Select All' action is hidden"")
def step_then_select_all_hidden(context):
    # Code to verify the 'Select All' action is hidden
    pass

@then(""the 'View Selected' feature is hidden"")
def step_then_view_selected_hidden(context):
    # Code to verify the 'View Selected' feature is hidden
    pass"
245,As a user I only see the checkbox *column* when relevant (core mcp / template level check),"Gherkin:
Feature: Display Bulk Actions Checkbox Column

  Scenario: Display checkbox column when relevant settings are enabled
    Given the MCP development setting is enabled
    And at least one active Template has the new setting enabled
    When the user views the table
    Then the checkbox column is displayed

Python:
from behave import given, when, then

@given('the MCP development setting is enabled')
def step_given_mcp_development_setting_enabled(context):
    context.mcp_setting = True

@given('at least one active Template has the new setting enabled')
def step_given_active_template_setting_enabled(context):
    context.template_setting = True

@when('the user views the table')
def step_when_user_views_table(context):
    context.user_views_table = True

@then('the checkbox column is displayed')
def step_then_checkbox_column_displayed(context):
    assert context.mcp_setting and context.template_setting and context.user_views_table"
246,Bulk Approvals - MCP Development Setting,"Gherkin:
Feature: Bulk Approvals MCP Development Setting

  Scenario: Enable Bulk Approvals in MCP Development
    Given the MCP development section is accessible
    When I add the ""Approvals - Approvals List (V3) - Bulk Approvals"" setting
    Then the setting should be successfully added for development use only

Python:
from behave import given, when, then

@given('the MCP development section is accessible')
def step_given_mcp_development_section_accessible(context):
    pass

@when('I add the ""Approvals - Approvals List (V3) - Bulk Approvals"" setting')
def step_when_add_bulk_approvals_setting(context):
    pass

@then('the setting should be successfully added for development use only')
def step_then_setting_successfully_added(context):
    pass"
247,"PB - As a User, I want to single-select resource from resource module overlay","Gherkin:
Feature: Single-select resource from resource module overlay

  Scenario: User selects a single resource and uploads it
    Given the user is on the resource module overlay
    When the user selects a single image resource
    And the user saves the selection
    Then the resource is uploaded to the designated area in Page Builder
    And the tooltip on the exit button displays ""Close overlay. No selections will be added.""

Python:
from behave import given, when, then

@given('the user is on the resource module overlay')
def step_given_user_on_resource_module_overlay(context):
    # Code to navigate to the resource module overlay
    pass

@when('the user selects a single image resource')
def step_when_user_selects_single_image_resource(context):
    # Code to select a single image resource
    pass

@when('the user saves the selection')
def step_when_user_saves_selection(context):
    # Code to save the selected resource
    pass

@then('the resource is uploaded to the designated area in Page Builder')
def step_then_resource_uploaded_to_designated_area(context):
    # Code to verify the resource is uploaded
    pass

@then('the tooltip on the exit button displays ""Close overlay. No selections will be added.""')
def step_then_tooltip_on_exit_button_displays(context):
    # Code to verify the tooltip message
    pass"
248,"PB - As a User, I want to report Create Page action in the usage reporting","Gherkin:
Feature: Report Create Page action in usage reporting

  Scenario: User reports Create Page action successfully
    Given the user is on the Create Page
    When the user performs a Create Page action
    Then the Simple Page reporting should show the Create action
    And the User Usage Report should include the Create action
    And the Custom Page Usage Report should include the Create action
    And the user can search and export the Report on create action

Python:
from behave import given, when, then

@given('the user is on the Create Page')
def step_given_user_on_create_page(context):
    pass

@when('the user performs a Create Page action')
def step_when_user_performs_create_action(context):
    pass

@then('the Simple Page reporting should show the Create action')
def step_then_simple_page_reporting_shows_create_action(context):
    pass

@then('the User Usage Report should include the Create action')
def step_then_user_usage_report_includes_create_action(context):
    pass

@then('the Custom Page Usage Report should include the Create action')
def step_then_custom_page_usage_report_includes_create_action(context):
    pass

@then('the user can search and export the Report on create action')
def step_then_user_can_search_and_export_report(context):
    pass"
249,"PB - As a User, I want to report Edit Page action in the usage reporting","Gherkin:
Feature: Report Edit Page action in usage reporting

  Scenario: User reports an Edit Page action
    Given the user is on the Edit Page
    When the user performs an Edit action
    Then the Edit action is recorded in the Simple Page report
    And the Edit action is recorded in the User Usage Report
    And the Edit action is recorded in the Custom Page Usage Report
    And the user can search and export the Edit action report

Python:
from behave import given, when, then

@given('the user is on the Edit Page')
def step_given_user_on_edit_page(context):
    pass

@when('the user performs an Edit action')
def step_when_user_performs_edit_action(context):
    pass

@then('the Edit action is recorded in the Simple Page report')
def step_then_edit_action_in_simple_page_report(context):
    pass

@then('the Edit action is recorded in the User Usage Report')
def step_then_edit_action_in_user_usage_report(context):
    pass

@then('the Edit action is recorded in the Custom Page Usage Report')
def step_then_edit_action_in_custom_page_usage_report(context):
    pass

@then('the user can search and export the Edit action report')
def step_then_user_can_search_and_export_report(context):
    pass"
250,"PB - As a User, I want to report Delete Page action in the usage reporting","Gherkin:
Feature: Report Delete Page action in usage reporting

  Scenario: User reports a Delete Page action
    Given the user is on the usage reporting page
    When the user deletes a page
    Then the Delete action should be recorded in the Simple Page report
    And the Delete action should be visible in the User Usage Report
    And the Delete action should be visible in the Custom Page Usage Report
    And the user can search and export the Delete action report

Python:
from behave import given, when, then

@given('the user is on the usage reporting page')
def step_given_user_on_usage_reporting_page(context):
    pass

@when('the user deletes a page')
def step_when_user_deletes_page(context):
    pass

@then('the Delete action should be recorded in the Simple Page report')
def step_then_delete_action_in_simple_page_report(context):
    pass

@then('the Delete action should be visible in the User Usage Report')
def step_then_delete_action_in_user_usage_report(context):
    pass

@then('the Delete action should be visible in the Custom Page Usage Report')
def step_then_delete_action_in_custom_page_usage_report(context):
    pass

@then('the user can search and export the Delete action report')
def step_then_user_can_search_and_export_report(context):
    pass"
251,"PB - As a User, I want to report View Page action in the usage reporting","Gherkin:
Feature: Report View Page action in usage reporting

  Scenario: User reports View Page action successfully
    Given the user is on the usage reporting page
    When the user views a Simple Page
    Then the View action is recorded in the User Usage Report
    And the View action is recorded in the Custom Page Usage Report
    And the Simple Page count is updated in User/Group Reports
    And the Simple Page count is updated in Top Groups by Page Views
    And the Simple Page count is updated in Top Users by Page Views
    And the Simple Page count is updated in Content Reports
    And the Simple Page count is updated in Top Viewed Custom Pages

Python:
from behave import given, when, then

@given('the user is on the usage reporting page')
def step_given_user_on_usage_reporting_page(context):
    pass

@when('the user views a Simple Page')
def step_when_user_views_simple_page(context):
    pass

@then('the View action is recorded in the User Usage Report')
def step_then_view_action_recorded_user_usage_report(context):
    pass

@then('the View action is recorded in the Custom Page Usage Report')
def step_then_view_action_recorded_custom_page_usage_report(context):
    pass

@then('the Simple Page count is updated in User/Group Reports')
def step_then_simple_page_count_updated_user_group_reports(context):
    pass

@then('the Simple Page count is updated in Top Groups by Page Views')
def step_then_simple_page_count_updated_top_groups_by_page_views(context):
    pass

@then('the Simple Page count is updated in Top Users by Page Views')
def step_then_simple_page_count_updated_top_users_by_page_views(context):
    pass

@then('the Simple Page count is updated in Content Reports')
def step_then_simple_page_count_updated_content_reports(context):
    pass

@then('the Simple Page count is updated in Top Viewed Custom Pages')
def step_then_simple_page_count_updated_top_viewed_custom_pages(context):
    pass"
252,"PB - As a User, I want to set Page/Section/Block/Widgets Colour in Opacity ","Gherkin:
Feature: Set Colour with Opacity

  Scenario: User sets background and widget colours with opacity
    Given the user is on the design page
    When the user sets the Page background opacity using the opacity bar
    And the user sets the Colour Palette Widget's Colour with opacity
    And the user sets the Button Widget's Text and Background with opacity
    Then the Hex code is updated to 8 digits
    And the content is visible through the background with the set opacity

Python:
from behave import given, when, then

@given('the user is on the design page')
def step_given_user_on_design_page(context):
    pass

@when('the user sets the Page background opacity using the opacity bar')
def step_when_user_sets_page_background_opacity(context):
    pass

@when('the user sets the Colour Palette Widget\'s Colour with opacity')
def step_when_user_sets_colour_palette_widget_colour(context):
    pass

@when('the user sets the Button Widget\'s Text and Background with opacity')
def step_when_user_sets_button_widget_text_background(context):
    pass

@then('the Hex code is updated to 8 digits')
def step_then_hex_code_updated(context):
    pass

@then('the content is visible through the background with the set opacity')
def step_then_content_visible_through_background(context):
    pass"
253,"PB - (Misc) As a User, I want to have a standard Text Widget - Link input without a placeholder","Gherkin:
Feature: Text Widget Link Input

  Scenario: User inputs a valid web link without ""https://"" prefix
    Given the user is on the text widget link popup
    When the user inputs a valid web link ""www.example.com""
    And the user clicks to open the link in a new browser tab
    Then the link should open with ""http://"" or ""https://"" prefix

Python:
from behave import given, when, then

@given('the user is on the text widget link popup')
def step_given_user_on_text_widget_link_popup(context):
    # Code to navigate to the text widget link popup
    pass

@when('the user inputs a valid web link ""{link}""')
def step_when_user_inputs_valid_web_link(context, link):
    # Code to input the web link
    pass

@when('the user clicks to open the link in a new browser tab')
def step_when_user_clicks_to_open_link(context):
    # Code to simulate clicking to open the link
    pass

@then('the link should open with ""http://"" or ""https://"" prefix')
def step_then_link_should_open_with_prefix(context):
    # Code to verify the link opens with the correct prefix
    pass"
254,"As a User, I want to access Reply action for New Replies in Daily Digest Email","Gherkin:
Feature: Access Reply action for New Replies in Daily Digest Email

  Scenario: User accesses the Reply action from Daily Digest Email
    Given the user is viewing the Daily Digest Email
    When the user clicks on the ""Reply"" link for a new reply
    Then the user is redirected to the Reply page in a new tab
    And the applicable comment is highlighted
    And the text-box is active and ready for input

Python:
from behave import given, when, then

@given('the user is viewing the Daily Digest Email')
def step_given_user_viewing_daily_digest_email(context):
    pass

@when('the user clicks on the ""Reply"" link for a new reply')
def step_when_user_clicks_reply_link(context):
    pass

@then('the user is redirected to the Reply page in a new tab')
def step_then_user_redirected_to_reply_page(context):
    pass

@then('the applicable comment is highlighted')
def step_then_comment_is_highlighted(context):
    pass

@then('the text-box is active and ready for input')
def step_then_text_box_is_active(context):
    pass"
255,"PB - (Misc) As a User, I want to differentiate page saving between creating a new and editing an existing Simple Page","Gherkin:
Feature: Save Simple Page in Simple Page Builder

  Scenario: Save a new Simple Page and navigate to editing mode
    Given I am on the Simple Page Builder create page
    When I save the new Simple Page
    Then I should be redirected to the editing page URL in editing mode

Python:
from behave import given, when, then

@given('I am on the Simple Page Builder create page')
def step_given_on_create_page(context):
    context.page_url = ""create_page_url""
    context.mode = ""create""

@when('I save the new Simple Page')
def step_when_save_new_page(context):
    if context.mode == ""create"":
        context.saved = True
        context.redirect_url = ""editing_page_url""

@then('I should be redirected to the editing page URL in editing mode')
def step_then_redirect_to_editing_page(context):
    assert context.saved is True
    assert context.redirect_url == ""editing_page_url"""
256,"PB - (Misc) As a User, I want to have custom fonts in SPB text widget","Gherkin:
Feature: Custom Fonts in SPB Text Widget

  Scenario: User selects and views custom fonts in the SPB text widget
    Given the user is on the Simple Page Builder with a text widget
    And the client’s custom fonts are available in the font drop-down menu
    When the user selects a custom font from the drop-down menu
    Then the text widget displays the content with the selected custom font
    And the user can see the custom font during editing, previewing, and viewing

Python:
from behave import given, when, then

@given('the user is on the Simple Page Builder with a text widget')
def step_given_user_on_spb_with_text_widget(context):
    pass

@given('the client’s custom fonts are available in the font drop-down menu')
def step_given_custom_fonts_available(context):
    pass

@when('the user selects a custom font from the drop-down menu')
def step_when_user_selects_custom_font(context):
    pass

@then('the text widget displays the content with the selected custom font')
def step_then_text_widget_displays_custom_font(context):
    pass

@then('the user can see the custom font during editing, previewing, and viewing')
def step_then_user_sees_custom_font(context):
    pass"
257,"PB - (Misc) As a User, I want to set Spacing (aka. Gap) in between Blocks that added in a Section","Gherkin:
Feature: Set Spacing Between Blocks in a Section

  Scenario: User sets spacing between blocks using the side panel
    Given the user is on the section editor page
    And the side panel is visible
    When the user sets the spacing to 20px using the slider
    Then the spacing between blocks should be 20px
    And the ""Spacing"" title is displayed
    And ""GAP BETWEEN OBJECTS"" is displayed between the title and the slider
    And the default spacing value is 8px
    And the spacing range is from 0px to 512px

Python:
from behave import given, when, then

@given('the user is on the section editor page')
def step_impl(context):
    pass

@given('the side panel is visible')
def step_impl(context):
    pass

@when('the user sets the spacing to 20px using the slider')
def step_impl(context):
    pass

@then('the spacing between blocks should be 20px')
def step_impl(context):
    pass

@then('the ""Spacing"" title is displayed')
def step_impl(context):
    pass

@then('""GAP BETWEEN OBJECTS"" is displayed between the title and the slider')
def step_impl(context):
    pass

@then('the default spacing value is 8px')
def step_impl(context):
    pass

@then('the spacing range is from 0px to 512px')
def step_impl(context):
    pass"
258,"PB - As a User, I want to select a Simple Page in my Admin > Templates > Menu options","Gherkin:
Feature: Manage Simple Pages in Admin Templates

  Scenario: User selects and saves a Simple Page in Admin Templates
    Given the user is on the Admin Templates page
    When the user lists the available custom pages
    And the user selects a Simple Page to add to Navigation
    And the user saves the setting
    Then the Simple Page should be added to the Navigation

Python:
from behave import given, when, then

@given('the user is on the Admin Templates page')
def step_given_user_on_admin_templates_page(context):
    pass

@when('the user lists the available custom pages')
def step_when_user_lists_custom_pages(context):
    pass

@when('the user selects a Simple Page to add to Navigation')
def step_when_user_selects_simple_page(context):
    pass

@when('the user saves the setting')
def step_when_user_saves_setting(context):
    pass

@then('the Simple Page should be added to the Navigation')
def step_then_simple_page_added_to_navigation(context):
    pass"
259,"PB - As a Admin User, I want to update the permission in the Admin - Group(include user as group) for individual pages in the module, incl. Simple Pages","Gherkin:
Feature: Update permissions for individual pages in Admin module

  Scenario: Admin user updates permissions for a Simple Page
    Given I am logged in as an Admin User
    And I navigate to the Admin module
    And I select a Simple Page to update permissions
    When I update the permissions for the page
    Then the permissions should be updated successfully
    And I should see the updated permissions in native design

Python:
from behave import given, when, then

@given('I am logged in as an Admin User')
def step_impl(context):
    # Code to log in as Admin User
    pass

@given('I navigate to the Admin module')
def step_impl(context):
    # Code to navigate to the Admin module
    pass

@given('I select a Simple Page to update permissions')
def step_impl(context):
    # Code to select a Simple Page
    pass

@when('I update the permissions for the page')
def step_impl(context):
    # Code to update permissions
    pass

@then('the permissions should be updated successfully')
def step_impl(context):
    # Code to verify permissions are updated
    pass

@then('I should see the updated permissions in native design')
def step_impl(context):
    # Code to verify native design display
    pass"
260,"PB - (Misc) As a User, I want to adjust Text colour simultaneously when interacting within the Text Widget's colour popup","Gherkin:
Feature: Adjust Text Colour in Text Widget

  Scenario: User adjusts text colour using the colour swatch popup
    Given the Text Widget is displayed with a Text Colour icon
    When the user clicks on the Text Colour icon
    And the colour swatch popup is displayed
    And the user selects a new colour from the swatch
    Then the text colour changes to the selected colour
    When the user clicks on any other area
    Then the colour swatch popup is dismissed

Python:
from behave import given, when, then

@given('the Text Widget is displayed with a Text Colour icon')
def step_given_text_widget_displayed(context):
    # Code to ensure the Text Widget is displayed with the Text Colour icon
    pass

@when('the user clicks on the Text Colour icon')
def step_when_user_clicks_text_colour_icon(context):
    # Code to simulate clicking the Text Colour icon
    pass

@when('the colour swatch popup is displayed')
def step_when_colour_swatch_popup_displayed(context):
    # Code to ensure the colour swatch popup is displayed
    pass

@when('the user selects a new colour from the swatch')
def step_when_user_selects_new_colour(context):
    # Code to simulate selecting a new colour from the swatch
    pass

@then('the text colour changes to the selected colour')
def step_then_text_colour_changes(context):
    # Code to verify the text colour changes to the selected colour
    pass

@when('the user clicks on any other area')
def step_when_user_clicks_any_other_area(context):
    # Code to simulate clicking on any other area
    pass

@then('the colour swatch popup is dismissed')
def step_then_colour_swatch_popup_dismissed(context):
    # Code to verify the colour swatch popup is dismissed
    pass"
261,"PB - As a User, I want to edit a Block","Gherkin:
Feature: Edit Block

  Scenario: User edits a block's properties from the side panel
    Given the user is on the block editing page
    When the user sets the padding to 10px for Left, Right, Top, and Bottom
    And the user sets the ratio to 2
    And the user sets a background image from the side panel
    Then the block should be updated with the new padding, ratio, and background image

Python:
from behave import given, when, then

@given('the user is on the block editing page')
def step_given_user_on_block_editing_page(context):
    pass

@when('the user sets the padding to 10px for Left, Right, Top, and Bottom')
def step_when_user_sets_padding(context):
    pass

@when('the user sets the ratio to 2')
def step_when_user_sets_ratio(context):
    pass

@when('the user sets a background image from the side panel')
def step_when_user_sets_background_image(context):
    pass

@then('the block should be updated with the new padding, ratio, and background image')
def step_then_block_updated(context):
    pass"
262,"PB - As a User, I want to add a Section to a Simple Page","Gherkin:
Feature: Add a Section to a Simple Page

  Scenario: User adds a Section with custom settings to a Simple Page
    Given the user is on the Simple Page editor
    When the user opens the Side Panel
    And the user adds a Section
    And the user sets the background to a custom image
    And the user sets the direction to vertical
    Then the Section is added to the Simple Page with the specified settings

Python:
from behave import given, when, then

@given('the user is on the Simple Page editor')
def step_given_user_on_simple_page_editor(context):
    pass

@when('the user opens the Side Panel')
def step_when_user_opens_side_panel(context):
    pass

@when('the user adds a Section')
def step_when_user_adds_section(context):
    pass

@when('the user sets the background to a custom image')
def step_when_user_sets_background_to_custom_image(context):
    pass

@when('the user sets the direction to vertical')
def step_when_user_sets_direction_to_vertical(context):
    pass

@then('the Section is added to the Simple Page with the specified settings')
def step_then_section_added_with_specified_settings(context):
    pass"
263,"PB - As a User, I want to delete a Block","Gherkin:
Feature: Delete a Block

  Scenario: User deletes a block and its contents
    Given a block is selected and the toolbar is visible
    When the user clicks on the delete icon
    Then the block and all its contents are deleted
    And the remaining blocks are auto-aligned within the section
    And the user can click undo to revert the deletion

Python:
from behave import given, when, then

@given('a block is selected and the toolbar is visible')
def step_given_block_selected_and_toolbar_visible(context):
    # Code to ensure a block is selected and toolbar is visible
    pass

@when('the user clicks on the delete icon')
def step_when_user_clicks_delete_icon(context):
    # Code to simulate clicking the delete icon
    pass

@then('the block and all its contents are deleted')
def step_then_block_and_contents_deleted(context):
    # Code to verify the block and its contents are deleted
    pass

@then('the remaining blocks are auto-aligned within the section')
def step_then_blocks_auto_aligned(context):
    # Code to verify remaining blocks are auto-aligned
    pass

@then('the user can click undo to revert the deletion')
def step_then_user_can_undo_deletion(context):
    # Code to verify undo functionality
    pass"
264,"PB - As a User, I want to re-order  Blocks, so I can re-order the Widgets within","Gherkin:
Feature: Reorder Blocks

  Scenario: User reorders blocks across different sections
    Given a user is on the page with multiple sections containing blocks
    And the user sees the toolbar for a selected block
    When the user clicks and holds the reorder icon
    And drags the block to another block area across different sections
    Then the blocks are reordered across the sections

Python:
from behave import given, when, then

@given('a user is on the page with multiple sections containing blocks')
def step_given_user_on_page_with_sections(context):
    pass

@given('the user sees the toolbar for a selected block')
def step_given_user_sees_toolbar(context):
    pass

@when('the user clicks and holds the reorder icon')
def step_when_user_clicks_and_holds_reorder_icon(context):
    pass

@when('drags the block to another block area across different sections')
def step_when_user_drags_block_across_sections(context):
    pass

@then('the blocks are reordered across the sections')
def step_then_blocks_are_reordered(context):
    pass"
265,"PB - As a User, I want to have an Image Widget (via URL)","Gherkin:
Feature: Image Widget Functionality

  Scenario: User adds an Image Widget and inputs a valid URL
    Given the user is on the page with a side panel
    When the user drags the Image Widget icon from the side panel to a Block
    Then the user should see the image placeholder icon in the Block
    When the user inputs a valid Image Resource URL in the side panel
    Then the image should be displayed in the Block

Python:
from behave import given, when, then

@given('the user is on the page with a side panel')
def step_given_user_on_page_with_side_panel(context):
    pass

@when('the user drags the Image Widget icon from the side panel to a Block')
def step_when_user_drags_image_widget(context):
    pass

@then('the user should see the image placeholder icon in the Block')
def step_then_user_sees_placeholder_icon(context):
    pass

@when('the user inputs a valid Image Resource URL in the side panel')
def step_when_user_inputs_valid_url(context):
    pass

@then('the image should be displayed in the Block')
def step_then_image_displayed_in_block(context):
    pass"
266,"PB - As a User, I want to edit Colour in  Text Widget (excl. eye dropper)","Gherkin:
Feature: Edit Colour in Text Widget

  Scenario: User edits text colour using Colour Swatch in Rich Text Editor
    Given the user is on the Text Widget page
    And the Rich Text Editor is visible
    When the user selects text in the Text Widget
    And the user opens the Colour Swatch
    And the user selects a new colour from the Colour Swatch
    Then the selected text colour changes to the new colour

Python:
from behave import given, when, then

@given('the user is on the Text Widget page')
def step_given_user_on_text_widget_page(context):
    pass

@given('the Rich Text Editor is visible')
def step_given_rich_text_editor_visible(context):
    pass

@when('the user selects text in the Text Widget')
def step_when_user_selects_text(context):
    pass

@when('the user opens the Colour Swatch')
def step_when_user_opens_colour_swatch(context):
    pass

@when('the user selects a new colour from the Colour Swatch')
def step_when_user_selects_new_colour(context):
    pass

@then('the selected text colour changes to the new colour')
def step_then_text_colour_changes(context):
    pass"
267,"PB - As a User, I want to have a Text Widget","Gherkin:
Feature: Text Widget Rich Text Editor

  Scenario: User uses the rich text editor within the Block
    Given the user is on the custom page V3
    When the user calls the rich text editor within the Block
    Then the editor should display with default functionalities
    And the user can input text to auto-extend the height
    And the user can delete the text

Python:
from behave import given, when, then

@given('the user is on the custom page V3')
def step_given_user_on_custom_page(context):
    # Code to navigate to the custom page V3
    pass

@when('the user calls the rich text editor within the Block')
def step_when_user_calls_editor(context):
    # Code to call the rich text editor within the Block
    pass

@then('the editor should display with default functionalities')
def step_then_editor_displays_default(context):
    # Code to verify the editor displays with default functionalities
    pass

@then('the user can input text to auto-extend the height')
def step_then_auto_extend_height(context):
    # Code to verify the text box auto-extends height
    pass

@then('the user can delete the text')
def step_then_user_can_delete_text(context):
    # Code to verify the user can delete the text
    pass"
268,"PB - As a User, I want to add a Widget to Block","Gherkin:
Feature: Add Widget to Block

  Scenario: User adds a widget to a block
    Given the user is on the widget toolbar
    When the user drags a widget to an existing block
    Then the widget is added to the block
    And the widget can be edited according to its type
    And the widget disappears if dragged outside any blocks

Python:
from behave import given, when, then

@given('the user is on the widget toolbar')
def step_given_user_on_widget_toolbar(context):
    pass

@when('the user drags a widget to an existing block')
def step_when_user_drags_widget_to_block(context):
    pass

@then('the widget is added to the block')
def step_then_widget_added_to_block(context):
    pass

@then('the widget can be edited according to its type')
def step_then_widget_can_be_edited(context):
    pass

@then('the widget disappears if dragged outside any blocks')
def step_then_widget_disappears_outside_blocks(context):
    pass"
269,"PB - As a User, I want to move Widgets across Blocks","Gherkin:
Feature: Reorder Widgets Across Blocks

  Scenario: Successfully reorder a Widget across Blocks in the same Section
    Given a Widget is added to a Block in a Section
    And the target Block in the same Section is empty
    When I click and hold the reorder icon on the Widget
    And I drag the Widget to the target Block
    Then the Widget is moved to the target Block
    And I see selecting and hovering effects while dragging

Python:
from behave import given, when, then

@given('a Widget is added to a Block in a Section')
def step_given_widget_added_to_block(context):
    pass

@given('the target Block in the same Section is empty')
def step_given_target_block_is_empty(context):
    pass

@when('I click and hold the reorder icon on the Widget')
def step_when_click_and_hold_reorder_icon(context):
    pass

@when('I drag the Widget to the target Block')
def step_when_drag_widget_to_target_block(context):
    pass

@then('the Widget is moved to the target Block')
def step_then_widget_moved_to_target_block(context):
    pass

@then('I see selecting and hovering effects while dragging')
def step_then_see_selecting_hovering_effects(context):
    pass"
270,"PB - As a User, I want to Undo & Redo any editing actions on Simple Page","Gherkin:
Feature: Undo and Redo Editing Actions

  Scenario: User can undo and redo an edit action
    Given the user is on the Simple Page Builder
    And the user has made an edit to a section
    When the user clicks the Undo button
    Then the edit is undone
    And the user hovers over the Redo button
    And the tooltip ""Redo"" is displayed
    When the user clicks the Redo button
    Then the edit is redone
    And the user hovers over the Undo button
    And the tooltip ""Undo"" is displayed

Python:
from behave import given, when, then

@given('the user is on the Simple Page Builder')
def step_given_user_on_simple_page_builder(context):
    pass

@given('the user has made an edit to a section')
def step_given_user_made_edit(context):
    pass

@when('the user clicks the Undo button')
def step_when_user_clicks_undo(context):
    pass

@then('the edit is undone')
def step_then_edit_is_undone(context):
    pass

@when('the user hovers over the Redo button')
def step_when_user_hovers_redo(context):
    pass

@then('the tooltip ""Redo"" is displayed')
def step_then_tooltip_redo_displayed(context):
    pass

@when('the user clicks the Redo button')
def step_when_user_clicks_redo(context):
    pass

@then('the edit is redone')
def step_then_edit_is_redone(context):
    pass

@when('the user hovers over the Undo button')
def step_when_user_hovers_undo(context):
    pass

@then('the tooltip ""Undo"" is displayed')
def step_then_tooltip_undo_displayed(context):
    pass"
271,"PB - As a User, I want to edit an existing Simple page in Simple Page Builder","Gherkin:
Feature: Edit an existing Simple page in Simple Page Builder

  Scenario: User edits and saves an existing Simple page
    Given a user has loaded a pre-saved Simple page
    When the user updates the page content
    And the user updates the page URL
    And the user clicks on save/publish
    Then the page updates are saved successfully

Python:
from behave import given, when, then

@given('a user has loaded a pre-saved Simple page')
def step_given_user_loaded_pre_saved_page(context):
    pass

@when('the user updates the page content')
def step_when_user_updates_page_content(context):
    pass

@when('the user updates the page URL')
def step_when_user_updates_page_url(context):
    pass

@when('the user clicks on save/publish')
def step_when_user_clicks_save_publish(context):
    pass

@then('the page updates are saved successfully')
def step_then_page_updates_saved_successfully(context):
    pass"
272,"PB - As a Dev, I want to have a dev only MCP setting to control the feature of Simple Page Builder","Gherkin:
Feature: Dev-only MCP setting for Simple Page Builder

  Scenario: Enable Simple Page Builder for development use
    Given I am in the Development Use Only Area
    And the dev-use only MCP setting is visible
    When I enable the Simple Page Builder setting
    Then I should be able to use the Simple Page Builder
    And I should not see the Simple Page option in the page creation popup if disabled

Python:
from behave import given, when, then

@given('I am in the Development Use Only Area')
def step_given_in_dev_area(context):
    pass

@given('the dev-use only MCP setting is visible')
def step_given_mcp_setting_visible(context):
    pass

@when('I enable the Simple Page Builder setting')
def step_when_enable_simple_page_builder(context):
    pass

@then('I should be able to use the Simple Page Builder')
def step_then_use_simple_page_builder(context):
    pass

@then('I should not see the Simple Page option in the page creation popup if disabled')
def step_then_no_simple_page_option(context):
    pass"
273,"As a user, I want to see footer actions like cancel, save as draft, next and submit (Single Database)","Gherkin:
Feature: Footer actions in record form

  Scenario: Display footer actions when MCP is ON
    Given MCP is ON
    When I create a footer component to replace renderButtonRow in recordForm
    Then I should see footer actions: cancel, save as draft, next, and submit

Python:
from behave import given, when, then

@given('MCP is ON')
def step_given_mcp_is_on(context):
    context.mcp_status = 'ON'

@when('I create a footer component to replace renderButtonRow in recordForm')
def step_when_create_footer_component(context):
    context.footer_component_created = True

@then('I should see footer actions: cancel, save as draft, next, and submit')
def step_then_see_footer_actions(context):
    assert context.footer_component_created
    context.footer_actions = ['cancel', 'save as draft', 'next', 'submit']
    assert context.footer_actions == ['cancel', 'save as draft', 'next', 'submit']"
274,"As a user, I want to easily identify where a section starts and ends","Gherkin:
Feature: Section Identification

  Scenario: User identifies section boundaries with MCP setting on
    Given the MCP setting is on
    When the user views a section
    Then the section has a background color
    And the section has a border-radius
    And the section has a border

Python:
from behave import given, when, then

@given('the MCP setting is on')
def step_given_mcp_setting_is_on(context):
    context.mcp_setting = True

@when('the user views a section')
def step_when_user_views_section(context):
    context.section_viewed = True

@then('the section has a background color')
def step_then_section_has_background_color(context):
    assert context.section_viewed
    assert context.mcp_setting
    # Add logic to verify background color

@then('the section has a border-radius')
def step_then_section_has_border_radius(context):
    assert context.section_viewed
    assert context.mcp_setting
    # Add logic to verify border-radius

@then('the section has a border')
def step_then_section_has_border(context):
    assert context.section_viewed
    assert context.mcp_setting
    # Add logic to verify border"
275,"As a user, I want to be able to change the width of the form","Gherkin:
Feature: Change form width

  Scenario: User changes the width of the form using the Expand/Collapse icon
    Given the form is displayed with the default width
    When the user clicks the Expand/Collapse icon
    Then the form width is changed
    And the footer width is changed
    And the Expand/Collapse state does not persist when the record is closed

Python:
from behave import given, when, then

@given('the form is displayed with the default width')
def step_given_form_displayed_with_default_width(context):
    # Code to ensure the form is displayed with default width
    pass

@when('the user clicks the Expand/Collapse icon')
def step_when_user_clicks_expand_collapse_icon(context):
    # Code to simulate clicking the Expand/Collapse icon
    pass

@then('the form width is changed')
def step_then_form_width_is_changed(context):
    # Code to verify the form width has changed
    pass

@then('the footer width is changed')
def step_then_footer_width_is_changed(context):
    # Code to verify the footer width has changed
    pass

@then('the Expand/Collapse state does not persist when the record is closed')
def step_then_expand_collapse_state_not_persist(context):
    # Code to verify the state does not persist
    pass"
276,"As a user, I want to be able to close the record","Gherkin:
Feature: Close a record

  Scenario: User closes a record successfully
    Given the user is viewing a record in Edit mode with unsaved changes
    When the user clicks the X button in the header
    And the user clicks the Close button in the footer
    Then a warning dialog is displayed with a message about unsaved changes

Python:
from behave import given, when, then

@given('the user is viewing a record in Edit mode with unsaved changes')
def step_given_user_viewing_record_with_unsaved_changes(context):
    pass

@when('the user clicks the X button in the header')
def step_when_user_clicks_x_button(context):
    pass

@when('the user clicks the Close button in the footer')
def step_when_user_clicks_close_button(context):
    pass

@then('a warning dialog is displayed with a message about unsaved changes')
def step_then_warning_dialog_displayed(context):
    pass"
277,"As a user, I want to be able to see the actions when in view and update mode","Gherkin:
Feature: Display actions in View and Update mode

  Scenario: User sees actions in View and Update mode
    Given the user is on the page in view mode
    When the user switches to update mode
    Then the actions are displayed

Python:
from behave import given, when, then

@given('the user is on the page in view mode')
def step_given_user_on_page_in_view_mode(context):
    pass

@when('the user switches to update mode')
def step_when_user_switches_to_update_mode(context):
    pass

@then('the actions are displayed')
def step_then_actions_are_displayed(context):
    pass"
278,"As a user, I want to see the seq ID of the record in the header","Gherkin:
Feature: Display sequence ID in the header

  Scenario: User sees the sequence ID in the header
    Given the user is on the record page
    When the page loads
    Then the sequence ID is displayed in a Chip component
    And the sequence ID is truncated with a tooltip
    And the user can copy the sequence ID using the copy icon

Python:
from behave import given, when, then

@given('the user is on the record page')
def step_given_user_on_record_page(context):
    pass

@when('the page loads')
def step_when_page_loads(context):
    pass

@then('the sequence ID is displayed in a Chip component')
def step_then_sequence_id_displayed_in_chip(context):
    pass

@then('the sequence ID is truncated with a tooltip')
def step_then_sequence_id_truncated_with_tooltip(context):
    pass

@then('the user can copy the sequence ID using the copy icon')
def step_then_user_can_copy_sequence_id(context):
    pass"
279,"As a user, I want to see the status of the record in the header","Gherkin:
Feature: Display record status in the header

  Scenario: User views the status of the record in the header
    Given a record with status ""Draft""
    When the user views the record
    Then the header displays the status ""Draft""

Python:
from behave import given, when, then

@given('a record with status ""{status}""')
def step_given_record_with_status(context, status):
    context.record_status = status

@when('the user views the record')
def step_when_user_views_record(context):
    context.viewed_status = context.record_status

@then('the header displays the status ""{expected_status}""')
def step_then_header_displays_status(context, expected_status):
    assert context.viewed_status == expected_status, f""Expected {expected_status}, but got {context.viewed_status}"""
280,"As a user, I want to see the database name and record name in the header","Gherkin:
Feature: Display database and record name in the header

  Scenario: User views the header with database and record name
    Given the user is on the page with the header
    When the header is displayed
    Then the header shows the clickable database name
    And the header shows the record name
    And the database name is truncated with a tooltip

Python:
from behave import given, when, then

@given('the user is on the page with the header')
def step_given_user_on_page_with_header(context):
    pass

@when('the header is displayed')
def step_when_header_is_displayed(context):
    pass

@then('the header shows the clickable database name')
def step_then_header_shows_clickable_database_name(context):
    pass

@then('the header shows the record name')
def step_then_header_shows_record_name(context):
    pass

@then('the database name is truncated with a tooltip')
def step_then_database_name_truncated_with_tooltip(context):
    pass"
281,"PB - As a User, I want the status of background Image added via Resource Lookup to be linked with Resource module","Gherkin:
Feature: Link background image status with Resource module

  Scenario: Link status of background image added via Resource Lookup
    Given a background image is added as a Page background via Resource Lookup
    When the image is linked with the derived Image resources in the Resource Module
    Then the status of the background image should be linked with the Resource module

Python:
from behave import given, when, then

@given('a background image is added as a Page background via Resource Lookup')
def step_given_background_image_added(context):
    # Code to add background image as Page background via Resource Lookup
    pass

@when('the image is linked with the derived Image resources in the Resource Module')
def step_when_image_linked(context):
    # Code to link image with derived Image resources in Resource Module
    pass

@then('the status of the background image should be linked with the Resource module')
def step_then_status_linked(context):
    # Code to verify the status of the background image is linked with Resource module
    pass"
282,"PB - (Misc) As a User, I want to select and upload more file formats via Resource Lookup in Page Builder","Gherkin:
Feature: Upload multiple file formats via Resource Lookup in Page Builder

  Scenario: User uploads files with automatic quality selection
    Given the user is on the Page Builder Resource Lookup
    When the user selects multiple file formats to upload
    Then the files are uploaded with Good quality automatically

Python:
from behave import given, when, then

@given('the user is on the Page Builder Resource Lookup')
def step_given_user_on_page_builder_resource_lookup(context):
    pass

@when('the user selects multiple file formats to upload')
def step_when_user_selects_multiple_file_formats(context):
    pass

@then('the files are uploaded with Good quality automatically')
def step_then_files_uploaded_with_good_quality(context):
    pass"
283,Guest Upload MVP: Add in new temporary MCP settings for this project,"Gherkin:
Feature: Manage MCP Settings

  Scenario: Display child settings when parent is enabled
    Given the parent setting ""Database - Public Records & Uploads (development use only)"" is enabled
    When I navigate to the settings page
    Then I should see the child settings for temporary MCP

Python:
from behave import given, when, then

@given('the parent setting ""Database - Public Records & Uploads (development use only)"" is enabled')
def step_given_parent_setting_enabled(context):
    context.parent_setting_enabled = True

@when('I navigate to the settings page')
def step_when_navigate_to_settings_page(context):
    context.page = ""settings""

@then('I should see the child settings for temporary MCP')
def step_then_see_child_settings(context):
    assert context.parent_setting_enabled is True
    assert context.page == ""settings""
    context.child_settings_visible = True"
284,Guest Upload MVP: All Save/Submit buttons to say 'Submit' for Public User and redirect to success message,"Gherkin:
Feature: Guest Upload MVP

  Scenario: Public user submits a form and sees a success message
    Given a public user is on the upload page
    When the user clicks the 'Submit' button
    Then the user is redirected to a success message page

Python:
from behave import given, when, then

@given('a public user is on the upload page')
def step_given_public_user_on_upload_page(context):
    context.browser.get('http://example.com/upload')

@when(""the user clicks the 'Submit' button"")
def step_when_user_clicks_submit(context):
    submit_button = context.browser.find_element_by_id('submit-button')
    submit_button.click()

@then('the user is redirected to a success message page')
def step_then_user_sees_success_message(context):
    success_message = context.browser.find_element_by_id('success-message')
    assert success_message.is_displayed()"
285,"PB - (Misc UI) As a User, I want to have tooltips around Widgets after combining with Blocks","Gherkin:
Feature: Tooltips on Image Widgets

  Scenario: Display updated tooltips on Image Resizing
    Given a user is on the page with Image Widgets combined with Blocks
    When the user hovers over the Image Resizing button
    Then the tooltip ""Image Fit"" is displayed

Python:
from behave import given, when, then

@given('a user is on the page with Image Widgets combined with Blocks')
def step_given_user_on_page_with_widgets(context):
    # Code to navigate to the page with Image Widgets and Blocks
    pass

@when('the user hovers over the Image Resizing button')
def step_when_user_hovers_over_button(context):
    # Code to simulate hovering over the Image Resizing button
    pass

@then('the tooltip ""Image Fit"" is displayed')
def step_then_tooltip_is_displayed(context):
    # Code to verify the tooltip ""Image Fit"" is displayed
    pass"
286,"PB - As a User, I want to edit (rename) an existing Page Category in Page Builder","Gherkin:
Feature: Edit Page Category in Page Builder

  Scenario: User renames an existing Page Category
    Given the user is on the Page Builder with an existing Page Category
    When the user clicks on the kebab button for the Page Category
    And the user selects ""Edit Page Category""
    Then the ""Edit Page Category"" pop-up is displayed
    And the user sees the info message ""Rename Page Category.""

Python:
from behave import given, when, then

@given('the user is on the Page Builder with an existing Page Category')
def step_given_user_on_page_builder(context):
    pass

@when('the user clicks on the kebab button for the Page Category')
def step_when_user_clicks_kebab_button(context):
    pass

@when('the user selects ""Edit Page Category""')
def step_when_user_selects_edit_page_category(context):
    pass

@then('the ""Edit Page Category"" pop-up is displayed')
def step_then_edit_page_category_popup_displayed(context):
    pass

@then('the user sees the info message ""Rename Page Category.""')
def step_then_user_sees_info_message(context):
    pass"
287,"PB - As a User, I should not see the Page Category dropdown when viewing Pages if none of them are assigned to Category","Gherkin:
Feature: Page Category Visibility

  Scenario: User views Pages without any assigned Category
    Given the user has access to view pages
    And none of the pages are assigned to any category
    When the user views the Pages
    Then the Page Category dropdown should not be visible

Python:
from behave import given, when, then

@given('the user has access to view pages')
def step_given_user_has_access_to_view_pages(context):
    # Code to ensure user has access to view pages
    pass

@given('none of the pages are assigned to any category')
def step_given_no_pages_assigned_to_category(context):
    # Code to ensure no pages are assigned to any category
    pass

@when('the user views the Pages')
def step_when_user_views_the_pages(context):
    # Code to simulate user viewing the pages
    pass

@then('the Page Category dropdown should not be visible')
def step_then_page_category_dropdown_not_visible(context):
    # Code to verify the Page Category dropdown is not visible
    pass"
288,"PB - As a User, I want to switch Page Categories when viewing a Page if there are multiple Page Categories","Gherkin:
Feature: Switch Page Categories

  Scenario: User switches Page Categories using the dropdown
    Given the user has permission to view multiple Page Categories
    And the user is on a Page with multiple Page Categories
    When the user selects a different Page Category from the dropdown
    Then the Pages under the selected Page Category are loaded

Python:
from behave import given, when, then

@given('the user has permission to view multiple Page Categories')
def step_given_user_has_permission(context):
    # Implement permission check logic
    pass

@given('the user is on a Page with multiple Page Categories')
def step_given_user_on_page_with_categories(context):
    # Implement logic to ensure user is on the correct page
    pass

@when('the user selects a different Page Category from the dropdown')
def step_when_user_selects_category(context):
    # Implement logic for selecting a category from the dropdown
    pass

@then('the Pages under the selected Page Category are loaded')
def step_then_pages_are_loaded(context):
    # Implement logic to verify pages are loaded
    pass"
289,"PB - As a User, I want to see Page Category being selected by default when viewing a Page as it's been assign to one","Gherkin:
Feature: Default Page Category Selection

  Scenario: Viewing a Page with a Default Category
    Given I am a user viewing a Page assigned to a Category
    When I view the Page
    Then the Page Category Name is displayed by default
    And the pages under the Category are loaded to the left side from Nav

Python:
from behave import given, when, then

@given('I am a user viewing a Page assigned to a Category')
def step_given_user_viewing_page(context):
    context.page = context.get_page_with_category()

@when('I view the Page')
def step_when_view_page(context):
    context.page.view()

@then('the Page Category Name is displayed by default')
def step_then_category_name_displayed(context):
    assert context.page.category_name_is_displayed()

@then('the pages under the Category are loaded to the left side from Nav')
def step_then_pages_loaded_left_nav(context):
    assert context.page.pages_loaded_in_nav()"
290,"PB - As a User, I want to un-assign a Page Category from an existing parent / standalone page","Gherkin:
Feature: Un-assign a Page Category from a Page

  Scenario: Successfully un-assign a Page Category from a standalone page
    Given I am on the page management interface
    And I have a standalone page assigned to a Page Category
    When I click on the ""Assign Page Category"" button
    And I select the option to un-assign the Page Category
    Then the standalone page should no longer be associated with the Page Category

Python:
from behave import given, when, then

@given('I am on the page management interface')
def step_given_on_page_management_interface(context):
    pass

@given('I have a standalone page assigned to a Page Category')
def step_given_standalone_page_assigned(context):
    pass

@when('I click on the ""Assign Page Category"" button')
def step_when_click_assign_button(context):
    pass

@when('I select the option to un-assign the Page Category')
def step_when_select_unassign_option(context):
    pass

@then('the standalone page should no longer be associated with the Page Category')
def step_then_page_no_longer_associated(context):
    pass"
291,"PB - As a User, I want to assign / re-assign an existing parent / standalone page to an existing Page Category","Gherkin:
Feature: Assign or Re-assign a Page to a Page Category

  Scenario: User assigns a standalone page to an existing Page Category
    Given a standalone page exists
    And an existing Page Category is available
    When the user clicks on the ""Assign Page Category"" button
    And selects the existing Page Category
    Then the standalone page is assigned to the selected Page Category

Python:
from behave import given, when, then

@given('a standalone page exists')
def step_given_standalone_page_exists(context):
    # Code to ensure a standalone page exists
    pass

@given('an existing Page Category is available')
def step_given_existing_page_category_available(context):
    # Code to ensure an existing Page Category is available
    pass

@when('the user clicks on the ""Assign Page Category"" button')
def step_when_user_clicks_assign_button(context):
    # Code to simulate clicking the Assign Page Category button
    pass

@when('selects the existing Page Category')
def step_when_user_selects_page_category(context):
    # Code to simulate selecting the existing Page Category
    pass

@then('the standalone page is assigned to the selected Page Category')
def step_then_page_assigned_to_category(context):
    # Code to verify the standalone page is assigned to the selected Page Category
    pass"
292,"PB - As a User, I want to customise the order of pages under All Pages and the order of pages under each Page Category","Gherkin:
Feature: Customise order of pages

  Scenario: User customises the order of pages under All Pages and Page Category
    Given the user is on the All Pages view
    And the user sees a list of pages
    When the user drags and drops a page to a new position
    Then the order of pages is updated under All Pages
    And the user navigates to a Page Category
    And the user sees a list of pages in the category
    When the user drags and drops a page to a new position in the category
    Then the order of pages is updated under the Page Category

Python:
from behave import given, when, then

@given('the user is on the All Pages view')
def step_given_user_on_all_pages_view(context):
    pass

@given('the user sees a list of pages')
def step_given_user_sees_list_of_pages(context):
    pass

@when('the user drags and drops a page to a new position')
def step_when_user_drags_and_drops_page(context):
    pass

@then('the order of pages is updated under All Pages')
def step_then_order_updated_all_pages(context):
    pass

@then('the user navigates to a Page Category')
def step_then_user_navigates_page_category(context):
    pass

@then('the user sees a list of pages in the category')
def step_then_user_sees_list_of_pages_category(context):
    pass

@when('the user drags and drops a page to a new position in the category')
def step_when_user_drags_and_drops_page_category(context):
    pass

@then('the order of pages is updated under the Page Category')
def step_then_order_updated_page_category(context):
    pass"
293,"PB - As a User, I want to delete an existing Page Category in Page Builder","Gherkin:
Feature: Delete Page Category in Page Builder

  Scenario: User deletes an existing Page Category
    Given the user is on the Page Builder with an existing Page Category
    When the user clicks on the kebab button next to the Page Category dropdown menu
    And the user selects ""Delete Page Category""
    Then the Page Category is successfully deleted

Python:
from behave import given, when, then

@given('the user is on the Page Builder with an existing Page Category')
def step_given_user_on_page_builder(context):
    # Code to ensure the user is on the Page Builder with an existing Page Category
    pass

@when('the user clicks on the kebab button next to the Page Category dropdown menu')
def step_when_user_clicks_kebab_button(context):
    # Code to simulate clicking the kebab button
    pass

@when('the user selects ""Delete Page Category""')
def step_when_user_selects_delete_page_category(context):
    # Code to simulate selecting ""Delete Page Category""
    pass

@then('the Page Category is successfully deleted')
def step_then_page_category_deleted(context):
    # Code to verify the Page Category is deleted
    pass"
294,"PB - As a User, I want to create a new Page Category in Page Builder","Gherkin:
Feature: Create a new Page Category in Page Builder

  Scenario: User creates a new Page Category
    Given the user is on the Page Builder dashboard
    When the user clicks on the kebab button
    And the user clicks on ""Add Page Category""
    Then the ""Add Page Category"" pop-up should be displayed

Python:
from behave import given, when, then

@given('the user is on the Page Builder dashboard')
def step_given_user_on_dashboard(context):
    pass

@when('the user clicks on the kebab button')
def step_when_user_clicks_kebab(context):
    pass

@when('the user clicks on ""Add Page Category""')
def step_when_user_clicks_add_page_category(context):
    pass

@then('the ""Add Page Category"" pop-up should be displayed')
def step_then_popup_displayed(context):
    pass"
295,"PB - As a User, I want to see & select Page Category in Page Builder","Gherkin:
Feature: Page Category Selection in Page Builder

  Scenario: User sees and selects Page Category in Page Builder
    Given the user is on the Page Builder via any page Edit action button
    When the user views the Page Category drop-down menu
    Then the user should see ""All Pages"" selected by default
    And the user should be able to see the Page Category options

Python:
from behave import given, when, then

@given('the user is on the Page Builder via any page Edit action button')
def step_given_user_on_page_builder(context):
    # Code to navigate to Page Builder via Edit action button
    pass

@when('the user views the Page Category drop-down menu')
def step_when_user_views_dropdown(context):
    # Code to check the visibility of the Page Category drop-down menu
    pass

@then('the user should see ""All Pages"" selected by default')
def step_then_all_pages_selected(context):
    # Code to verify ""All Pages"" is selected by default
    pass

@then('the user should be able to see the Page Category options')
def step_then_user_sees_category_options(context):
    # Code to verify the visibility of Page Category options
    pass"
296,"PB - [4/4] As an Internal User, I want to have MCP(development use only) settings to enable/disable features per Epic for Drag & Drop Page MVP ","Gherkin:
Feature: Manage MCP Settings for Drag & Drop Page

  Scenario: Enable Drag & Drop Pages - Page Category setting
    Given I am an Internal User on the Platform Settings page
    When I navigate to the Development Use only section
    And I enable the ""Drag & Drop Pages - Page Category (development use only)"" setting
    Then the setting should be enabled successfully

Python:
from behave import given, when, then

@given('I am an Internal User on the Platform Settings page')
def step_given_internal_user_on_platform_settings(context):
    pass

@when('I navigate to the Development Use only section')
def step_when_navigate_to_development_section(context):
    pass

@when('I enable the ""Drag & Drop Pages - Page Category (development use only)"" setting')
def step_when_enable_drag_and_drop_setting(context):
    pass

@then('the setting should be enabled successfully')
def step_then_setting_enabled_successfully(context):
    pass"
297,Guest Upload MVP: Mandatory Anti-Virus for all public uploads (even when not enabled in MCP),"Gherkin:
Feature: Guest Upload Virus Scanning

  Scenario: Guest uploads a file and it is scanned for viruses
    Given a guest user is on the upload page
    When the guest uploads a file
    Then the file is scanned for viruses
    And if a virus is detected, an error is shown with an explanation

Python:
from behave import given, when, then

@given('a guest user is on the upload page')
def step_given_guest_user_on_upload_page(context):
    # Code to navigate to the upload page as a guest user
    pass

@when('the guest uploads a file')
def step_when_guest_uploads_file(context):
    # Code to simulate file upload by guest user
    pass

@then('the file is scanned for viruses')
def step_then_file_scanned_for_viruses(context):
    # Code to ensure the file is scanned for viruses
    pass

@then('if a virus is detected, an error is shown with an explanation')
def step_then_virus_detected_error_shown(context):
    # Code to check if a virus is detected and error is shown
    pass"
298,"PB - (Misc) As a User, I want to be informed why the Page cannot be saved in Page Builder if it's beyond the set Page limit in MCP","Gherkin:
Feature: Page Save Limit Notification

  Scenario: User is informed when page limit is reached in Page Builder
    Given the user is in Page Builder
    And the D&D page limit in MCP has been reached
    When the user clicks the Save button on the top bar
    Then a warning snack bar with message ""Page limit of 10 reached."" is displayed

Python:
from behave import given, when, then

@given('the user is in Page Builder')
def step_given_user_in_page_builder(context):
    pass

@given('the D&D page limit in MCP has been reached')
def step_given_page_limit_reached(context):
    pass

@when('the user clicks the Save button on the top bar')
def step_when_user_clicks_save(context):
    pass

@then('a warning snack bar with message ""Page limit of 10 reached."" is displayed')
def step_then_warning_snack_bar_displayed(context):
    pass"
299,[Ask AI Alpha] As a user I want to choose to search whole platform or current location (Logic: Filter/Search results limit),"Gherkin:
Feature: Search functionality with location filter

  Scenario: User searches with the default 'Limit to current view' option enabled
    Given the user opens the search panel
    And the 'Limit to current view' checkbox is enabled by default
    When the user asks a question
    Then the search results are limited to the current location

Python:
from behave import given, when, then

@given('the user opens the search panel')
def step_impl(context):
    context.search_panel.open()

@given('the ""Limit to current view"" checkbox is enabled by default')
def step_impl(context):
    assert context.search_panel.is_checkbox_enabled()

@when('the user asks a question')
def step_impl(context):
    context.search_panel.ask_question(""What is the weather today?"")

@then('the search results are limited to the current location')
def step_impl(context):
    assert context.search_panel.results_are_limited_to_location()"
300,"[V3 Move] Resources - Info/Preview Page: When Resource is Pending, hide Move action in this page","Gherkin:
Feature: Hide Move action when resource is pending

  Scenario: Resource is pending and Move action is hidden
    Given a resource is in a pending publish request
    When the user accesses the Info Preview page via Workflow actions
    Then the Move action should not appear in the Info Preview actions

Python:
from behave import given, when, then

@given('a resource is in a pending publish request')
def step_given_resource_pending(context):
    context.resource_status = 'pending'

@when('the user accesses the Info Preview page via Workflow actions')
def step_when_user_accesses_info_preview(context):
    context.page_accessed = 'Info Preview'

@then('the Move action should not appear in the Info Preview actions')
def step_then_move_action_hidden(context):
    assert 'Move' not in context.page_accessed_actions"
301,"PB - As a User, I want to have previous 'Block' background colour setting embedded in Text Widget toolbar after combining these two","Gherkin:
Feature: Embed previous 'Block' background colour setting in Text Widget toolbar

  Scenario: User sets the background colour for Text Widget
    Given the user has a previous 'Block' background colour setting
    When the user combines the 'Block' with the Text Widget
    And the user clicks on the background colour setting in the Text Widget toolbar
    Then the colour swatch popover opens
    And the user sets a new colour for the Text Widget background

Python:
from behave import given, when, then

@given('the user has a previous \'Block\' background colour setting')
def step_given_previous_block_background_colour(context):
    pass

@when('the user combines the \'Block\' with the Text Widget')
def step_when_combine_block_with_text_widget(context):
    pass

@when('the user clicks on the background colour setting in the Text Widget toolbar')
def step_when_click_background_colour_setting(context):
    pass

@then('the colour swatch popover opens')
def step_then_colour_swatch_popover_opens(context):
    pass

@then('the user sets a new colour for the Text Widget background')
def step_then_set_new_colour_for_text_widget(context):
    pass"
302,"PB - As a User, I want to configure both Block and Video Widget properties","Gherkin:
Feature: Configure Widget Properties

  Scenario: Configure Video Widget Properties
    Given the user navigates to the widget settings page
    When the user selects the Video Widget
    And the user enters a valid Video URL
    Then the Video Widget settings are saved successfully

Python:
from behave import given, when, then

@given('the user navigates to the widget settings page')
def step_impl(context):
    pass

@when('the user selects the Video Widget')
def step_impl(context):
    pass

@when('the user enters a valid Video URL')
def step_impl(context):
    pass

@then('the Video Widget settings are saved successfully')
def step_impl(context):
    pass"
303,"PB - As a User, I want to configure both Block and Image Widget properties","Gherkin:
Feature: Configure Image Widget Properties

  Scenario: User configures Image Widget properties from Nav
    Given the user is on the widget configuration page
    When the user selects the Image Widget
    And the user inputs a valid Image URL
    And the user performs a resource lookup
    Then the Image Widget properties should be updated successfully

Python:
from behave import given, when, then

@given('the user is on the widget configuration page')
def step_given_user_on_widget_configuration_page(context):
    pass

@when('the user selects the Image Widget')
def step_when_user_selects_image_widget(context):
    pass

@when('the user inputs a valid Image URL')
def step_when_user_inputs_valid_image_url(context):
    pass

@when('the user performs a resource lookup')
def step_when_user_performs_resource_lookup(context):
    pass

@then('the Image Widget properties should be updated successfully')
def step_then_image_widget_properties_updated(context):
    pass"
304,"PB - As a User, I want to configure both Block and Text Widget properties","Gherkin:
Feature: Configure Widget Properties

  Scenario: User configures Text Widget properties
    Given the user navigates to the widget settings page
    When the user selects the Text Widget
    And the user sets the padding to ""10px""
    Then the Text Widget padding should be updated to ""10px""

Python:
from behave import given, when, then

@given('the user navigates to the widget settings page')
def step_given_navigate_to_widget_settings(context):
    pass

@when('the user selects the Text Widget')
def step_when_select_text_widget(context):
    pass

@when('the user sets the padding to ""{padding}""')
def step_when_set_padding(context, padding):
    pass

@then('the Text Widget padding should be updated to ""{padding}""')
def step_then_verify_padding(context, padding):
    pass"
305,"PB - As a User, I want to configure both Block and Button Widget properties","Gherkin:
Feature: Configure Widget Properties

  Scenario: Configure Button Widget Properties
    Given I am on the widget configuration page
    When I select the Button widget from the navigation
    And I set the Button Text to ""Submit""
    And I set the Button Link to ""http://example.com""
    Then the Button widget should be configured with the new settings

Python:
from behave import given, when, then

@given('I am on the widget configuration page')
def step_given_on_widget_configuration_page(context):
    pass

@when('I select the Button widget from the navigation')
def step_when_select_button_widget(context):
    pass

@when('I set the Button Text to ""Submit""')
def step_when_set_button_text(context):
    pass

@when('I set the Button Link to ""http://example.com""')
def step_when_set_button_link(context):
    pass

@then('the Button widget should be configured with the new settings')
def step_then_button_widget_configured(context):
    pass"
306,[Ask AI Alpha] As a user I want to choose to search whole platform or current location (Logic: Folder location limit),"Gherkin:
Feature: Search Limitation

  Scenario: User searches with the default 'Limit to current view' option enabled
    Given the user opens the search panel
    When the user sees the 'Limit to current view' checkbox
    Then the 'Limit to current view' checkbox is enabled by default

Python:
from behave import given, when, then

@given('the user opens the search panel')
def step_given_user_opens_search_panel(context):
    context.panel.open()

@when(""the user sees the 'Limit to current view' checkbox"")
def step_when_user_sees_checkbox(context):
    context.checkbox = context.panel.find_checkbox('Limit to current view')

@then(""the 'Limit to current view' checkbox is enabled by default"")
def step_then_checkbox_is_enabled(context):
    assert context.checkbox.is_enabled()"
307,"3-1. As a User, I want to resize Image Widget by dragging image itself when creating/editing a Page","Gherkin:
Feature: Resize Image Widget by dragging

  Scenario: User resizes Image Widget by dragging
    Given the user has dragged an Image Widget into a Section
    When the user clicks and drags a dot on the Image Widget
    Then the dotted line of the Image and bounding box with 8px padding is visible
    And the Image Widget's outer bounding box border line is visible
    And the Image size changes within the 'Block'

Python:
from behave import given, when, then

@given('the user has dragged an Image Widget into a Section')
def step_given_user_dragged_image_widget(context):
    # Code to simulate dragging an Image Widget into a Section
    pass

@when('the user clicks and drags a dot on the Image Widget')
def step_when_user_drags_dot(context):
    # Code to simulate clicking and dragging a dot on the Image Widget
    pass

@then('the dotted line of the Image and bounding box with 8px padding is visible')
def step_then_dotted_line_visible(context):
    # Code to verify the dotted line and bounding box with 8px padding is visible
    pass

@then(""the Image Widget's outer bounding box border line is visible"")
def step_then_outer_bounding_box_visible(context):
    # Code to verify the outer bounding box border line is visible
    pass

@then('the Image size changes within the ""Block""')
def step_then_image_size_changes(context):
    # Code to verify the Image size changes within the 'Block'
    pass"
308,"4-1. As a User, I want to resize Image Widget by Width slider from Nav","Gherkin:
Feature: Resize Image Widget by Width Slider

  Scenario: User resizes Image Widget using Width slider from Nav
    Given the user is on the page with the Image Widget
    And the Image Widget is displayed within its Block
    When the user adjusts the Width slider from the Nav Panel
    Then the Image Widget's width changes according to the slider
    And the Image Widget maintains its horizontal percentage within the Block
    And the user can still resize the Widget by dragging the dot line

Python:
from behave import given, when, then

@given('the user is on the page with the Image Widget')
def step_given_user_on_page_with_image_widget(context):
    pass

@given('the Image Widget is displayed within its Block')
def step_given_image_widget_displayed_within_block(context):
    pass

@when('the user adjusts the Width slider from the Nav Panel')
def step_when_user_adjusts_width_slider(context):
    pass

@then(""the Image Widget's width changes according to the slider"")
def step_then_image_widget_width_changes(context):
    pass

@then('the Image Widget maintains its horizontal percentage within the Block')
def step_then_image_widget_maintains_horizontal_percentage(context):
    pass

@then('the user can still resize the Widget by dragging the dot line')
def step_then_user_can_resize_widget_by_dragging(context):
    pass"
309,"3-2. As a User, I want to reposition Image Widget by dragging image itself when create/editing a Page","Gherkin:
Feature: Reposition Image Widget by dragging

  Scenario: User drags and repositions the Image Widget on a Page
    Given the user is on the Page editor
    And the Image Widget is in a Section
    When the user drags the Image Widget to a new position
    Then the dotted line of the Image and bounding box with 8px padding is visible
    And the Image Widget’s outer bounding box border line is visible

Python:
from behave import given, when, then

@given('the user is on the Page editor')
def step_given_user_on_page_editor(context):
    pass

@given('the Image Widget is in a Section')
def step_given_image_widget_in_section(context):
    pass

@when('the user drags the Image Widget to a new position')
def step_when_user_drags_image_widget(context):
    pass

@then('the dotted line of the Image and bounding box with 8px padding is visible')
def step_then_dotted_line_and_bounding_box_visible(context):
    pass

@then('the Image Widget’s outer bounding box border line is visible')
def step_then_outer_bounding_box_border_line_visible(context):
    pass"
310,"4-2. As a User, I want the position and size that I set of the image to still work in different responsive modes","Gherkin:
Feature: Responsive Image Position and Size

  Scenario: Maintain image position and size across responsive modes
    Given the user is on the image editing page
    And the user has resized the image by dragging the dots
    And the user has repositioned the image by dragging it
    When the user switches to mobile mode
    Then the image should maintain the same horizontal percentage with the block
    When the user switches to tablet mode
    Then the image should maintain the same horizontal percentage with the block
    When the user switches to desktop mode
    Then the image should maintain the same horizontal percentage with the block

Python:
from behave import given, when, then

@given('the user is on the image editing page')
def step_given_user_on_image_editing_page(context):
    pass

@given('the user has resized the image by dragging the dots')
def step_given_user_resized_image(context):
    pass

@given('the user has repositioned the image by dragging it')
def step_given_user_repositioned_image(context):
    pass

@when('the user switches to mobile mode')
def step_when_user_switches_to_mobile_mode(context):
    pass

@then('the image should maintain the same horizontal percentage with the block')
def step_then_image_maintains_horizontal_percentage(context):
    pass

@when('the user switches to tablet mode')
def step_when_user_switches_to_tablet_mode(context):
    pass

@when('the user switches to desktop mode')
def step_when_user_switches_to_desktop_mode(context):
    pass"
311,"2-3. As a User, I want to Undo & Redo resizing & repositioning","Gherkin:
Feature: Undo and Redo resizing and repositioning

  Scenario: User undoes and redoes resizing of an image
    Given the user has resized the image by dragging the dots
    When the user clicks on Undo from the top bar
    Then the image returns to its original size
    When the user clicks on Redo from the top bar
    Then the image returns to the resized state

Python:
from behave import given, when, then

@given('the user has resized the image by dragging the dots')
def step_given_user_resized_image(context):
    # Code to simulate resizing the image by dragging the dots
    pass

@when('the user clicks on Undo from the top bar')
def step_when_user_clicks_undo(context):
    # Code to simulate clicking Undo
    pass

@then('the image returns to its original size')
def step_then_image_original_size(context):
    # Code to verify the image is back to its original size
    pass

@when('the user clicks on Redo from the top bar')
def step_when_user_clicks_redo(context):
    # Code to simulate clicking Redo
    pass

@then('the image returns to the resized state')
def step_then_image_resized_state(context):
    # Code to verify the image is back to the resized state
    pass"
312,"2-4. As a User, I want to set Image Fit & Position via Nav Panel","Gherkin:
Feature: Set Image Fit & Position via Nav Panel

  Scenario: User sets Image Fit to Cover mode
    Given the user has entered a valid image URL
    And the image is successfully loaded in the Image Widget
    When the user selects ""Cover"" mode from the Nav Panel
    Then the image should be resized and cropped to fit in cover mode

Python:
from behave import given, when, then

@given('the user has entered a valid image URL')
def step_given_valid_image_url(context):
    # Code to simulate entering a valid image URL
    pass

@given('the image is successfully loaded in the Image Widget')
def step_given_image_loaded(context):
    # Code to verify the image is loaded in the widget
    pass

@when('the user selects ""Cover"" mode from the Nav Panel')
def step_when_select_cover_mode(context):
    # Code to simulate selecting ""Cover"" mode
    pass

@then('the image should be resized and cropped to fit in cover mode')
def step_then_image_resized_cropped(context):
    # Code to verify the image is resized and cropped correctly
    pass"
313,"PB - As a User, I want to see Drag & Drop Page thumbnails as preview in Custom Page v2 index page","Gherkin:
Feature: Preview Drag & Drop Page Thumbnails

  Scenario: User previews Drag & Drop Page thumbnails in Custom Page v2 index page
    Given the user is on the Custom Page v2 index page
    When the user views the page in List layout
    Then the user should see Drag & Drop Page thumbnails as previews
    When the user switches to thumb layout
    Then the user should see Drag & Drop Page thumbnails as previews

Python:
from behave import given, when, then

@given('the user is on the Custom Page v2 index page')
def step_given_user_on_custom_page_v2_index(context):
    # Code to navigate to the Custom Page v2 index page
    pass

@when('the user views the page in List layout')
def step_when_user_views_list_layout(context):
    # Code to set the page view to List layout
    pass

@then('the user should see Drag & Drop Page thumbnails as previews')
def step_then_user_sees_thumbnails_in_list(context):
    # Code to verify thumbnails are visible in List layout
    pass

@when('the user switches to thumb layout')
def step_when_user_switches_to_thumb_layout(context):
    # Code to switch the page view to thumb layout
    pass

@then('the user should see Drag & Drop Page thumbnails as previews')
def step_then_user_sees_thumbnails_in_thumb(context):
    # Code to verify thumbnails are visible in thumb layout
    pass"
314,Conditional Reviewers: Re-assign should only be supported when Condition Set has 'Required Approvals' set to 'One',"Gherkin:
Feature: Conditional Reviewer Re-assignment

  Scenario: Re-assign reviewers when 'Required Approvals' is set to 'One'
    Given a Condition Set with 'Required Approvals' set to 'One'
    When the user attempts to re-assign a reviewer
    Then the reviewer is successfully re-assigned

Python:
from behave import given, when, then

@given(""a Condition Set with 'Required Approvals' set to 'One'"")
def step_given_condition_set_with_required_approvals(context):
    context.condition_set = {'Required Approvals': 'One'}

@when(""the user attempts to re-assign a reviewer"")
def step_when_user_attempts_reassign(context):
    context.reassign_attempt = True

@then(""the reviewer is successfully re-assigned"")
def step_then_reviewer_reassigned(context):
    assert context.reassign_attempt is True"
315,"[Ask AI Alpha] As a user, I want the Q&A system not to include any deleted documents ","Gherkin:
Feature: Exclude Deleted Documents from Q&A System

  Scenario: User asks a question and deleted documents are excluded
    Given a set of documents including deleted ones
    When the user asks a question
    Then the answer should not include information from deleted documents

Python:
from behave import given, when, then

@given('a set of documents including deleted ones')
def step_given_set_of_documents(context):
    context.documents = ['doc1', 'doc2', 'deleted_doc']
    context.deleted_documents = ['deleted_doc']

@when('the user asks a question')
def step_when_user_asks_question(context):
    context.question = ""What is the content of the documents?""
    context.answer = [doc for doc in context.documents if doc not in context.deleted_documents]

@then('the answer should not include information from deleted documents')
def step_then_answer_excludes_deleted(context):
    assert 'deleted_doc' not in context.answer"
316,"[Ask AI Alpha] As a user, I want my newly uploaded documents to be ingested by the Q&A system","Gherkin:
Feature: Document Ingestion for Q&A System

  Scenario: Ingest newly uploaded documents when vector search is enabled
    Given the MCP setting ""Enable vector search - text (V3) (development use only)"" is enabled
    When I upload a new document to the system
    Then the document should be ingested and indexed for search

Python:
from behave import given, when, then

@given('the MCP setting ""Enable vector search - text (V3) (development use only)"" is enabled')
def step_given_vector_search_enabled(context):
    context.vector_search_enabled = True

@when('I upload a new document to the system')
def step_when_upload_document(context):
    context.document_uploaded = True

@then('the document should be ingested and indexed for search')
def step_then_document_ingested(context):
    assert context.vector_search_enabled
    assert context.document_uploaded
    context.document_ingested = True"
317,"PB - (Misc) As a User, I want to set auto-play as default or not for Video Widgets when viewing a Smart Page","Gherkin:
Feature: Set auto-play for Video Widgets

  Scenario: User sets auto-play as default for Video Widgets
    Given a Smart Page with a Video Widget
    And the auto-play button is unchecked by default
    When the user checks the auto-play button
    Then the Video Widget should auto-play on viewing

Python:
from behave import given, when, then

@given('a Smart Page with a Video Widget')
def step_given_smart_page_with_video_widget(context):
    context.smart_page = SmartPage()
    context.video_widget = context.smart_page.add_video_widget()

@given('the auto-play button is unchecked by default')
def step_given_auto_play_button_unchecked(context):
    assert not context.video_widget.is_auto_play_checked()

@when('the user checks the auto-play button')
def step_when_user_checks_auto_play_button(context):
    context.video_widget.set_auto_play(True)

@then('the Video Widget should auto-play on viewing')
def step_then_video_widget_auto_plays(context):
    assert context.video_widget.will_auto_play()"
318,"[Ask AI Alpha] As a Main Admin user, only I and other Main Admins can use 'Ask AI' in Alpha phase","Gherkin:
Feature: Access control for 'Ask AI' in Alpha phase

  Scenario: Main Admin user can see the 'AI Assist' button
    Given I am logged in as a Main Admin user
    When I navigate to the dashboard
    Then I should see the 'AI Assist' button

Python:
from behave import given, when, then

@given('I am logged in as a Main Admin user')
def step_given_logged_in_as_main_admin(context):
    context.user_role = 'Main Admin'
    context.logged_in = True

@when('I navigate to the dashboard')
def step_when_navigate_to_dashboard(context):
    context.on_dashboard = True

@then('I should see the \'AI Assist\' button')
def step_then_see_ai_assist_button(context):
    assert context.user_role == 'Main Admin' and context.on_dashboard
    context.see_ai_assist_button = True
    assert context.see_ai_assist_button is True"
319,[Ask AI Alpha] As a user when button is clicked the 'Ask AI' side panel slides in (overall side panel component),"Gherkin:
Feature: Ask AI Side Panel

  Scenario: Open side panel when 'Ask AI' button is clicked on desktop
    Given I am on the desktop version of the application
    When I click the 'Ask AI' button
    Then the side panel should slide in from the right

Python:
from behave import given, when, then

@given('I am on the desktop version of the application')
def step_given_on_desktop_version(context):
    # Code to ensure the application is in desktop mode
    pass

@when(""I click the 'Ask AI' button"")
def step_when_click_ask_ai_button(context):
    # Code to simulate clicking the 'Ask AI' button
    pass

@then('the side panel should slide in from the right')
def step_then_side_panel_slides_in(context):
    # Code to verify the side panel slides in from the right
    pass"
320,[Ask AI Alpha] As a user I want to see the 'Ask AI' side panel header and see help tooltip there,"Gherkin:
Feature: Display 'Ask AI' side panel header with help tooltip

  Scenario: User sees 'Ask AI' header and help tooltip in the side panel
    Given the user is on the main application page
    When the user opens the 'Ask AI' side panel
    Then the 'Ask AI' header is displayed
    And a help tooltip icon is displayed next to the 'Ask AI' header
    And the tooltip text displays 'Ask AI to summarize an answer from your documents. Enable 'Current view' to narrow your search to your current folder location and search only.' on hover

Python:
from behave import given, when, then

@given('the user is on the main application page')
def step_given_user_on_main_page(context):
    pass

@when(""the user opens the 'Ask AI' side panel"")
def step_when_user_opens_ask_ai_panel(context):
    pass

@then(""the 'Ask AI' header is displayed"")
def step_then_ask_ai_header_displayed(context):
    pass

@then(""a help tooltip icon is displayed next to the 'Ask AI' header"")
def step_then_help_tooltip_icon_displayed(context):
    pass

@then(""the tooltip text displays 'Ask AI to summarize an answer from your documents. Enable 'Current view' to narrow your search to your current folder location and search only.' on hover"")
def step_then_tooltip_text_displayed_on_hover(context):
    pass"
321,[Ask AI Alpha] As a user I want to close the 'Ask AI' side panel,"Gherkin:
Feature: Close the Ask AI side panel

  Scenario: User closes the Ask AI side panel
    Given the Ask AI side panel is open
    When the user clicks the close icon in the header section
    Then the Ask AI side panel should be closed

Python:
from behave import given, when, then

@given('the Ask AI side panel is open')
def step_given_ask_ai_side_panel_is_open(context):
    # Code to ensure the side panel is open
    pass

@when('the user clicks the close icon in the header section')
def step_when_user_clicks_close_icon(context):
    # Code to simulate clicking the close icon
    pass

@then('the Ask AI side panel should be closed')
def step_then_ask_ai_side_panel_should_be_closed(context):
    # Code to verify the side panel is closed
    pass"
322,[Ask AI Alpha] As a user I want to enter a question in 'Ask AI' field,"Gherkin:
Feature: Ask AI Question Field

  Scenario: User enters a question in the Ask AI field
    Given the user is on the Ask AI page
    When the user sees the question field
    Then the question field should be displayed as a text field under the panel header
    And the question field should have the placeholder text ""Ask me a question""

Python:
from behave import given, when, then

@given('the user is on the Ask AI page')
def step_given_user_on_ask_ai_page(context):
    pass

@when('the user sees the question field')
def step_when_user_sees_question_field(context):
    pass

@then('the question field should be displayed as a text field under the panel header')
def step_then_question_field_displayed(context):
    pass

@then('the question field should have the placeholder text ""Ask me a question""')
def step_then_question_field_placeholder(context):
    pass"
323,[Ask AI Alpha] As a user I can click 'Ask' button to trigger search AI (or can click enter),"Gherkin:
Feature: Ask AI Alpha button functionality

  Scenario: User triggers search AI by clicking 'Ask' button
    Given the panel is open
    And the 'Ask' button is displayed under the question field
    And the 'Ask' button is disabled
    When the user enters a question
    Then the 'Ask' button is enabled
    And the hover text is 'Click or hit enter to ask your question.'
    When the user clicks the 'Ask' button
    Then the search AI is triggered

Python:
from behave import given, when, then

@given('the panel is open')
def step_given_panel_is_open(context):
    pass

@given(""the 'Ask' button is displayed under the question field"")
def step_given_ask_button_displayed(context):
    pass

@given(""the 'Ask' button is disabled"")
def step_given_ask_button_disabled(context):
    pass

@when('the user enters a question')
def step_when_user_enters_question(context):
    pass

@then(""the 'Ask' button is enabled"")
def step_then_ask_button_enabled(context):
    pass

@then(""the hover text is 'Click or hit enter to ask your question.'"")
def step_then_hover_text_displayed(context):
    pass

@when(""the user clicks the 'Ask' button"")
def step_when_user_clicks_ask_button(context):
    pass

@then('the search AI is triggered')
def step_then_search_ai_triggered(context):
    pass"
324,[Ask AI Alpha] As a user I want to choose to search whole platform or current location (UI + pendo),"Gherkin:
Feature: Search functionality on Ask AI Alpha

  Scenario: User searches with 'Limit to current view' enabled by default
    Given the user opens the search panel
    When the user views the search options
    Then the 'Limit to current view' checkbox is enabled by default

Python:
from behave import given, when, then

@given('the user opens the search panel')
def step_impl(context):
    context.panel.open()

@when('the user views the search options')
def step_impl(context):
    context.search_options = context.panel.get_search_options()

@then(""the 'Limit to current view' checkbox is enabled by default"")
def step_impl(context):
    assert context.search_options['limit_to_current_view'].is_enabled()"
325,[Ask AI Alpha] As a user I can tell when results are being loaded,"Gherkin:
Feature: Display loading indicator while fetching and building results

  Scenario: User sees loading wheel on 'Ask' button while results are loading
    Given the user has entered a query
    When the user clicks the 'Ask' button
    Then a loading wheel appears on the 'Ask' button
    And the loading wheel remains visible while the answer is being fetched and built
    And the loading wheel disappears when the answer is fully built

Python:
from behave import given, when, then

@given('the user has entered a query')
def step_given_user_has_entered_query(context):
    context.query = ""example query""

@when('the user clicks the \'Ask\' button')
def step_when_user_clicks_ask_button(context):
    context.button_clicked = True

@then('a loading wheel appears on the \'Ask\' button')
def step_then_loading_wheel_appears(context):
    assert context.button_clicked
    context.loading_wheel_visible = True

@then('the loading wheel remains visible while the answer is being fetched and built')
def step_then_loading_wheel_remains_visible(context):
    assert context.loading_wheel_visible

@then('the loading wheel disappears when the answer is fully built')
def step_then_loading_wheel_disappears(context):
    context.loading_wheel_visible = False
    assert not context.loading_wheel_visible"
326,[Ask AI Alpha] As a user I get informed if there is no answer and advised to update my question to try again,"Gherkin:
Feature: Inform user when no answer is available

  Scenario: User is informed and advised to update question when no answer is found
    Given the user has asked a question
    When the system cannot find an answer
    Then the user is shown a message to try asking something else

Python:
from behave import given, when, then

@given('the user has asked a question')
def step_given_user_has_asked_a_question(context):
    context.question = ""Some question""

@when('the system cannot find an answer')
def step_when_system_cannot_find_an_answer(context):
    context.answer_found = False

@then('the user is shown a message to try asking something else')
def step_then_user_is_shown_retry_message(context):
    if not context.answer_found:
        context.message = ""We are unable to assist with that query at the moment. Try asking something else.""
        assert context.message == ""We are unable to assist with that query at the moment. Try asking something else."""
327,[Ask AI Alpha] As a user I get informed if there is an tech error (generic error handling),"Gherkin:
Feature: Display error message for technical issues

  Scenario: User is informed of a technical error
    Given the user is using the application
    When an unexpected technical error occurs
    Then the user sees the error message ""We are having some technical issues. Try again later.""

Python:
from behave import given, when, then

@given('the user is using the application')
def step_given_user_using_application(context):
    pass

@when('an unexpected technical error occurs')
def step_when_unexpected_technical_error_occurs(context):
    pass

@then('the user sees the error message ""We are having some technical issues. Try again later.""')
def step_then_user_sees_error_message(context):
    pass"
328,[Ask AI Alpha] As a user I can see the answer (in scrollable field),"Gherkin:
Feature: Display answer in a scrollable field

  Scenario: User sees the answer in a scrollable field
    Given the user has entered a query in the search bar
    When the system returns an answer
    Then the answer field is displayed under the search bar
    And the answer field expands as the answer is built
    And the answer field becomes scrollable when a fixed height is reached

Python:
from behave import given, when, then

@given('the user has entered a query in the search bar')
def step_given_user_entered_query(context):
    pass

@when('the system returns an answer')
def step_when_system_returns_answer(context):
    pass

@then('the answer field is displayed under the search bar')
def step_then_answer_field_displayed(context):
    pass

@then('the answer field expands as the answer is built')
def step_then_answer_field_expands(context):
    pass

@then('the answer field becomes scrollable when a fixed height is reached')
def step_then_answer_field_scrollable(context):
    pass"
329,[Ask AI Alpha] As a user I can see the Sources listed below the answer and click to open in new tab,"Gherkin:
Feature: Display Sources for AI Answer

  Scenario: User sees sources listed below the answer and can open them in a new tab
    Given the user has asked a question
    When the AI returns an answer
    Then the sources are displayed below the answer
    And the user can click a source to open it in a new tab

Python:
from behave import given, when, then

@given('the user has asked a question')
def step_given_user_asked_question(context):
    context.user_asked_question = True

@when('the AI returns an answer')
def step_when_ai_returns_answer(context):
    context.ai_answer_returned = True

@then('the sources are displayed below the answer')
def step_then_sources_displayed(context):
    assert context.ai_answer_returned is True
    context.sources_displayed = True

@then('the user can click a source to open it in a new tab')
def step_then_user_can_click_source(context):
    assert context.sources_displayed is True
    context.source_opened_in_new_tab = True"
330,[Ask AI Alpha] As a user I want to copy the answer to my clipboard,"Gherkin:
Feature: Copy answer to clipboard

  Scenario: User copies the answer to the clipboard
    Given the answer is complete
    When the user clicks the copy icon
    Then the hover text displays ""Click to copy this answer to your clipboard.""
    And a success snackbar confirms ""Copied to clipboard""

Python:
from behave import given, when, then

@given('the answer is complete')
def step_given_answer_is_complete(context):
    pass

@when('the user clicks the copy icon')
def step_when_user_clicks_copy_icon(context):
    pass

@then('the hover text displays ""Click to copy this answer to your clipboard.""')
def step_then_hover_text_displays(context):
    pass

@then('a success snackbar confirms ""Copied to clipboard""')
def step_then_success_snackbar_confirms(context):
    pass"
331,[Ask AI Alpha] As a user I can clear my search to enter another (or cancel current search),"Gherkin:
Feature: Clear search functionality

  Scenario: User clears the search field
    Given the Question field is populated with data
    When the user clicks the 'x' at the end of the Question field
    Then the Question field is cleared

Python:
from behave import given, when, then

@given('the Question field is populated with data')
def step_given_question_field_populated(context):
    context.question_field = ""Some data""

@when(""the user clicks the 'x' at the end of the Question field"")
def step_when_user_clicks_x(context):
    context.question_field = """"

@then('the Question field is cleared')
def step_then_question_field_cleared(context):
    assert context.question_field == """""
332,[Ask AI Alpha] As a user I want to see/click on the 'Ask AI' button in Resources,"Gherkin:
Feature: Display AI Assist Button in Resources

  Scenario: User sees and clicks the 'AI Assist' button when vector search is enabled
    Given the ""Enable vector search - text (V3) (development use only)"" is enabled in MCP
    When the user navigates to the Resources page
    Then the user should see the 'AI Assist' button to the right of the Search bar
    And the user clicks the 'AI Assist' button

Python:
from behave import given, when, then

@given('the ""Enable vector search - text (V3) (development use only)"" is enabled in MCP')
def step_given_vector_search_enabled(context):
    # Code to ensure vector search is enabled in MCP
    pass

@when('the user navigates to the Resources page')
def step_when_user_navigates_to_resources(context):
    # Code to navigate to the Resources page
    pass

@then('the user should see the \'AI Assist\' button to the right of the Search bar')
def step_then_user_sees_ai_assist_button(context):
    # Code to verify the AI Assist button is visible
    pass

@then('the user clicks the \'AI Assist\' button')
def step_then_user_clicks_ai_assist_button(context):
    # Code to simulate clicking the AI Assist button
    pass"
333,"BP - (Misc) As a User, I want to Replace resources via Resource Lookup from Nav Panel","Gherkin:
Feature: Replace resources via Resource Lookup from Nav Panel

  Scenario: Successfully replace a resource using the Resource Lookup
    Given the user is on the Page Builder with a resource selected
    When the user clicks on the ""Replace"" button in the Nav Panel
    Then the Resource Lookup is displayed
    And the user selects another resource
    And the resource is successfully replaced

Python:
from behave import given, when, then

@given('the user is on the Page Builder with a resource selected')
def step_given_user_on_page_builder_with_resource(context):
    pass

@when('the user clicks on the ""Replace"" button in the Nav Panel')
def step_when_user_clicks_replace_button(context):
    pass

@then('the Resource Lookup is displayed')
def step_then_resource_lookup_displayed(context):
    pass

@then('the user selects another resource')
def step_then_user_selects_another_resource(context):
    pass

@then('the resource is successfully replaced')
def step_then_resource_successfully_replaced(context):
    pass"
334,"PB - [1/4] As an Internal User, I want to have MCP(development use only) settings to enable/disable features per Epic for Drag & Drop Page MVP ","Gherkin:
Feature: Manage MCP Settings for Drag & Drop Page MVP

  Scenario: Enable Smart Pages - Page Templates setting
    Given I am an Internal User on the MCP settings page
    When I enable the ""Smart Pages - Page Templates (development use only)"" setting
    Then the setting should be enabled successfully

Python:
from behave import given, when, then

@given('I am an Internal User on the MCP settings page')
def step_given_internal_user_on_mcp_settings_page(context):
    # Code to navigate to the MCP settings page as an internal user
    pass

@when('I enable the ""Smart Pages - Page Templates (development use only)"" setting')
def step_when_enable_smart_pages_setting(context):
    # Code to enable the ""Smart Pages - Page Templates"" setting
    pass

@then('the setting should be enabled successfully')
def step_then_setting_enabled_successfully(context):
    # Code to verify the setting is enabled successfully
    pass"
335,"PB - As a User, I want to create a Drag & Drop Page (as a standalone Page) from Nav","Gherkin:
Feature: Create Drag & Drop Page from Navigation

  Scenario: User creates a Drag & Drop Page from Nav
    Given the user is on the ""All Pages"" section in Page Builder
    When the user clicks the creation button at the bottom
    Or the user selects the 'Page' action from the kebab icon for a standalone or parent page
    Then a new Drag & Drop Page is created successfully

Python:
from behave import given, when, then

@given('the user is on the ""All Pages"" section in Page Builder')
def step_given_user_on_all_pages(context):
    pass

@when('the user clicks the creation button at the bottom')
def step_when_user_clicks_creation_button(context):
    pass

@when('the user selects the \'Page\' action from the kebab icon for a standalone or parent page')
def step_when_user_selects_page_action(context):
    pass

@then('a new Drag & Drop Page is created successfully')
def step_then_page_created_successfully(context):
    pass"
336,"PB - As a User, I want to see a Smart Page  template popup after click on V2 create","Gherkin:
Feature: Smart Page Template Popup

  Scenario: User sees Smart Page template popup after clicking on V2 create
    Given the user is on the V3 Page Builder
    When the user clicks on Smart Page from the V2 Page creation popup
    Then the Smart Page template popup should be displayed

Python:
from behave import given, when, then

@given('the user is on the V3 Page Builder')
def step_given_user_on_v3_page_builder(context):
    # Code to navigate to V3 Page Builder
    pass

@when('the user clicks on Smart Page from the V2 Page creation popup')
def step_when_user_clicks_smart_page(context):
    # Code to simulate clicking on Smart Page from V2 Page creation popup
    pass

@then('the Smart Page template popup should be displayed')
def step_then_smart_page_template_popup_displayed(context):
    # Code to verify the Smart Page template popup is displayed
    pass"
337,"PB - As a User, I want to create an empty  Smart Page from the template popup","Gherkin:
Feature: Create an empty Smart Page from the template popup

  Scenario: User creates a Smart Page using a blank template
    Given the user is on the template popup
    When the user clicks on the ""Start with a blank template"" button
    Then the selected effect is visible

Python:
from behave import given, when, then

@given('the user is on the template popup')
def step_given_user_on_template_popup(context):
    # Code to navigate to the template popup
    pass

@when('the user clicks on the ""Start with a blank template"" button')
def step_when_user_clicks_blank_template_button(context):
    # Code to click the ""Start with a blank template"" button
    pass

@then('the selected effect is visible')
def step_then_selected_effect_is_visible(context):
    # Code to verify the selected effect is visible
    pass"
338,"PB - As a User, I want to select a Template from Template popup","Gherkin:
Feature: Template Selection from Popup

  Scenario: User selects a template from the template popup
    Given the template popup is displayed
    When the user hovers over a template
    Then the template should have a dotted border line
    When the user clicks on the template
    Then the template should be selected

Python:
from behave import given, when, then

@given('the template popup is displayed')
def step_given_template_popup_displayed(context):
    # Code to ensure the template popup is displayed
    pass

@when('the user hovers over a template')
def step_when_user_hovers_over_template(context):
    # Code to simulate hovering over a template
    pass

@then('the template should have a dotted border line')
def step_then_template_has_dotted_border(context):
    # Code to verify the template has a dotted border line
    pass

@when('the user clicks on the template')
def step_when_user_clicks_on_template(context):
    # Code to simulate clicking on a template
    pass

@then('the template should be selected')
def step_then_template_is_selected(context):
    # Code to verify the template is selected
    pass"
339,"PB - As a User, I want to see previews of Page templates as in thumbnails","Gherkin:
Feature: Display Page Template Thumbnails

  Scenario: User views thumbnails of pre-defined Page Templates
    Given the user is on the page template selection popup
    When the user views the available page templates
    Then the user should see thumbnails of the pre-defined page templates

Python:
from behave import given, when, then

@given('the user is on the page template selection popup')
def step_given_user_on_template_popup(context):
    context.browser.open_template_popup()

@when('the user views the available page templates')
def step_when_user_views_templates(context):
    context.browser.load_page_templates()

@then('the user should see thumbnails of the pre-defined page templates')
def step_then_user_sees_thumbnails(context):
    thumbnails = context.browser.get_thumbnails()
    assert thumbnails is not None and len(thumbnails) > 0"
340,"PB - As a User, I want to edit and save a Smart Page with template after it's loaded","Gherkin:
Feature: Edit and Save Smart Page with Template

  Scenario: User edits and saves a Smart Page with a loaded template
    Given a Smart Page is loaded with a template
    When the user edits the Smart Page
    And the user saves the Smart Page
    Then the Smart Page is saved successfully

Python:
from behave import given, when, then

@given('a Smart Page is loaded with a template')
def step_given_smart_page_loaded(context):
    context.smart_page = load_smart_page_with_template()

@when('the user edits the Smart Page')
def step_when_user_edits_smart_page(context):
    context.smart_page.edit(content=""New content"")

@when('the user saves the Smart Page')
def step_when_user_saves_smart_page(context):
    context.smart_page.save()

@then('the Smart Page is saved successfully')
def step_then_smart_page_saved_successfully(context):
    assert context.smart_page.is_saved()"
341,"PB - As a User, I want to apply/load a selected Smart Page template in Page Builder","Gherkin:
Feature: Load Smart Page Template in Page Builder

  Scenario: User applies a selected Smart Page template
    Given the user is on the template selection page
    When the user clicks on a template
    Then the user is navigated to the Page Builder
    And the selected template is loaded as an empty Smart Page

Python:
from behave import given, when, then

@given('the user is on the template selection page')
def step_given_user_on_template_selection_page(context):
    pass

@when('the user clicks on a template')
def step_when_user_clicks_on_template(context):
    pass

@then('the user is navigated to the Page Builder')
def step_then_user_navigated_to_page_builder(context):
    pass

@then('the selected template is loaded as an empty Smart Page')
def step_then_template_loaded_as_empty_smart_page(context):
    pass"
342,"BP - (Misc) As a User, I want to see the Page Tree remain the same while switching Pages from Nav Panel","Gherkin:
Feature: Page Tree Consistency

  Scenario: Page Tree remains the same while switching pages from Nav Panel
    Given the user is viewing a page with an expanded Page Tree
    When the user switches to another page from the Nav Panel
    Then the Page Tree should remain the same

Python:
from behave import given, when, then

@given('the user is viewing a page with an expanded Page Tree')
def step_given_user_viewing_page_with_expanded_tree(context):
    # Code to ensure the user is on a page with an expanded Page Tree
    pass

@when('the user switches to another page from the Nav Panel')
def step_when_user_switches_page_from_nav_panel(context):
    # Code to simulate the user switching pages from the Nav Panel
    pass

@then('the Page Tree should remain the same')
def step_then_page_tree_remains_same(context):
    # Code to verify the Page Tree remains the same
    pass"
343,"As a User, I want to see unsuccessfully added Markup Comments","Gherkin:
Feature: Display Unsuccessfully Added Markup Comments

  Scenario: User sees unsuccessfully added markup comments
    Given a user is on the markup page
    When the user attempts to add a markup comment unsuccessfully
    Then the user should see the unsuccessfully added markup comment

Python:
from behave import given, when, then

@given('a user is on the markup page')
def step_given_user_on_markup_page(context):
    pass

@when('the user attempts to add a markup comment unsuccessfully')
def step_when_user_adds_markup_unsuccessfully(context):
    pass

@then('the user should see the unsuccessfully added markup comment')
def step_then_user_sees_unsuccessful_markup(context):
    pass"
344,"PB - As a User, I want to create a D&D Page by copying another D&D Page's content","Gherkin:
Feature: Copy D&D Page

  Scenario: User copies a D&D Page successfully
    Given a user is on the Page Builder with a list of pages
    And the user sees a Parent or standalone Page in the Navigation Panel
    When the user clicks on the ""Copy"" action button of the Page
    Then a new standalone Page is created below the original Page
    And the new Page is populated with the copied content
    And the new Page appears under 'All Pages' and the specific Page Category

Python:
from behave import given, when, then

@given('a user is on the Page Builder with a list of pages')
def step_given_user_on_page_builder(context):
    pass

@given('the user sees a Parent or standalone Page in the Navigation Panel')
def step_given_user_sees_page(context):
    pass

@when('the user clicks on the ""Copy"" action button of the Page')
def step_when_user_clicks_copy(context):
    pass

@then('a new standalone Page is created below the original Page')
def step_then_new_page_created(context):
    pass

@then('the new Page is populated with the copied content')
def step_then_page_populated(context):
    pass

@then('the new Page appears under \'All Pages\' and the specific Page Category')
def step_then_page_appears_in_categories(context):
    pass"
345,"PB - (Misc) As a User, I want to further have an option to hide / unhide the download button for Images / Video","Gherkin:
Feature: Hide/Unhide Download Button for Media Widgets

  Scenario: User hides and unhides the download button for an image widget
    Given the user is on a page with an image widget
    And the download button is visible by default
    When the user clicks the hide button for the download option
    Then the download button is hidden
    When the user clicks the unhide button for the download option
    Then the download button is visible again

Python:
from behave import given, when, then

@given('the user is on a page with an image widget')
def step_given_user_on_page_with_image_widget(context):
    pass

@given('the download button is visible by default')
def step_given_download_button_visible_by_default(context):
    pass

@when('the user clicks the hide button for the download option')
def step_when_user_clicks_hide_button(context):
    pass

@then('the download button is hidden')
def step_then_download_button_hidden(context):
    pass

@when('the user clicks the unhide button for the download option')
def step_when_user_clicks_unhide_button(context):
    pass

@then('the download button is visible again')
def step_then_download_button_visible_again(context):
    pass"
346,"PB - As a User, I want to configure both Block and Colour Palette Widget properties","Gherkin:
Feature: Configure Block and Colour Palette Widget Properties

  Scenario: User configures Colour Palette Widget properties
    Given the user navigates to the widget settings page
    When the user selects the Colour Palette Widget
    And the user configures the Colour property
    Then the Colour Palette Widget settings are saved successfully

Python:
from behave import given, when, then

@given('the user navigates to the widget settings page')
def step_given_user_navigates_to_widget_settings_page(context):
    pass

@when('the user selects the Colour Palette Widget')
def step_when_user_selects_colour_palette_widget(context):
    pass

@when('the user configures the Colour property')
def step_when_user_configures_colour_property(context):
    pass

@then('the Colour Palette Widget settings are saved successfully')
def step_then_colour_palette_widget_settings_saved(context):
    pass"
347,"PB - As a User, I want to add Widgets directly to a Section","Gherkin:
Feature: Add Widgets to a Section in Page Builder

  Scenario: User adds a Widget to a Section in Create/Edit mode
    Given the user is in Create/Edit mode in Page Builder
    And a Widget is available in the Nav
    When the user drags the Widget from Nav to a Section
    Then the Widget is added to the Section

Python:
from behave import given, when, then

@given('the user is in Create/Edit mode in Page Builder')
def step_given_user_in_create_edit_mode(context):
    pass

@given('a Widget is available in the Nav')
def step_given_widget_available_in_nav(context):
    pass

@when('the user drags the Widget from Nav to a Section')
def step_when_user_drags_widget_to_section(context):
    pass

@then('the Widget is added to the Section')
def step_then_widget_added_to_section(context):
    pass"
348,"PB - As a User, I want to add a new Widget ""Spacer""","Gherkin:
Feature: Add a new Widget ""Spacer""

  Scenario: User adds a new Spacer widget from the navigation
    Given I am on the dashboard
    And I can see the navigation menu
    When I select the ""Spacer"" widget from the navigation
    And I drag the ""Spacer"" widget to a section
    Then I should see the ""Spacer"" widget in the section

Python:
from behave import given, when, then

@given('I am on the dashboard')
def step_given_on_dashboard(context):
    pass

@given('I can see the navigation menu')
def step_given_see_navigation_menu(context):
    pass

@when('I select the ""Spacer"" widget from the navigation')
def step_when_select_spacer_widget(context):
    pass

@when('I drag the ""Spacer"" widget to a section')
def step_when_drag_spacer_widget(context):
    pass

@then('I should see the ""Spacer"" widget in the section')
def step_then_see_spacer_widget_in_section(context):
    pass"
349,"PB - As a User, I want to delete a Widget with the underlying Block","Gherkin:
Feature: Delete Widget with underlying Block

  Scenario: User deletes a Widget and its underlying Block
    Given a Widget with an underlying Block exists
    When the User deletes the Widget
    Then the Widget and the underlying Block are deleted
    And the User can undo the deletion
    And the User can redo the deletion
    And the system triggers an unsaved change notification

Python:
from behave import given, when, then

@given('a Widget with an underlying Block exists')
def step_given_widget_with_block_exists(context):
    context.widget = create_widget_with_block()

@when('the User deletes the Widget')
def step_when_user_deletes_widget(context):
    context.widget.delete()

@then('the Widget and the underlying Block are deleted')
def step_then_widget_and_block_deleted(context):
    assert not context.widget.exists()
    assert not context.widget.block.exists()

@then('the User can undo the deletion')
def step_then_user_can_undo_deletion(context):
    context.widget.undo_delete()
    assert context.widget.exists()
    assert context.widget.block.exists()

@then('the User can redo the deletion')
def step_then_user_can_redo_deletion(context):
    context.widget.redo_delete()
    assert not context.widget.exists()
    assert not context.widget.block.exists()

@then('the system triggers an unsaved change notification')
def step_then_unsaved_change_notification(context):
    assert context.system.unsaved_change_triggered()"
350,"PB - As a User, I want to have Text Box Widget toolbar as a whole for the combo of Block & Widget","Gherkin:
Feature: Text Box Widget Toolbar Integration

  Scenario: User selects Text Box Widget and Block as a whole
    Given the user has opened the editor
    When the user selects the Text Box Widget and Block
    Then the bounding box is highlighted
    And the text box toolbar with Up arrow is visible

Python:
from behave import given, when, then

@given('the user has opened the editor')
def step_given_user_opened_editor(context):
    # Code to ensure the editor is opened
    pass

@when('the user selects the Text Box Widget and Block')
def step_when_user_selects_widget_and_block(context):
    # Code to simulate selection of Text Box Widget and Block
    pass

@then('the bounding box is highlighted')
def step_then_bounding_box_highlighted(context):
    # Code to verify the bounding box is highlighted
    pass

@then('the text box toolbar with Up arrow is visible')
def step_then_toolbar_with_up_arrow_visible(context):
    # Code to verify the toolbar with Up arrow is visible
    pass"
351,"PB - As a User, I want to only select & see the combo of Widget and Block (bounding box experience) in Page Builder","Gherkin:
Feature: Widget and Block Selection in Page Builder

  Scenario: User selects and sees the combo of Widget and Block
    Given I am on the Page Builder
    When I select a Widget and Block as a whole
    Then I should see the bounding box highlighted
    And I can navigate up to the Section

Python:
from behave import given, when, then

@given('I am on the Page Builder')
def step_given_on_page_builder(context):
    pass

@when('I select a Widget and Block as a whole')
def step_when_select_widget_and_block(context):
    pass

@then('I should see the bounding box highlighted')
def step_then_see_bounding_box_highlighted(context):
    pass

@then('I can navigate up to the Section')
def step_then_navigate_up_to_section(context):
    pass"
352,"PB - As a User, I want to undo & redo actions for the combo of Widget & Block","Gherkin:
Feature: Undo and Redo actions for Widget and Block

  Scenario: User can undo and redo adding, removing, and moving Widgets with Blocks
    Given a page with no Widgets and Blocks
    When the user adds a Widget with a Block to the page
    And the user removes the Widget with the Block from the page
    And the user moves the Widget with the Block on the page
    Then the user can undo the last action
    And the user can redo the last undone action

Python:
from behave import given, when, then

@given('a page with no Widgets and Blocks')
def step_given_page_with_no_widgets_and_blocks(context):
    context.page = Page()
    assert context.page.is_empty()

@when('the user adds a Widget with a Block to the page')
def step_when_user_adds_widget_with_block(context):
    context.page.add_widget_with_block()
    assert context.page.has_widget_with_block()

@when('the user removes the Widget with the Block from the page')
def step_when_user_removes_widget_with_block(context):
    context.page.remove_widget_with_block()
    assert not context.page.has_widget_with_block()

@when('the user moves the Widget with the Block on the page')
def step_when_user_moves_widget_with_block(context):
    context.page.move_widget_with_block()
    assert context.page.widget_with_block_moved()

@then('the user can undo the last action')
def step_then_user_can_undo_last_action(context):
    context.page.undo_last_action()
    assert context.page.last_action_undone()

@then('the user can redo the last undone action')
def step_then_user_can_redo_last_undone_action(context):
    context.page.redo_last_undone_action()
    assert context.page.last_action_redone()"
353,"PB - As a User, I want to see a new landing page","Gherkin:
Feature: New Landing Page

  Scenario: User views the new landing page
    Given the user is on the homepage
    When the user navigates to the new landing page
    Then the user should see empty sections with no blocks

Python:
from behave import given, when, then

@given('the user is on the homepage')
def step_given_user_on_homepage(context):
    context.browser.get('http://example.com/home')

@when('the user navigates to the new landing page')
def step_when_user_navigates_to_new_landing_page(context):
    context.browser.find_element_by_link_text('New Landing Page').click()

@then('the user should see empty sections with no blocks')
def step_then_user_sees_empty_sections(context):
    sections = context.browser.find_elements_by_class_name('section')
    assert all(len(section.find_elements_by_class_name('block')) == 0 for section in sections)"
354,[QW 1/5] Requester Re-assign: MCP Setting for new updates,"Gherkin:
Feature: MCP Setting for Requester Re-assign

  Scenario: Add Requester Reassign setting under Development Use Only
    Given I am on the MCP settings page
    When I navigate to the Development Use Only section
    Then I should see the Approvals List (V3) - Requester Reassign setting listed

Python:
from behave import given, when, then

@given('I am on the MCP settings page')
def step_given_on_mcp_settings_page(context):
    pass

@when('I navigate to the Development Use Only section')
def step_when_navigate_to_development_use_only_section(context):
    pass

@then('I should see the Approvals List (V3) - Requester Reassign setting listed')
def step_then_see_requester_reassign_setting_listed(context):
    pass"
355,"PB - As a User, I want to report Resource Download (Preview) action in Usage Reporting for Custom Page Module","Gherkin:
Feature: Report Resource Download Action in Usage Reporting

  Scenario: User reports a resource download action for a preview type resource
    Given a user is on the Custom Page Module
    When the user downloads a resource of ""Good"" quality
    Then the resource download action is reported in the Smart Page usage reporting
    And the resource download action is reported in the User’s usage reporting

Python:
from behave import given, when, then

@given('a user is on the Custom Page Module')
def step_given_user_on_custom_page_module(context):
    pass

@when('the user downloads a resource of ""Good"" quality')
def step_when_user_downloads_good_quality_resource(context):
    pass

@then('the resource download action is reported in the Smart Page usage reporting')
def step_then_reported_in_smart_page_usage(context):
    pass

@then('the resource download action is reported in the User’s usage reporting')
def step_then_reported_in_users_usage(context):
    pass"
356,"PB - As a User, I want to report on Resource downloaded (Preview) separately than added in Smart Page for Resource Module (Usage)","Gherkin:
Feature: Resource Usage Reporting

  Scenario: Report on Resource downloaded separately from added in Smart Page
    Given a previously uploaded ""Good"" quality Resource is available in the Resource Lookup
    When the User downloads the Resource from the Smart Page
    Then the Resource download action is tracked in the Resource usage report
    And the User's usage report reflects the Resource download action

Python:
from behave import given, when, then

@given('a previously uploaded ""Good"" quality Resource is available in the Resource Lookup')
def step_given_resource_available(context):
    # Code to ensure the resource is available in the Resource Lookup
    pass

@when('the User downloads the Resource from the Smart Page')
def step_when_user_downloads_resource(context):
    # Code to simulate the user downloading the resource
    pass

@then('the Resource download action is tracked in the Resource usage report')
def step_then_resource_usage_tracked(context):
    # Code to verify the resource download is tracked in the usage report
    pass

@then(""the User's usage report reflects the Resource download action"")
def step_then_user_usage_report_updated(context):
    # Code to verify the user's usage report is updated with the download action
    pass"
357,"Related (V3) - Permission Handling, Updates, and other core existing logic (F.E.) - [1 of 4: Resource Permissions]","Gherkin:
Feature: Resource Permissions Handling for V3 Related Functionality

  Scenario: User accesses a resource with correct permissions in V3
    Given a user with V3 Related functionality enabled
    When the user attempts to access a resource
    Then the user should be granted access to the resource

Python:
from behave import given, when, then

@given('a user with V3 Related functionality enabled')
def step_given_user_with_v3_related_functionality(context):
    context.user = {'v3_related_enabled': True}

@when('the user attempts to access a resource')
def step_when_user_attempts_access_resource(context):
    context.access_attempt = True

@then('the user should be granted access to the resource')
def step_then_user_granted_access(context):
    assert context.user['v3_related_enabled'] is True
    assert context.access_attempt is True
    context.access_granted = True
    assert context.access_granted is True"
358,Related (V3) - As a user I want to open View Related Items for Folder/Record/Databases (New Page ticket). [Design Ticket #3],"Gherkin:
Feature: View Related Items for Non-Resource Items

  Scenario: Open View Related Items page for a Folder
    Given a user has a Folder named ""Project Documents""
    When the user selects the Action or Icon for the Folder
    Then the ""Related - Project Documents"" page should open

Python:
from behave import given, when, then

@given('a user has a Folder named ""{itemname}""')
def step_given_user_has_folder(context, itemname):
    context.itemname = itemname

@when('the user selects the Action or Icon for the Folder')
def step_when_user_selects_action_or_icon(context):
    context.page_title = f""Related - {context.itemname}""

@then('the ""{expected_title}"" page should open')
def step_then_page_should_open(context, expected_title):
    assert context.page_title == expected_title"
359,Related (V3) - As a user I want to open View Related Items for Resources (in existing Info Page). [Design Ticket #2],"Gherkin:
Feature: View Related Items for Resources

  Scenario: User opens the View Related tab for a Resource
    Given the user is on the Info Page of a Resource
    When the user selects the View Related tab
    Then the View Related tab is displayed in the Info Preview
    And the 'x' icon behaves the same as on other tabs

Python:
from behave import given, when, then

@given('the user is on the Info Page of a Resource')
def step_given_user_on_info_page(context):
    # Code to navigate to the Info Page of a Resource
    pass

@when('the user selects the View Related tab')
def step_when_user_selects_view_related_tab(context):
    # Code to select the View Related tab
    pass

@then('the View Related tab is displayed in the Info Preview')
def step_then_view_related_tab_displayed(context):
    # Code to verify the View Related tab is displayed
    pass

@then(""the 'x' icon behaves the same as on other tabs"")
def step_then_x_icon_behaves_same(context):
    # Code to verify the 'x' icon behavior
    pass"
360,"Related (V3) -  As a user I want to ""Add Related Items"" (Core New Overlay) [Design Ticket #1A: Overall Page UI + Resource Tab]","Gherkin:
Feature: Add Related Items Overlay

  Scenario: User adds related items from the overlay
    Given the user is on the ""View"" related pages
    When the user selects ""Add items""
    Then the ""Add Related Items: {{itemname}}"" overlay should open

Python:
from behave import given, when, then

@given('the user is on the ""View"" related pages')
def step_given_user_on_view_related_pages(context):
    # Code to navigate to the ""View"" related pages
    pass

@when('the user selects ""Add items""')
def step_when_user_selects_add_items(context):
    # Code to simulate selecting ""Add items""
    pass

@then('the ""Add Related Items: {{itemname}}"" overlay should open')
def step_then_overlay_should_open(context):
    # Code to verify the overlay opens with the correct header
    pass"
361,Related (V3) - Development MCP Setting,"Gherkin:
Feature: Development MCP Setting

  Scenario: Add new setting under Development Use Only section
    Given I am on the MCP Settings page
    When I navigate to the Development Use Only section
    And I add a new setting
    Then the new setting should be visible under the Development Use Only section

Python:
from behave import given, when, then

@given('I am on the MCP Settings page')
def step_given_on_mcp_settings_page(context):
    pass

@when('I navigate to the Development Use Only section')
def step_when_navigate_to_development_section(context):
    pass

@when('I add a new setting')
def step_when_add_new_setting(context):
    pass

@then('the new setting should be visible under the Development Use Only section')
def step_then_new_setting_visible(context):
    pass"
362,"Rename ""Simple"" Page to ""Smart"" Page","Gherkin:
Feature: Rename ""Simple"" Page to ""Smart"" Page

  Scenario: User sees ""Smart"" Page instead of ""Simple"" Page in the V2 Index List
    Given the user is on the V2 Index List page
    When the user adds a new page
    Then the page name should be displayed as ""Smart"" Page

Python:
from behave import given, when, then

@given('the user is on the V2 Index List page')
def step_given_user_on_v2_index_list_page(context):
    # Code to navigate to the V2 Index List page
    pass

@when('the user adds a new page')
def step_when_user_adds_new_page(context):
    # Code to add a new page
    pass

@then('the page name should be displayed as ""Smart"" Page')
def step_then_page_name_displayed_as_smart_page(context):
    # Code to verify the page name is ""Smart"" Page
    pass"
363,"PB - (FE components) As a User, I want to move a sub page to become a standalone Simple Page (Parent)","Gherkin:
Feature: Move sub-page to standalone Simple Page

  Scenario: User moves a sub-page to become a standalone Simple Page
    Given I am on the Page Builder in editing mode
    And I see a sub-page in the Navigation Panel
    When I drag and drop the sub-page to the standalone section
    Then the sub-page becomes a standalone Simple Page
    And I see the updated order in the Navigation Panel

Python:
from behave import given, when, then

@given('I am on the Page Builder in editing mode')
def step_given_on_page_builder(context):
    pass

@given('I see a sub-page in the Navigation Panel')
def step_given_see_sub_page(context):
    pass

@when('I drag and drop the sub-page to the standalone section')
def step_when_drag_and_drop(context):
    pass

@then('the sub-page becomes a standalone Simple Page')
def step_then_sub_page_standalone(context):
    pass

@then('I see the updated order in the Navigation Panel')
def step_then_see_updated_order(context):
    pass"
364,Guest Upload MVP: Send success / confirmation email receipt to public user ,"Gherkin:
Feature: Send success email after public record submission

  Scenario: Successful submission triggers a confirmation email
    Given a public user has authenticated with their email address
    When the user successfully submits their public record
    Then a success email is sent to the user's email address

Python:
from behave import given, when, then

@given('a public user has authenticated with their email address')
def step_given_user_authenticated(context):
    context.user_email = ""user@example.com""
    # Simulate user authentication process

@when('the user successfully submits their public record')
def step_when_user_submits_record(context):
    context.submission_status = ""success""
    # Simulate successful submission of public record

@then('a success email is sent to the user\'s email address')
def step_then_success_email_sent(context):
    assert context.submission_status == ""success""
    # Simulate sending email and verify it was sent to context.user_email"
365,Guest Upload MVP: Skip/Bypass Record Workflow handling for Public User/First Stage of Database,"Gherkin:
Feature: Guest Upload MVP

  Scenario: Public user uploads a record without workflow
    Given a public user accesses the database
    When the public user submits a record
    Then the record is uploaded without triggering a workflow

Python:
from behave import given, when, then

@given('a public user accesses the database')
def step_given_public_user_accesses_database(context):
    context.user_type = 'public'
    context.database_accessed = True

@when('the public user submits a record')
def step_when_public_user_submits_record(context):
    context.record_submitted = True

@then('the record is uploaded without triggering a workflow')
def step_then_record_uploaded_without_workflow(context):
    assert context.user_type == 'public'
    assert context.record_submitted
    assert not context.workflow_triggered"
366,Guest Upload MVP: Updated success message,"Gherkin:
Feature: Guest Upload Success Message

  Scenario: Display updated success message after guest upload
    Given a guest uploads a record
    When the upload is successful
    Then a tick icon is displayed
    And the page header is ""Your Record has been submitted""

Python:
from behave import given, when, then

@given('a guest uploads a record')
def step_given_guest_uploads_record(context):
    pass

@when('the upload is successful')
def step_when_upload_successful(context):
    pass

@then('a tick icon is displayed')
def step_then_tick_icon_displayed(context):
    pass

@then('the page header is ""Your Record has been submitted""')
def step_then_page_header_displayed(context):
    pass"
367,"Grouped Email Updates [existing designs]: Same Template Cross Folder Handling (different reviewers for different folders, but same template)","Gherkin:
Feature: Grouped Email Updates with Cross Folder Handling

  Scenario: Bulk edit resources with different reviewers across folders using the same template
    Given resources from different folders with the same workflow template
    And each folder has different reviewers configured
    When a bulk edit is performed on these resources
    Then the email updates are grouped and sent according to the folder-specific reviewers

Python:
from behave import given, when, then

@given('resources from different folders with the same workflow template')
def step_given_resources_with_same_template(context):
    pass

@given('each folder has different reviewers configured')
def step_given_different_reviewers_per_folder(context):
    pass

@when('a bulk edit is performed on these resources')
def step_when_bulk_edit_performed(context):
    pass

@then('the email updates are grouped and sent according to the folder-specific reviewers')
def step_then_email_updates_grouped(context):
    pass"
368,Grouped Notifications: Record File/Resource Publish - Add options for users to continue to receive individual emails as well as Grouped ones (Core use case),"Gherkin:
Feature: Grouped Notifications for Record File/Resource Publish

  Scenario: User opts to receive both individual and grouped notifications
    Given the user has selected the Record File workflow template
    And the Enable Grouped Requests option is selected
    And User Notifications is set to Select
    When the user publishes a resource
    Then the user should receive both individual and grouped email notifications

Python:
from behave import given, when, then

@given('the user has selected the Record File workflow template')
def step_given_user_selected_record_file_template(context):
    pass

@given('the Enable Grouped Requests option is selected')
def step_given_enable_grouped_requests_selected(context):
    pass

@given('User Notifications is set to Select')
def step_given_user_notifications_set_to_select(context):
    pass

@when('the user publishes a resource')
def step_when_user_publishes_resource(context):
    pass

@then('the user should receive both individual and grouped email notifications')
def step_then_user_receives_both_notifications(context):
    pass"
369,[X-Template] Bulk Approvals - Select logic: Admin Level Setting for Cross-Template Handling (setting - logic in 41483),"Gherkin:
Feature: Bulk Approvals with Cross-Template Handling

  Scenario: Admin selects an item for bulk approval with cross-template handling enabled
    Given multiple templates have bulk reviewing enabled
    When the admin selects an item from the approval list
    Then other requests from enabled templates are also selected for approval

Python:
from behave import given, when, then

@given('multiple templates have bulk reviewing enabled')
def step_given_multiple_templates_have_bulk_reviewing_enabled(context):
    # Code to ensure multiple templates have bulk reviewing enabled
    pass

@when('the admin selects an item from the approval list')
def step_when_admin_selects_item_from_approval_list(context):
    # Code to simulate admin selecting an item from the approval list
    pass

@then('other requests from enabled templates are also selected for approval')
def step_then_other_requests_are_selected_for_approval(context):
    # Code to verify other requests are selected for approval
    pass"
370,Grouped Resource Publish/Record File - Future Stage Handling for Reviewer Grouped Request Email consolidation,"Gherkin:
Feature: Grouped Resource Publish/Record File Future Stage Handling

  Scenario: Reviewer receives consolidated email for staged templates
    Given an admin is on the Template UI
    And a Record File or Resource Publish Workflow is selected as Staged
    When the admin saves the template
    Then the reviewer receives a consolidated email for the grouped request

Python:
from behave import given, when, then

@given('an admin is on the Template UI')
def step_given_admin_on_template_ui(context):
    pass

@given('a Record File or Resource Publish Workflow is selected as Staged')
def step_given_workflow_selected_as_staged(context):
    pass

@when('the admin saves the template')
def step_when_admin_saves_template(context):
    pass

@then('the reviewer receives a consolidated email for the grouped request')
def step_then_reviewer_receives_consolidated_email(context):
    pass"
371,Staged Request 'Reviewer' data+component handling in Grouped Tab of Approvals List,"Gherkin:
Feature: Display Reviewers in Grouped Tab of Approvals List

  Scenario: List all reviewers and their stages for staged requests
    Given there are staged requests with multiple reviewers
    When I view the Grouped Tab of the Approvals List
    Then I should see a list of all reviewers across all stages
    And I should see the stage each reviewer is on

Python:
from behave import given, when, then

@given('there are staged requests with multiple reviewers')
def step_given_staged_requests_with_reviewers(context):
    # Setup staged requests with reviewers
    pass

@when('I view the Grouped Tab of the Approvals List')
def step_when_view_grouped_tab(context):
    # Action to view the Grouped Tab
    pass

@then('I should see a list of all reviewers across all stages')
def step_then_see_list_of_reviewers(context):
    # Assert that all reviewers are listed
    pass

@then('I should see the stage each reviewer is on')
def step_then_see_stage_of_each_reviewer(context):
    # Assert that the stage of each reviewer is displayed
    pass"
372,"PB - As a User, I want to re-order pages within the same parent/root via Nav - FE integration","Gherkin:
Feature: Re-order pages within the same parent via Nav - FE integration

  Scenario: User re-orders pages using drag-and-drop in the Nav Panel
    Given a user is editing a document with a parent page containing sub-pages
    When the user drags and drops a page to a new position within the same parent
    Then the page and its sub-pages are moved to the new position
    And the sub-pages are collapsed under the page in the Nav Panel

Python:
from behave import given, when, then

@given('a user is editing a document with a parent page containing sub-pages')
def step_given_user_editing_document_with_subpages(context):
    pass

@when('the user drags and drops a page to a new position within the same parent')
def step_when_user_drags_and_drops_page(context):
    pass

@then('the page and its sub-pages are moved to the new position')
def step_then_page_and_subpages_moved(context):
    pass

@then('the sub-pages are collapsed under the page in the Nav Panel')
def step_then_subpages_collapsed(context):
    pass"
373,"PB - As a User, I want to delete pages via Nav - BE","Gherkin:
Feature: Delete a page via navigation

  Scenario: User deletes a page successfully
    Given the user is on the navigation menu
    When the user clicks on the settings button of a simple page
    And the user clicks on the delete option
    Then the deletion popup is displayed
    When the user confirms the deletion
    Then the page is deleted successfully

Python:
from behave import given, when, then

@given('the user is on the navigation menu')
def step_given_user_on_navigation_menu(context):
    pass

@when('the user clicks on the settings button of a simple page')
def step_when_user_clicks_settings_button(context):
    pass

@when('the user clicks on the delete option')
def step_when_user_clicks_delete_option(context):
    pass

@then('the deletion popup is displayed')
def step_then_deletion_popup_displayed(context):
    pass

@when('the user confirms the deletion')
def step_when_user_confirms_deletion(context):
    pass

@then('the page is deleted successfully')
def step_then_page_deleted_successfully(context):
    pass"
374,"PB - As a User, I want to re-order pages within the same parent via Nav - BE","Gherkin:
Feature: Re-order pages within the same parent via Nav

  Scenario: User re-orders pages and sub-pages via drag-and-drop
    Given the user is editing a document with a parent page containing sub-pages
    When the user drags and drops a page to a new position within the same parent
    Then the page and its sub-pages are moved to the new position
    And the sub-pages are collapsed under the page in the Nav Panel

Python:
from behave import given, when, then

@given('the user is editing a document with a parent page containing sub-pages')
def step_given_user_editing_document_with_subpages(context):
    pass

@when('the user drags and drops a page to a new position within the same parent')
def step_when_user_drags_and_drops_page(context):
    pass

@then('the page and its sub-pages are moved to the new position')
def step_then_page_and_subpages_moved(context):
    pass

@then('the sub-pages are collapsed under the page in the Nav Panel')
def step_then_subpages_collapsed(context):
    pass"
375,MCP setting for new Grouped Approval types,"Gherkin:
Feature: MCP setting for new Grouped Approval types

  Scenario: Verify MCP setting for Grouped Approvals is listed under Development Use Only
    Given I am on the MCP settings page
    When I navigate to the Development Use Only section
    Then I should see the setting ""Approvals - Approvals List (V3) - Grouped Approvals - Record File & Resource Publish (development use only)""

Python:
from behave import given, when, then

@given('I am on the MCP settings page')
def step_given_on_mcp_settings_page(context):
    # Code to navigate to the MCP settings page
    pass

@when('I navigate to the Development Use Only section')
def step_when_navigate_to_development_use_only_section(context):
    # Code to navigate to the Development Use Only section
    pass

@then('I should see the setting ""Approvals - Approvals List (V3) - Grouped Approvals - Record File & Resource Publish (development use only)""')
def step_then_see_grouped_approvals_setting(context):
    # Code to verify the presence of the specific setting
    pass"
376,As a user I can enable Grouped Requests in New/Existing Workflow for Resource Publish Template setting,"Gherkin:
Feature: Enable Grouped Requests in Resource Publish Workflow Template

  Scenario: Enable Grouped Requests for a new Resource Publish Workflow Template
    Given MCP development setting is enabled
    When I navigate to Admin > Workflow location
    And I create a new Resource Publish Workflow Template
    Then I should see the Grouped Requests setting available

Python:
from behave import given, when, then

@given('MCP development setting is enabled')
def step_given_mcp_development_setting_enabled(context):
    # Code to ensure MCP development setting is enabled
    pass

@when('I navigate to Admin > Workflow location')
def step_when_navigate_to_admin_workflow_location(context):
    # Code to navigate to Admin > Workflow location
    pass

@when('I create a new Resource Publish Workflow Template')
def step_when_create_new_resource_publish_workflow_template(context):
    # Code to create a new Resource Publish Workflow Template
    pass

@then('I should see the Grouped Requests setting available')
def step_then_see_grouped_requests_setting_available(context):
    # Code to verify Grouped Requests setting is available
    pass"
377,As a user I can enable Grouped Requests in New/Existing Workflow Template setting for Record File Approvals,"Gherkin:
Feature: Enable Grouped Requests in Workflow Template

  Scenario: Enable Grouped Requests for Record File Approvals
    Given the MCP development setting is enabled
    And I navigate to Admin > Workflow location
    And I open an existing Record File Approval Template
    When I enable the ""Enable Grouped Requests"" setting
    Then the setting should be saved successfully
    And the tooltip should display ""If enabled, multiple Requests that are successfully made at the same time via the Bulk Request action will be Grouped together. Grouped requests can be reviewed together in the Grouped Tab in the {{Workflows}} List, as well as individually.""

Python:
from behave import given, when, then

@given('the MCP development setting is enabled')
def step_impl(context):
    # Code to ensure MCP development setting is enabled
    pass

@given('I navigate to Admin > Workflow location')
def step_impl(context):
    # Code to navigate to Admin > Workflow location
    pass

@given('I open an existing Record File Approval Template')
def step_impl(context):
    # Code to open an existing Record File Approval Template
    pass

@when('I enable the ""Enable Grouped Requests"" setting')
def step_impl(context):
    # Code to enable the ""Enable Grouped Requests"" setting
    pass

@then('the setting should be saved successfully')
def step_impl(context):
    # Code to verify the setting is saved successfully
    pass

@then('the tooltip should display ""If enabled, multiple Requests that are successfully made at the same time via the Bulk Request action will be Grouped together. Grouped requests can be reviewed together in the Grouped Tab in the {{Workflows}} List, as well as individually.""')
def step_impl(context):
    # Code to verify the tooltip text
    pass"
378,"PB - As a User, I want the status of  Resource added via Resource Lookup to be linked with Resource module - unsupported resource type scenario","Gherkin:
Feature: Link Resource Status with Resource Module

  Scenario: Link unsupported resource type status in Resource Lookup
    Given a user has added an unsupported resource type via Resource Lookup
    When the user attempts to link the resource status with the Resource module
    Then the system should display an error message indicating unsupported resource type

Python:
from behave import given, when, then

@given('a user has added an unsupported resource type via Resource Lookup')
def step_given_user_added_unsupported_resource(context):
    context.resource_type = ""unsupported""
    # Simulate adding unsupported resource

@when('the user attempts to link the resource status with the Resource module')
def step_when_user_attempts_to_link_resource(context):
    context.link_attempt = ""failed""
    # Simulate linking attempt

@then('the system should display an error message indicating unsupported resource type')
def step_then_display_error_message(context):
    assert context.link_attempt == ""failed""
    # Simulate error message display"
379,"PB - As a User, I want to be able to download the resources added to the page, if I have permission to do so - Video widget","Gherkin:
Feature: Download Video Resource

  Scenario: User downloads video resource from Video Widget
    Given the user has permission to download resources
    And the user is on a Simple Page with a Video Widget
    When the user hovers over the Video Widget
    Then the download button is visible
    And the user clicks the download button
    Then the video resource is downloaded successfully

Python:
from behave import given, when, then

@given('the user has permission to download resources')
def step_given_user_has_permission(context):
    context.user_has_permission = True

@given('the user is on a Simple Page with a Video Widget')
def step_given_user_on_simple_page(context):
    context.on_simple_page_with_video_widget = True

@when('the user hovers over the Video Widget')
def step_when_user_hovers_over_widget(context):
    context.hovered_over_widget = True

@then('the download button is visible')
def step_then_download_button_visible(context):
    assert context.hovered_over_widget and context.user_has_permission

@when('the user clicks the download button')
def step_when_user_clicks_download_button(context):
    context.clicked_download_button = True

@then('the video resource is downloaded successfully')
def step_then_video_downloaded_successfully(context):
    assert context.clicked_download_button"
380,Guest Upload MVP: Hide Lookup Fields to Public Users,"Gherkin:
Feature: Hide Lookup Fields for Public Users

  Scenario: Public user does not see lookup fields
    Given a public user is on the upload page
    When the page is loaded
    Then the lookup fields are not displayed
    And mandatory requirements for hidden fields are skipped

Python:
from behave import given, when, then

@given('a public user is on the upload page')
def step_given_public_user_on_upload_page(context):
    context.user_type = 'public'
    context.page = 'upload'

@when('the page is loaded')
def step_when_page_is_loaded(context):
    context.page_loaded = True

@then('the lookup fields are not displayed')
def step_then_lookup_fields_not_displayed(context):
    assert context.user_type == 'public'
    assert context.page_loaded
    assert not context.lookup_fields_displayed

@then('mandatory requirements for hidden fields are skipped')
def step_then_mandatory_requirements_skipped(context):
    assert context.mandatory_requirements_skipped"
381,[QW 4/5] Requester Re-assign: Load group users(expand group > users) from workflow config - (v2 component approach),"Gherkin:
Feature: Requester Re-assign in V2 Approvals List

  Scenario: Requester attempts to re-assign a request
    Given a requester is viewing the V2 Approvals List
    And the requester is not a Workflow or Main Admin
    When the requester attempts to re-assign a request
    Then the re-assignment option is not available

Python:
from behave import given, when, then

@given('a requester is viewing the V2 Approvals List')
def step_given_requester_viewing_v2_approvals_list(context):
    context.requester_viewing_v2 = True

@given('the requester is not a Workflow or Main Admin')
def step_given_requester_not_admin(context):
    context.is_admin = False

@when('the requester attempts to re-assign a request')
def step_when_requester_attempts_reassign(context):
    context.reassign_attempt = True

@then('the re-assignment option is not available')
def step_then_reassignment_not_available(context):
    assert not context.is_admin and context.reassign_attempt"
382,Guest Upload MVP: Hide Close/Cancel/databaseName/etc for public users,"Gherkin:
Feature: Guest Upload MVP for Public Users

  Scenario: Hide unnecessary elements for public users creating a record
    Given the user is a Public user
    When the user is creating a public record
    Then the page header should display ""Create Record""
    And the 'x' close icon should be hidden

Python:
from behave import given, when, then

@given('the user is a Public user')
def step_given_user_is_public(context):
    context.user_type = 'Public'

@when('the user is creating a public record')
def step_when_creating_public_record(context):
    context.creating_record = True

@then('the page header should display ""Create Record""')
def step_then_header_displays_create_record(context):
    assert context.page_header == ""Create Record""

@then('the \'x\' close icon should be hidden')
def step_then_close_icon_hidden(context):
    assert context.close_icon_visible is False"
383,"PB - As a User, I want to move a sub page to become a standalone Smart Page (Parent)","Gherkin:
Feature: Move sub-page to standalone Smart Page

  Scenario: User moves a sub-page to become a standalone Smart Page
    Given I am on the Page Builder in editing mode
    And I have a sub-page in the Navigation Panel
    When I drag and drop the sub-page to become a standalone page
    Then the sub-page should appear as a standalone page in the Navigation Panel
    And the page list should be updated in the order of Last Updated

Python:
from behave import given, when, then

@given('I am on the Page Builder in editing mode')
def step_given_on_page_builder(context):
    pass

@given('I have a sub-page in the Navigation Panel')
def step_given_sub_page_in_navigation(context):
    pass

@when('I drag and drop the sub-page to become a standalone page')
def step_when_drag_and_drop_sub_page(context):
    pass

@then('the sub-page should appear as a standalone page in the Navigation Panel')
def step_then_sub_page_standalone(context):
    pass

@then('the page list should be updated in the order of Last Updated')
def step_then_page_list_updated(context):
    pass"
384,"PB - As a User, I want to move a page (sub-page or root-page) to a become a sub page via drag-drop","Gherkin:
Feature: Move pages via drag-and-drop in Page Builder

  Scenario: User moves a sub-page to become a sub-page of another root page
    Given I am on the Page Builder in editing mode
    And I have a sub-page under a root page
    And I have another root page available
    When I drag the sub-page to the other root page
    Then the sub-page should become a sub-page of the other root page

Python:
from behave import given, when, then

@given('I am on the Page Builder in editing mode')
def step_given_on_page_builder(context):
    pass

@given('I have a sub-page under a root page')
def step_given_sub_page_under_root(context):
    pass

@given('I have another root page available')
def step_given_another_root_page(context):
    pass

@when('I drag the sub-page to the other root page')
def step_when_drag_sub_page(context):
    pass

@then('the sub-page should become a sub-page of the other root page')
def step_then_sub_page_moved(context):
    pass"
385,"PB - As a User, I want to re-order pages within the same parent/root via Nav - FE UI component","Gherkin:
Feature: Re-order pages within the same parent via Nav Panel

  Scenario: User re-orders pages using drag-and-drop
    Given the user is on the Nav Panel in editing mode
    And the user sees a list of pages with sub-pages
    When the user drags a page to a new position
    Then the page is moved to the new position
    And the sub-pages are moved with the page
    And the sub-pages are collapsed under the page

Python:
from behave import given, when, then

@given('the user is on the Nav Panel in editing mode')
def step_given_user_on_nav_panel(context):
    pass

@given('the user sees a list of pages with sub-pages')
def step_given_user_sees_pages(context):
    pass

@when('the user drags a page to a new position')
def step_when_user_drags_page(context):
    pass

@then('the page is moved to the new position')
def step_then_page_moved(context):
    pass

@then('the sub-pages are moved with the page')
def step_then_subpages_moved(context):
    pass

@then('the sub-pages are collapsed under the page')
def step_then_subpages_collapsed(context):
    pass"
386,"PB - As a User, I want the status of  Resource added via Resource Lookup to be linked with Resource module - resource deleted scenario","Gherkin:
Feature: Link Resource Status with Resource Module

  Scenario: Resource status is linked when a resource is deleted
    Given a resource is added via Resource Lookup as an Image Widget
    And the resource is linked to the Resource module
    When the resource is deleted from the Resource module
    Then the status of the resource should be updated to ""deleted"" in the Page Builder

Python:
from behave import given, when, then

@given('a resource is added via Resource Lookup as an Image Widget')
def step_given_resource_added_as_image_widget(context):
    pass

@given('the resource is linked to the Resource module')
def step_given_resource_linked_to_module(context):
    pass

@when('the resource is deleted from the Resource module')
def step_when_resource_deleted_from_module(context):
    pass

@then('the status of the resource should be updated to ""deleted"" in the Page Builder')
def step_then_status_updated_to_deleted(context):
    pass"
387,"PB - As a User, I want to be able to download the resources added to the page, if I have permission to do so - Image widget","Gherkin:
Feature: Download resources from Image Widget

  Scenario: User downloads an image resource with permission
    Given the user is on the Simple Page in edit mode
    And the user has permission to download resources
    When the user hovers over the Image Widget
    Then the download button is visible
    And the user clicks the download button
    Then the image resource is downloaded successfully

Python:
from behave import given, when, then

@given('the user is on the Simple Page in edit mode')
def step_given_user_on_simple_page(context):
    # Code to navigate to the Simple Page in edit mode
    pass

@given('the user has permission to download resources')
def step_given_user_has_permission(context):
    # Code to ensure the user has download permissions
    pass

@when('the user hovers over the Image Widget')
def step_when_user_hovers_image_widget(context):
    # Code to simulate hovering over the Image Widget
    pass

@then('the download button is visible')
def step_then_download_button_visible(context):
    # Code to check if the download button is visible
    pass

@when('the user clicks the download button')
def step_when_user_clicks_download_button(context):
    # Code to simulate clicking the download button
    pass

@then('the image resource is downloaded successfully')
def step_then_image_downloaded_successfully(context):
    # Code to verify the image resource is downloaded
    pass"
388,"PB - As a User, I want the status of  Resource added via Resource Lookup to be linked with Resource module - resource permission lost scenario","Gherkin:
Feature: Resource Permission Management

  Scenario: User views a page with resources and sees permission lost icon
    Given the user has no permission on specific resources
    When the user views the page
    Then the user should see placeholders icon in the middle
    And the user should see a permission lost icon
    And the user should see a tooltip when hovering over the permission lost icon

Python:
from behave import given, when, then

@given('the user has no permission on specific resources')
def step_given_user_no_permission(context):
    # Code to ensure user has no permission on specific resources
    pass

@when('the user views the page')
def step_when_user_views_page(context):
    # Code to simulate user viewing the page
    pass

@then('the user should see placeholders icon in the middle')
def step_then_see_placeholders_icon(context):
    # Code to verify placeholders icon is visible
    pass

@then('the user should see a permission lost icon')
def step_then_see_permission_lost_icon(context):
    # Code to verify permission lost icon is visible
    pass

@then('the user should see a tooltip when hovering over the permission lost icon')
def step_then_see_tooltip_on_hover(context):
    # Code to verify tooltip appears on hover
    pass"
389,"PB - As an internal User, I want to set Page limits via MCP settings","Gherkin:
Feature: Set Page Limits in MCP Control Panel

  Scenario: Internal User sets Page limits for client sites
    Given I am logged into the MCP control panel as an internal user
    When I navigate to the settings page for a client site
    And I set the Page limit to ""100""
    Then the Page limit should be saved successfully

Python:
from behave import given, when, then

@given('I am logged into the MCP control panel as an internal user')
def step_impl(context):
    # Code to log into the MCP control panel as an internal user
    pass

@when('I navigate to the settings page for a client site')
def step_impl(context):
    # Code to navigate to the settings page for a client site
    pass

@when('I set the Page limit to ""100""')
def step_impl(context):
    # Code to set the Page limit to ""100""
    pass

@then('the Page limit should be saved successfully')
def step_impl(context):
    # Code to verify the Page limit is saved successfully
    pass"
390,"[Bulk/Grouped] As a user, I cannot click Submit on single level unless I am on Response tab","Gherkin:
Feature: Submit button availability on single level view

  Scenario: User cannot click Submit on Markup or Versions/Revisions tabs
    Given the user accesses a single view from the bulk review list
    When the user navigates to the Markup tab
    Then the Submit & Next button is disabled
    When the user navigates to the Versions/Revisions tab
    Then the Submit & Next button is disabled
    When the user navigates to the Response tab
    Then the Submit & Next button is enabled

Python:
from behave import given, when, then

@given('the user accesses a single view from the bulk review list')
def step_given_user_accesses_single_view(context):
    pass

@when('the user navigates to the Markup tab')
def step_when_user_navigates_markup_tab(context):
    pass

@then('the Submit & Next button is disabled')
def step_then_submit_button_disabled(context):
    pass

@when('the user navigates to the Versions/Revisions tab')
def step_when_user_navigates_versions_tab(context):
    pass

@when('the user navigates to the Response tab')
def step_when_user_navigates_response_tab(context):
    pass

@then('the Submit & Next button is enabled')
def step_then_submit_button_enabled(context):
    pass"
391,[QW] Re-assign [Reporting]: Save & Display UUID of user who re-assigns,"Gherkin:
Feature: Track re-assignment actions

  Scenario: Save and display UUID of user who re-assigns a report
    Given a report exists in the system
    And a user with UUID ""123e4567-e89b-12d3-a456-426614174000"" is logged in
    When the user re-assigns the report
    Then the system saves the UUID ""123e4567-e89b-12d3-a456-426614174000"" of the user who re-assigned
    And the system displays the UUID of the user who re-assigned

Python:
from behave import given, when, then

@given('a report exists in the system')
def step_given_report_exists(context):
    pass

@given('a user with UUID ""{uuid}"" is logged in')
def step_given_user_logged_in(context, uuid):
    pass

@when('the user re-assigns the report')
def step_when_user_reassigns_report(context):
    pass

@then('the system saves the UUID ""{uuid}"" of the user who re-assigned')
def step_then_system_saves_uuid(context, uuid):
    pass

@then('the system displays the UUID of the user who re-assigned')
def step_then_system_displays_uuid(context):
    pass"
392,"[QW 3/5] Requester Re-assign: Load users (user list, load all users) from workflow config - (v2 component approach)","Gherkin:
Feature: Requester Re-assign functionality

  Scenario: Requester attempts to re-assign a request
    Given the user is a Requester
    And the user accesses the V2 Approval List
    When the user attempts to re-assign a request
    Then the re-assignment is not allowed

Python:
from behave import given, when, then

@given('the user is a Requester')
def step_given_user_is_requester(context):
    context.user_role = 'Requester'

@given('the user accesses the V2 Approval List')
def step_given_user_accesses_v2_approval_list(context):
    context.access_list = 'V2 Approval List'

@when('the user attempts to re-assign a request')
def step_when_user_attempts_reassign(context):
    context.reassign_attempt = True

@then('the re-assignment is not allowed')
def step_then_reassignment_not_allowed(context):
    assert context.user_role == 'Requester'
    assert context.access_list == 'V2 Approval List'
    assert context.reassign_attempt
    context.reassignment_allowed = False
    assert not context.reassignment_allowed"
393,[Bulk SBT] As a user when I toggle next I want the tab to stay engaged (ie. Markup or Response) ,"Gherkin:
Feature: Bulk SBT Tab Engagement

  Scenario: User toggles next and tab stays engaged
    Given the user is on the Bulk review page
    And the user opens an individual request
    And the user selects the Markup tab
    When the user clicks the next toggle
    Then the next request opens with the Markup tab engaged

Python:
from behave import given, when, then

@given('the user is on the Bulk review page')
def step_impl(context):
    pass

@given('the user opens an individual request')
def step_impl(context):
    pass

@given('the user selects the Markup tab')
def step_impl(context):
    pass

@when('the user clicks the next toggle')
def step_impl(context):
    pass

@then('the next request opens with the Markup tab engaged')
def step_impl(context):
    pass"
394,"PB - As a User, I want to see sub-pages in Custom Page v2 index list (with a subtitle for parent)","Gherkin:
Feature: Display sub-pages in Custom Page v2 index list

  Scenario: User views sub-pages with parent subtitle
    Given the user is on the Custom Page v2 index list
    When the user clicks on the ""+"" button for a sub-page
    Then the user should see a new row with ""Parent: {parent page name}""

Python:
from behave import given, when, then

@given('the user is on the Custom Page v2 index list')
def step_given_user_on_custom_page_v2_index_list(context):
    pass

@when('the user clicks on the ""+"" button for a sub-page')
def step_when_user_clicks_plus_button_for_sub_page(context):
    pass

@then('the user should see a new row with ""Parent: {parent page name}""')
def step_then_user_sees_new_row_with_parent(context):
    pass"
395,"PB - As a User, I want to configure permissions of sub-pages in Admin -> Group","Gherkin:
Feature: Configure permissions of sub-pages in Admin -> Group

  Scenario: User configures and propagates permissions for sub-pages
    Given I am on the Admin Group Permission page
    And I can see the parent page with its sub-pages
    When I configure permissions for a sub-page
    And I trigger permission propagation
    Then the permissions should be updated for the sub-page
    And the permissions should be propagated to all sub-pages

Python:
from behave import given, when, then

@given('I am on the Admin Group Permission page')
def step_impl(context):
    pass

@given('I can see the parent page with its sub-pages')
def step_impl(context):
    pass

@when('I configure permissions for a sub-page')
def step_impl(context):
    pass

@when('I trigger permission propagation')
def step_impl(context):
    pass

@then('the permissions should be updated for the sub-page')
def step_impl(context):
    pass

@then('the permissions should be propagated to all sub-pages')
def step_impl(context):
    pass"
396,"PB - (BE) As a User, I want to create a sub-page for an exisiting Simple Page via Nav","Gherkin:
Feature: Create a sub-page for an existing Simple Page via Nav

  Scenario: User creates a sub-page from the navigation
    Given the user is on the navigation menu
    When the user clicks on the settings button of a simple page
    Then the sub-page popup should be displayed

Python:
from behave import given, when, then

@given('the user is on the navigation menu')
def step_given_user_on_navigation_menu(context):
    pass

@when('the user clicks on the settings button of a simple page')
def step_when_user_clicks_settings_button(context):
    pass

@then('the sub-page popup should be displayed')
def step_then_sub_page_popup_displayed(context):
    pass"
397,"PB - (FE integration) As a User, I want to create a sub-page for an exisiting Simple Page via Nav","Gherkin:
Feature: Create a sub-page for an existing Simple Page via Nav

  Scenario: User creates a sub-page from a Simple Page
    Given the user is on the Nav page
    When the user clicks on the settings button of a simple page
    Then the sub-page popup should be displayed

Python:
from behave import given, when, then

@given('the user is on the Nav page')
def step_given_user_on_nav_page(context):
    # Code to navigate to the Nav page
    pass

@when('the user clicks on the settings button of a simple page')
def step_when_user_clicks_settings_button(context):
    # Code to click on the settings button of a simple page
    pass

@then('the sub-page popup should be displayed')
def step_then_sub_page_popup_displayed(context):
    # Code to verify the sub-page popup is displayed
    pass"
398,[RESTRICTIONS] Same Template - Require Approval for Feedback requests cross-handling,"Gherkin:
Feature: Bulk Review of Resource Feedback Requests

  Scenario: Bulk review requests tied to the same template
    Given there are feedback requests tied to the same template
    And the ""Require Approval Response"" setting is enabled
    When I select the feedback requests for bulk review
    Then the feedback requests are successfully selected for bulk review

Python:
from behave import given, when, then

@given('there are feedback requests tied to the same template')
def step_given_feedback_requests_tied_to_same_template(context):
    pass

@given('the ""Require Approval Response"" setting is enabled')
def step_given_require_approval_response_enabled(context):
    pass

@when('I select the feedback requests for bulk review')
def step_when_select_feedback_requests_for_bulk_review(context):
    pass

@then('the feedback requests are successfully selected for bulk review')
def step_then_feedback_requests_successfully_selected(context):
    pass"
399,[Bulk Review] Same Template:  Needed until - cross date value handling,"Gherkin:
Feature: Bulk Review of Resource Download Requests with Same Template

  Scenario: Select requests with the same template for bulk review
    Given there are multiple resource download requests with the same template
    And each request has a different ""Needed until"" value
    When I select these requests for bulk review
    Then the requests are successfully selected for bulk review

Python:
from behave import given, when, then

@given('there are multiple resource download requests with the same template')
def step_given_multiple_requests_with_same_template(context):
    pass

@given('each request has a different ""Needed until"" value')
def step_given_different_needed_until_values(context):
    pass

@when('I select these requests for bulk review')
def step_when_select_requests_for_bulk_review(context):
    pass

@then('the requests are successfully selected for bulk review')
def step_then_requests_successfully_selected(context):
    pass"
400,[RESTRICTIONS] Allow same Template Staged requests to be selected together if number of stages *in config* doesn't match (or conditional requests with different stages),"Gherkin:
Feature: Bulk Review of Staged Pending Requests

  Scenario: Select same Template Staged requests for Bulk Review
    Given there are staged pending requests tied to the same Template
    And the requests are on the same current stage
    When I attempt to select the requests for Bulk Review
    Then the requests are successfully selected together

Python:
from behave import given, when, then

@given('there are staged pending requests tied to the same Template')
def step_given_staged_pending_requests(context):
    # Code to ensure staged pending requests tied to the same Template exist
    pass

@given('the requests are on the same current stage')
def step_given_requests_on_same_stage(context):
    # Code to ensure requests are on the same current stage
    pass

@when('I attempt to select the requests for Bulk Review')
def step_when_select_requests_for_bulk_review(context):
    # Code to attempt selection of requests for Bulk Review
    pass

@then('the requests are successfully selected together')
def step_then_requests_selected_together(context):
    # Code to verify requests are selected together
    pass"
401,'Review Request' in footer should be plural  - change to 'Review Request(s)',"Gherkin:
Feature: Update footer text for review requests

  Scenario: Update 'Review Request' to 'Review Request(s)' in Bulk Action Footer
    Given the user is on the Bulk Action page
    When the footer is displayed
    Then the footer should show 'Review Request(s)'

Python:
from behave import given, when, then

@given('the user is on the Bulk Action page')
def step_given_user_on_bulk_action_page(context):
    # Code to navigate to the Bulk Action page
    pass

@when('the footer is displayed')
def step_when_footer_is_displayed(context):
    # Code to ensure the footer is displayed
    pass

@then('the footer should show ""Review Request(s)""')
def step_then_footer_shows_review_requests(context):
    # Code to verify the footer text is 'Review Request(s)'
    pass"
402,[Bulk SBT] Staged requests: values carry over for staged requests in individual response (should be wiped after stage response is submitted),"Gherkin:
Feature: Bulk SBT Staged Requests Handling

  Scenario: Clear response fields after bulk response with pending stages
    Given there are staged requests in the Bulk List
    When the user responds in Bulk and the request remains pending
    Then the response fields for that request are cleared

Python:
from behave import given, when, then

@given('there are staged requests in the Bulk List')
def step_given_staged_requests_in_bulk_list(context):
    # Code to ensure staged requests are present in the Bulk List
    pass

@when('the user responds in Bulk and the request remains pending')
def step_when_user_responds_in_bulk_and_request_remains_pending(context):
    # Code to simulate user responding in Bulk and request remaining pending
    pass

@then('the response fields for that request are cleared')
def step_then_response_fields_are_cleared(context):
    # Code to verify that the response fields are cleared
    pass"
403,"BP - As a User, I want to choose the best quality of single selected Image resource via Resource Lookup to appear as original file as a background image in the target area (download linkage)","Gherkin:
Feature: Select and set the best quality image as background

  Scenario: User selects an image and chooses the best quality
    Given the user is on the Resource Lookup overlay
    When the user selects a single image resource
    And the user proceeds to the Choose Image Quality popup
    Then the Image Quality options popup is displayed in Page Builder
    And the user selects the best quality option
    And the image is set as the background in the target area

Python:
from behave import given, when, then

@given('the user is on the Resource Lookup overlay')
def step_given_user_on_resource_lookup_overlay(context):
    pass

@when('the user selects a single image resource')
def step_when_user_selects_single_image_resource(context):
    pass

@when('the user proceeds to the Choose Image Quality popup')
def step_when_user_proceeds_to_choose_image_quality_popup(context):
    pass

@then('the Image Quality options popup is displayed in Page Builder')
def step_then_image_quality_options_popup_displayed(context):
    pass

@then('the user selects the best quality option')
def step_then_user_selects_best_quality_option(context):
    pass

@then('the image is set as the background in the target area')
def step_then_image_set_as_background(context):
    pass"
404,"BP - As a User, I want to choose the best quality of single selected Image resource via Resource Lookup to appear as original file in Image Widget (download linkage)","Gherkin:
Feature: Image Quality Selection

  Scenario: User selects the best quality for a single image resource
    Given the user is on the Resource Lookup overlay
    When the user selects a single image resource
    And the user proceeds to the Choose Image Quality popup
    Then the Image Quality options popup is displayed in the Page Builder

Python:
from behave import given, when, then

@given('the user is on the Resource Lookup overlay')
def step_given_user_on_resource_lookup_overlay(context):
    pass

@when('the user selects a single image resource')
def step_when_user_selects_single_image_resource(context):
    pass

@when('the user proceeds to the Choose Image Quality popup')
def step_when_user_proceeds_to_choose_image_quality_popup(context):
    pass

@then('the Image Quality options popup is displayed in the Page Builder')
def step_then_image_quality_options_popup_displayed(context):
    pass"
405,[QW] Option to access to the Usage Reporting of an object with any permission to it vs requiring the highest level [following research in IB-41918],"Gherkin:
Feature: Access Usage Reporting with any permission

  Scenario: Access Usage Reporting with any permission enabled
    Given the user is on the Admin Settings page
    And the Reports Access Restrictions option is available under the General section
    When the user enables the Reports Access Restrictions option
    Then the user can access the Usage Reporting of an object with any permission

Python:
from behave import given, when, then

@given('the user is on the Admin Settings page')
def step_given_user_on_admin_settings_page(context):
    pass

@given('the Reports Access Restrictions option is available under the General section')
def step_given_reports_access_restrictions_option_available(context):
    pass

@when('the user enables the Reports Access Restrictions option')
def step_when_user_enables_reports_access_restrictions_option(context):
    pass

@then('the user can access the Usage Reporting of an object with any permission')
def step_then_user_can_access_usage_reporting(context):
    pass"
406,Record File Grouped Requests handled in Group Review Page,"Gherkin:
Feature: Group Review Page for File Grouped Requests

  Scenario: Display Grouped Requests on Group Review Page
    Given the user is on the Group Review Page
    When the user views the page design
    Then the page design matches the Grouped Download handling
    And the Bulk Download option is not displayed

Python:
from behave import given, when, then

@given('the user is on the Group Review Page')
def step_given_user_on_group_review_page(context):
    pass

@when('the user views the page design')
def step_when_user_views_page_design(context):
    pass

@then('the page design matches the Grouped Download handling')
def step_then_page_design_matches_grouped_download(context):
    pass

@then('the Bulk Download option is not displayed')
def step_then_bulk_download_not_displayed(context):
    pass"
407,Record File Grouped Requests added to Group tab,"Gherkin:
Feature: Display Grouped Tab for Grouped Record File Requests

  Scenario: User sees Grouped Tab after making a Grouped Record File request
    Given a user who has never seen the Grouped Tab
    When the user makes their first Grouped Record File request
    Then the Grouped Tab should be visible in the V3 Approval List

Python:
from behave import given, when, then

@given('a user who has never seen the Grouped Tab')
def step_given_user_never_seen_grouped_tab(context):
    context.user_has_seen_grouped_tab = False

@when('the user makes their first Grouped Record File request')
def step_when_user_makes_first_grouped_request(context):
    context.user_makes_grouped_request = True

@then('the Grouped Tab should be visible in the V3 Approval List')
def step_then_grouped_tab_visible(context):
    assert context.user_makes_grouped_request and not context.user_has_seen_grouped_tab
    context.user_has_seen_grouped_tab = True"
408,Publish Resource Grouped Requests handled in Group Review Page,"Gherkin:
Feature: Publish Resource Grouped Requests

  Scenario: User publishes resource grouped requests on the Group Review Page
    Given the user is on the Group Review Page
    When the user selects a resource group to publish
    Then the resource group is published successfully
    And the Bulk Download option is not displayed

Python:
from behave import given, when, then

@given('the user is on the Group Review Page')
def step_given_user_on_group_review_page(context):
    pass

@when('the user selects a resource group to publish')
def step_when_user_selects_resource_group(context):
    pass

@then('the resource group is published successfully')
def step_then_resource_group_published(context):
    pass

@then('the Bulk Download option is not displayed')
def step_then_bulk_download_not_displayed(context):
    pass"
409,Publish Resource Grouped Requests added to Group tab,"Gherkin:
Feature: Display Grouped Tab for Grouped Resource Publish Requests

  Scenario: User sees Grouped Tab after making a Grouped Resource Publish request
    Given a user who has never seen the Grouped Tab
    When the user makes their first Grouped Resource Publish request
    Then the Grouped Tab should be visible in the V3 Approvals List

Python:
from behave import given, when, then

@given('a user who has never seen the Grouped Tab')
def step_given_user_never_seen_grouped_tab(context):
    context.user_has_seen_grouped_tab = False

@when('the user makes their first Grouped Resource Publish request')
def step_when_user_makes_first_grouped_request(context):
    context.user_makes_grouped_request = True

@then('the Grouped Tab should be visible in the V3 Approvals List')
def step_then_grouped_tab_visible(context):
    assert context.user_makes_grouped_request and not context.user_has_seen_grouped_tab
    context.user_has_seen_grouped_tab = True"
410,Grouped Record Files - Grouped Completion Email to Requester,"Gherkin:
Feature: Grouped Record Files Email Notification

  Scenario: Send grouped completion email when grouped requests are enabled
    Given the ""Enable Grouped Requests"" setting is enabled
    And the ""Requester > Grouped Request has been completed"" notification setting is enabled
    When a grouped record file request is made
    Then a grouped completion email is sent to the requester
    And individual completion emails are not sent

Python:
from behave import given, when, then

@given('the ""Enable Grouped Requests"" setting is enabled')
def step_impl_enable_grouped_requests(context):
    context.enable_grouped_requests = True

@given('the ""Requester > Grouped Request has been completed"" notification setting is enabled')
def step_impl_enable_grouped_notification(context):
    context.grouped_notification_enabled = True

@when('a grouped record file request is made')
def step_impl_make_grouped_request(context):
    context.grouped_request_made = True

@then('a grouped completion email is sent to the requester')
def step_impl_send_grouped_email(context):
    assert context.enable_grouped_requests
    assert context.grouped_notification_enabled
    assert context.grouped_request_made
    context.grouped_email_sent = True

@then('individual completion emails are not sent')
def step_impl_no_individual_emails(context):
    assert context.grouped_email_sent
    context.individual_emails_sent = False"
411,Grouped Record Files - Grouped Email Notification Settings added to Record File Templates,"Gherkin:
Feature: Grouped Email Notification Settings for Record File Templates

  Scenario: Enable Grouped Requests and verify additional Notification options
    Given the MCP development setting is enabled
    And the Enable Grouped Requests setting is enabled in Admin Workflow for a Record File Approval Template
    When the User Notifications is set to 'Select'
    Then additional Notification options should appear including Requester Emails

Python:
from behave import given, when, then

@given('the MCP development setting is enabled')
def step_impl(context):
    # Code to ensure MCP development setting is enabled
    pass

@given('the Enable Grouped Requests setting is enabled in Admin Workflow for a Record File Approval Template')
def step_impl(context):
    # Code to enable Grouped Requests setting in Admin Workflow
    pass

@when('the User Notifications is set to \'Select\'')
def step_impl(context):
    # Code to set User Notifications to 'Select'
    pass

@then('additional Notification options should appear including Requester Emails')
def step_impl(context):
    # Code to verify additional Notification options appear
    pass"
412,Grouped Resource Publish - Grouped Completion Email to Requester,"Gherkin:
Feature: Grouped Resource Publish Notification

  Scenario: Send grouped completion email to requester when grouped requests are enabled
    Given the ""Enable Grouped Requests"" setting is enabled
    And the ""Requester > Grouped Request has been completed"" notification setting is enabled
    When a group resource publish request is made
    Then a grouped completion email is sent to the requester
    And individual completion emails are not sent

Python:
from behave import given, when, then

@given('the ""Enable Grouped Requests"" setting is enabled')
def step_impl_enable_grouped_requests(context):
    context.enable_grouped_requests = True

@given('the ""Requester > Grouped Request has been completed"" notification setting is enabled')
def step_impl_enable_grouped_notification(context):
    context.grouped_notification_enabled = True

@when('a group resource publish request is made')
def step_impl_group_resource_publish_request(context):
    context.group_resource_publish_request_made = True

@then('a grouped completion email is sent to the requester')
def step_impl_grouped_email_sent(context):
    assert context.group_resource_publish_request_made
    assert context.enable_grouped_requests
    assert context.grouped_notification_enabled
    context.grouped_email_sent = True

@then('individual completion emails are not sent')
def step_impl_no_individual_emails(context):
    assert context.grouped_email_sent
    context.individual_emails_sent = False"
413,Grouped Resource Publish - Grouped Email Notification Settings added to Resource Publish Templates,"Gherkin:
Feature: Grouped Email Notification Settings in Resource Publish Templates

  Scenario: Enable Grouped Requests and verify additional Notification options
    Given MCP development setting is enabled
    And the 'Enable Grouped Requests' setting is enabled in Admin Workflow location
    And User Notifications is set to 'Select'
    When I navigate to the Resource Publish Workflow Templates
    Then additional Notification options should appear

Python:
from behave import given, when, then

@given('MCP development setting is enabled')
def step_given_mcp_development_setting_enabled(context):
    # Code to ensure MCP development setting is enabled
    pass

@given(""the 'Enable Grouped Requests' setting is enabled in Admin Workflow location"")
def step_given_enable_grouped_requests_setting_enabled(context):
    # Code to enable 'Enable Grouped Requests' setting
    pass

@given(""User Notifications is set to 'Select'"")
def step_given_user_notifications_set_to_select(context):
    # Code to set User Notifications to 'Select'
    pass

@when('I navigate to the Resource Publish Workflow Templates')
def step_when_navigate_to_resource_publish_workflow_templates(context):
    # Code to navigate to Resource Publish Workflow Templates
    pass

@then('additional Notification options should appear')
def step_then_additional_notification_options_should_appear(context):
    # Code to verify additional Notification options appear
    pass"
414,"PB - As a User, I want to delete pages via Nav - FE","Gherkin:
Feature: Delete a page via navigation

  Scenario: User deletes a page from navigation
    Given the user is on the navigation page
    When the user clicks on the settings button of a simple page
    And the user clicks on the delete option
    Then the deletion popup should be displayed

Python:
from behave import given, when, then

@given('the user is on the navigation page')
def step_given_user_on_navigation_page(context):
    pass

@when('the user clicks on the settings button of a simple page')
def step_when_user_clicks_settings_button(context):
    pass

@when('the user clicks on the delete option')
def step_when_user_clicks_delete_option(context):
    pass

@then('the deletion popup should be displayed')
def step_then_deletion_popup_displayed(context):
    pass"
415,"PB - (DND replace) As a User, I want to create a sub-page for an exisiting Smart Page via Nav","Gherkin:
Feature: Create a sub-page for an existing Smart Page via Nav

  Scenario: User creates a sub-page successfully
    Given the user is on the Smart Page
    When the user clicks on the setting button of the simple page from Nav
    And the sub-page popup is displayed
    And the user inputs the sub-page's title
    And the user clicks ""Save""
    Then the sub-page is created successfully

Python:
from behave import given, when, then

@given('the user is on the Smart Page')
def step_given_user_on_smart_page(context):
    pass

@when('the user clicks on the setting button of the simple page from Nav')
def step_when_user_clicks_setting_button(context):
    pass

@when('the sub-page popup is displayed')
def step_when_sub_page_popup_displayed(context):
    pass

@when('the user inputs the sub-page\'s title')
def step_when_user_inputs_sub_page_title(context):
    pass

@when('the user clicks ""Save""')
def step_when_user_clicks_save(context):
    pass

@then('the sub-page is created successfully')
def step_then_sub_page_created_successfully(context):
    pass"
416,[X-Template] Bulk Approvals - Select logic: Advanced cross template/type select (excluding record requests) - Full support/logic,"Gherkin:
Feature: Bulk Approvals - Advanced Cross Template Select

  Scenario: Select multiple templates with bulk reviewing enabled
    Given multiple templates have ""Enable Bulk Reviewing"" enabled
    When the user selects an item from the Approval List
    Then the system allows selection of other requests from enabled templates

Python:
from behave import given, when, then

@given('multiple templates have ""Enable Bulk Reviewing"" enabled')
def step_given_multiple_templates_enabled(context):
    # Code to ensure multiple templates have bulk reviewing enabled
    pass

@when('the user selects an item from the Approval List')
def step_when_user_selects_item(context):
    # Code to simulate user selecting an item from the Approval List
    pass

@then('the system allows selection of other requests from enabled templates')
def step_then_system_allows_selection(context):
    # Code to verify the system allows selection of other requests
    pass"
417,[RESTRICTIONS] Select logic: Extended same settings/ template across params for Selection,"Gherkin:
Feature: Bulk Review Selection

  Scenario: Select items for Bulk Review based on Workflow Template
    Given an Approval List with multiple requests using the same Workflow Template
    When the user selects one request from the Approval List
    Then all requests using the same Workflow Template are selected for Bulk Review

Python:
from behave import given, when, then

@given('an Approval List with multiple requests using the same Workflow Template')
def step_given_approval_list_with_template(context):
    context.approval_list = [
        {'id': 1, 'template': 'TemplateA'},
        {'id': 2, 'template': 'TemplateA'},
        {'id': 3, 'template': 'TemplateB'}
    ]
    context.selected_template = 'TemplateA'

@when('the user selects one request from the Approval List')
def step_when_user_selects_request(context):
    context.selected_request = context.approval_list[0]

@then('all requests using the same Workflow Template are selected for Bulk Review')
def step_then_requests_selected_for_bulk_review(context):
    selected_requests = [
        request for request in context.approval_list
        if request['template'] == context.selected_template
    ]
    assert len(selected_requests) == 2"
418,Bulk Approve Response action Tracking surfacing in Stats - new column in Responses (Bulk Review > in > Yes),"Gherkin:
Feature: Bulk Approve Response Tracking in Stats

  Scenario: Display Bulk Approve Response action in new Stats column
    Given the backend data captures bulk approve response actions
    When the user accesses the Stats page
    Then the new column in Responses shows ""Bulk Review > in > Yes""

Python:
from behave import given, when, then

@given('the backend data captures bulk approve response actions')
def step_given_backend_data_captures_bulk_approve(context):
    # Simulate backend data capturing
    context.backend_data = {'bulk_approve': True}

@when('the user accesses the Stats page')
def step_when_user_accesses_stats_page(context):
    # Simulate accessing the Stats page
    context.stats_page_accessed = True

@then('the new column in Responses shows ""Bulk Review > in > Yes""')
def step_then_new_column_shows_bulk_review(context):
    # Check if the new column displays the correct information
    assert context.backend_data['bulk_approve'] is True
    assert context.stats_page_accessed is True
    context.response_column = ""Bulk Review > in > Yes""
    assert context.response_column == ""Bulk Review > in > Yes"""
419,"[RESTRICTIONS] Cross param handling of 'Complete Stage/Complete Request' (merge setting in bulk, apply to relevant in bulk action)","Gherkin:
Feature: Cross parameter handling of 'Complete Stage/Complete Request' in Bulk Review

  Scenario: Merge Complete Stage and Complete Request settings in Bulk Review
    Given a mix of requests with ""Complete Stage"" and ""Complete Request"" fields selected by an Admin user
    When the Admin user accesses the Bulk Review panel
    Then the settings are merged into ""Complete Stage / Request""

Python:
from behave import given, when, then

@given('a mix of requests with ""Complete Stage"" and ""Complete Request"" fields selected by an Admin user')
def step_given_mix_of_requests(context):
    pass

@when('the Admin user accesses the Bulk Review panel')
def step_when_access_bulk_review(context):
    pass

@then('the settings are merged into ""Complete Stage / Request""')
def step_then_merge_settings(context):
    pass"
420,"[RESTRICTIONS] Cross param handling of 'Hide Decline' (hide Decline if all share param,  ignore Bulk Apply of Decline to items that don't apply)","Gherkin:
Feature: Cross parameter handling of 'Hide Decline' in Bulk Review

  Scenario: Display Decline option when mixed items are selected for Bulk Review
    Given a list of requests with mixed 'Hide Decline' settings
    When the user selects these requests for Bulk Review
    Then the Bulk Review response panel displays the Decline option

Python:
from behave import given, when, then

@given('a list of requests with mixed \'Hide Decline\' settings')
def step_given_mixed_hide_decline_settings(context):
    context.requests = [{'id': 1, 'hide_decline': True}, {'id': 2, 'hide_decline': False}]

@when('the user selects these requests for Bulk Review')
def step_when_user_selects_requests_for_bulk_review(context):
    context.selected_requests = context.requests

@then('the Bulk Review response panel displays the Decline option')
def step_then_bulk_review_panel_displays_decline_option(context):
    assert any(not req['hide_decline'] for req in context.selected_requests)"
421,[RESTRICTIONS] Cross param handling of 'Yes with Comments' (show when one request has this - ignore items on bulk that don't apply),"Gherkin:
Feature: Bulk Review with Approve with Comments Option

  Scenario: Display 'Approve with Comments' option in Bulk Review
    Given a Bulk Review contains items with 'Approve with Comments'
    When the Bulk Review response panel is displayed
    Then the 'Approve with Comments' option should be shown

Python:
from behave import given, when, then

@given('a Bulk Review contains items with ""Approve with Comments""')
def step_given_bulk_review_contains_items_with_approve_with_comments(context):
    context.bulk_review_items = ['Approve with Comments', 'Approve', 'Approve with Comments']

@when('the Bulk Review response panel is displayed')
def step_when_bulk_review_response_panel_is_displayed(context):
    context.panel_displayed = True

@then('the ""Approve with Comments"" option should be shown')
def step_then_approve_with_comments_option_should_be_shown(context):
    assert 'Approve with Comments' in context.bulk_review_items
    assert context.panel_displayed is True"
422,Bulk Approve Response UUID {createdInBulkId} condition in Stats - so we can see all requests responded to together,"Gherkin:
Feature: Bulk Approve Response UUID in Stats

  Scenario: Display Bulk Approve Response UUID under Bulk Review
    Given I am on the Stats page
    When I select the column dropdown
    Then I should see ""Bulk Review"" with the Bulk Approve Response UUID {createdInBulkId} listed

Python:
from behave import given, when, then

@given('I am on the Stats page')
def step_given_on_stats_page(context):
    # Navigate to the Stats page
    pass

@when('I select the column dropdown')
def step_when_select_column_dropdown(context):
    # Select the column dropdown
    pass

@then('I should see ""Bulk Review"" with the Bulk Approve Response UUID {createdInBulkId} listed')
def step_then_see_bulk_review_with_uuid(context, createdInBulkId):
    # Verify Bulk Review with the UUID is listed
    pass"
423,Bulk Approve Response UUID  {createdInBulkId} display column in Stats - Workflow Responses(to be used in condition),"Gherkin:
Feature: Display Bulk Approve Response UUID in Stats

  Scenario: Display createdInBulkId in Stats column for Workflow Responses
    Given the backend has captured data with createdInBulkId
    When the user views the Stats for Workflow Responses
    Then the Stats should display the createdInBulkId in the new column

Python:
from behave import given, when, then

@given('the backend has captured data with createdInBulkId')
def step_given_backend_captured_data(context):
    # Simulate backend data capture
    context.created_in_bulk_id = ""12345""

@when('the user views the Stats for Workflow Responses')
def step_when_user_views_stats(context):
    # Simulate user viewing stats
    context.stats_viewed = True

@then('the Stats should display the createdInBulkId in the new column')
def step_then_stats_display_created_in_bulk_id(context):
    # Check if the createdInBulkId is displayed
    assert context.stats_viewed
    assert context.created_in_bulk_id == ""12345"""
424,[RESTRICTIONS] Cross param handling of Comment field (plain text on bulk page regardless of if rich on request),"Gherkin:
Feature: Bulk Review Comment Handling

  Scenario: Display plain text comment option for mixed requests
    Given a set of requests with mixed comment types is selected for Bulk Review
    When the Bulk Review response panel is opened
    Then the plain text comment option is displayed
    And text entered in the plain text field is applied to all requests

Python:
from behave import given, when, then

@given('a set of requests with mixed comment types is selected for Bulk Review')
def step_given_mixed_requests_for_bulk_review(context):
    # Code to simulate selection of requests with mixed comment types
    pass

@when('the Bulk Review response panel is opened')
def step_when_bulk_review_panel_opened(context):
    # Code to simulate opening the Bulk Review response panel
    pass

@then('the plain text comment option is displayed')
def step_then_plain_text_option_displayed(context):
    # Code to verify that the plain text comment option is displayed
    pass

@then('text entered in the plain text field is applied to all requests')
def step_then_text_applied_to_all_requests(context):
    # Code to verify that text is applied to all requests
    pass"
425,Bulk Approve action Tracking surfacing in Review Request - Responses,"Gherkin:
Feature: Bulk Approve Action Tracking

  Scenario: Display UI indicator for bulk response submission
    Given a user is on the Review Request page
    And there are multiple responses submitted in bulk
    When the user views the Request Status
    Then the UI should display an indicator for bulk submission

Python:
from behave import given, when, then

@given('a user is on the Review Request page')
def step_given_user_on_review_request_page(context):
    pass

@given('there are multiple responses submitted in bulk')
def step_given_bulk_responses_submitted(context):
    pass

@when('the user views the Request Status')
def step_when_user_views_request_status(context):
    pass

@then('the UI should display an indicator for bulk submission')
def step_then_ui_displays_bulk_indicator(context):
    pass"
426,Bulk Approve Response action Tracking surfacing in Stats - new condition in Responses (Bulk Review > in > Yes),"Gherkin:
Feature: Bulk Approve Response Tracking

  Scenario: Display Bulk Review condition in Responses
    Given the user is on the Responses page
    When the user opens the condition dropdown
    Then the ""Bulk Review > in > Yes"" option is displayed under ""Reviewer Comment""

Python:
from behave import given, when, then

@given('the user is on the Responses page')
def step_given_user_on_responses_page(context):
    pass

@when('the user opens the condition dropdown')
def step_when_user_opens_condition_dropdown(context):
    pass

@then('the ""Bulk Review > in > Yes"" option is displayed under ""Reviewer Comment""')
def step_then_bulk_review_option_displayed(context):
    pass"
427,[RESTRICTIONS] When we detect not all requests have same params we modify Response section (Overall check for non-matching params),"Gherkin:
Feature: Detect and modify response for non-matching params in BulkReview

  Scenario: Modify response when requests have non-matching params
    Given a BulkReview component with multiple requests
    When the requests have non-matching params
    Then the response section is modified accordingly

Python:
from behave import given, when, then

@given('a BulkReview component with multiple requests')
def step_given_bulk_review_component(context):
    context.requests = [
        {'param1': 'value1', 'param2': 'value2'},
        {'param1': 'value1', 'param2': 'different_value'}
    ]

@when('the requests have non-matching params')
def step_when_requests_have_non_matching_params(context):
    context.non_matching = any(
        req['param2'] != context.requests[0]['param2'] for req in context.requests
    )

@then('the response section is modified accordingly')
def step_then_response_is_modified(context):
    assert context.non_matching is True
    context.response_modified = True"
428,"[QW] Stats - Workflow Responses: Add in data column for ""Requester Comment"" [to be done after IB-18115]","Gherkin:
Feature: Display Requester Comment in Workflow Responses

  Scenario: Display Requester Comment in the data column
    Given a request is submitted with a comment by the requester
    When the workflow responses are retrieved
    Then the data column should display the requester comment under 'Requester' in the child column dropdown

Python:
from behave import given, when, then

@given('a request is submitted with a comment by the requester')
def step_given_request_submitted_with_comment(context):
    context.request_comment = ""This is a requester comment""
    # Simulate request submission with comment

@when('the workflow responses are retrieved')
def step_when_workflow_responses_retrieved(context):
    context.retrieved_comment = ""This is a requester comment""
    # Simulate retrieval of workflow responses

@then('the data column should display the requester comment under \'Requester\' in the child column dropdown')
def step_then_display_requester_comment(context):
    assert context.retrieved_comment == context.request_comment
    # Verify the comment is displayed correctly under 'Requester'"
429,"PB - As a User, I want to see Nav panel when viewing a Simple Page","Gherkin:
Feature: View Navigation Panel on Simple Page

  Scenario: User views the navigation panel on a Simple Page
    Given the user is on a Simple Page
    When the user clicks the extend/collapse button icon
    Then the Left Side Panel is displayed
    And the user can see all saved Simple pages according to their permissions

Python:
from behave import given, when, then

@given('the user is on a Simple Page')
def step_given_user_on_simple_page(context):
    # Code to navigate to a Simple Page
    pass

@when('the user clicks the extend/collapse button icon')
def step_when_user_clicks_button(context):
    # Code to simulate clicking the extend/collapse button
    pass

@then('the Left Side Panel is displayed')
def step_then_panel_is_displayed(context):
    # Code to verify the Left Side Panel is displayed
    pass

@then('the user can see all saved Simple pages according to their permissions')
def step_then_user_sees_saved_pages(context):
    # Code to verify the user sees saved Simple pages according to permissions
    pass"
430,"PB - As a User, I want to switch pages via Nav (with popup msg if there is a change during editing/previewing)","Gherkin:
Feature: Page Navigation with Unsaved Changes Warning

  Scenario: User receives a popup warning when navigating away with unsaved changes
    Given the user is editing a page with unsaved changes
    When the user attempts to navigate to another page
    Then a popup warning message is displayed

Python:
from behave import given, when, then

@given('the user is editing a page with unsaved changes')
def step_given_user_editing_page_with_unsaved_changes(context):
    context.page = 'editing'
    context.unsaved_changes = True

@when('the user attempts to navigate to another page')
def step_when_user_attempts_to_navigate(context):
    context.navigation_attempt = True

@then('a popup warning message is displayed')
def step_then_popup_warning_displayed(context):
    assert context.unsaved_changes is True
    assert context.navigation_attempt is True
    context.popup_displayed = True"
431,"PB - As a User, I want to see Nav panel when editing a Simple Page(FE)","Gherkin:
Feature: Navigation Panel Visibility

  Scenario: User sees the ""Pages"" tab in the Right Side Panel when editing a Simple Page
    Given the user is editing an existing Simple Page
    When the Right Side Panel is displayed
    Then the ""Pages"" tab should be visible and opened by default
    And the user should see all saved Simple Pages according to their permissions

Python:
from behave import given, when, then

@given('the user is editing an existing Simple Page')
def step_given_user_editing_simple_page(context):
    # Code to ensure the user is editing a Simple Page
    pass

@when('the Right Side Panel is displayed')
def step_when_right_side_panel_displayed(context):
    # Code to display the Right Side Panel
    pass

@then('the ""Pages"" tab should be visible and opened by default')
def step_then_pages_tab_visible_opened(context):
    # Code to check the ""Pages"" tab is visible and opened
    pass

@then('the user should see all saved Simple Pages according to their permissions')
def step_then_user_sees_saved_pages(context):
    # Code to verify the user sees saved Simple Pages based on permissions
    pass"
432,"PB - As a User, I want to see Nav panel when creating a Simple Page(BE)","Gherkin:
Feature: Navigation Panel Visibility

  Scenario: User sees the Nav panel when creating a Simple Page
    Given the user is on the Simple Page creation screen
    When the user looks at the Right Side Panel
    Then the ""Pages"" tab is visible and opened by default
    And the user sees all saved Simple pages according to their permissions
    And the pages are listed in order of Last Updated

Python:
from behave import given, when, then

@given('the user is on the Simple Page creation screen')
def step_given_user_on_simple_page_creation_screen(context):
    pass

@when('the user looks at the Right Side Panel')
def step_when_user_looks_at_right_side_panel(context):
    pass

@then('the ""Pages"" tab is visible and opened by default')
def step_then_pages_tab_visible_and_opened(context):
    pass

@then('the user sees all saved Simple pages according to their permissions')
def step_then_user_sees_saved_simple_pages(context):
    pass

@then('the pages are listed in order of Last Updated')
def step_then_pages_listed_in_order_of_last_updated(context):
    pass"
433,[GDA] -  As a User if I don't have permission to download the item I have to request permission to download again (or cannot download) - Part 2/2 - single download button,"Gherkin:
Feature: Request permission to download an item

  Scenario: User requests permission to download when not authorized
    Given the user is on the item page
    And the user does not have permission to download the item
    When the user clicks the single download icon
    Then the user is prompted to request permission to download

Python:
from behave import given, when, then

@given('the user is on the item page')
def step_given_user_on_item_page(context):
    pass

@given('the user does not have permission to download the item')
def step_given_user_no_permission(context):
    pass

@when('the user clicks the single download icon')
def step_when_user_clicks_download_icon(context):
    pass

@then('the user is prompted to request permission to download')
def step_then_user_prompted_request_permission(context):
    pass"
434,"As a User, I want to see ""Closed Caption"" only when file format is enabled as Video from Filter Panel in Resource module","Gherkin:
Feature: Display Closed Caption based on File Format selection

  Scenario: Closed Caption is visible when Video is selected
    Given the user is on the Resource module Filter Panel
    And the Closed Caption option is invisible
    When the user selects ""Video"" as the File Format
    Then the Closed Caption option becomes visible

Python:
from behave import given, when, then

@given('the user is on the Resource module Filter Panel')
def step_given_user_on_filter_panel(context):
    pass

@given('the Closed Caption option is invisible')
def step_given_closed_caption_invisible(context):
    pass

@when('the user selects ""Video"" as the File Format')
def step_when_user_selects_video(context):
    pass

@then('the Closed Caption option becomes visible')
def step_then_closed_caption_visible(context):
    pass"
435,"[Cross Folder Bulk Edit] As a bulk edit user, I can see the Folder Filter in single view","Gherkin:
Feature: Cross Folder Bulk Edit

  Scenario: Display Folder Filter in Single View
    Given I am on the Single Request page
    When I select a single request
    Then I should see the Folder Filter with the relevant folder selected

Python:
from behave import given, when, then

@given('I am on the Single Request page')
def step_given_on_single_request_page(context):
    pass

@when('I select a single request')
def step_when_select_single_request(context):
    pass

@then('I should see the Folder Filter with the relevant folder selected')
def step_then_see_folder_filter_with_relevant_folder(context):
    pass"
436,"BP - As a User, I want the single selected Video resource via Resource Lookup to appear in Video Widget (preview linkage)","Gherkin:
Feature: Video Resource Preview in Video Widget

  Scenario: Display selected video resource in Video Widget
    Given a user has selected a video resource with .mp4 file type
    When the user uploads the selected video resource to the page
    Then the video resource should appear in the Video Widget with a preview link

Python:
from behave import given, when, then

@given('a user has selected a video resource with .mp4 file type')
def step_given_user_selected_video_resource(context):
    context.selected_video = ""example_video.mp4""

@when('the user uploads the selected video resource to the page')
def step_when_user_uploads_video_resource(context):
    context.uploaded_video = context.selected_video

@then('the video resource should appear in the Video Widget with a preview link')
def step_then_video_appears_in_widget(context):
    assert context.uploaded_video == ""example_video.mp4""
    assert ""preview_link"" in context.uploaded_video"
437,"BP - As a User, I want the single selected Image resource via Resource Lookup to appear in Image Widget (preview linkage)","Gherkin:
Feature: Display selected image resource in Image Widget

  Scenario: Display the latest single-selected image in the Image Widget
    Given a user has selected an image resource via Resource Lookup
    When the user confirms the selection
    Then the selected image resource should appear in the Image Widget with its preview link

Python:
from behave import given, when, then

@given('a user has selected an image resource via Resource Lookup')
def step_given_user_selected_image_resource(context):
    context.selected_image = ""image_resource_link""

@when('the user confirms the selection')
def step_when_user_confirms_selection(context):
    context.confirmed_image = context.selected_image

@then('the selected image resource should appear in the Image Widget with its preview link')
def step_then_image_appears_in_widget(context):
    assert context.confirmed_image == ""image_resource_link"""
438,"BP - As a User, I want the single selected Image resource via Resource Lookup to appear as a background image in the target area (preview linkage)","Gherkin:
Feature: Display selected image resource as background

  Scenario: Display single selected image as background in target area
    Given a user has selected an image resource via Resource Lookup
    When the user sets the image as the background in the target area
    Then the image appears as the background in the Page, Section, and Block
    And the user can see the image resource by its preview link

Python:
from behave import given, when, then

@given('a user has selected an image resource via Resource Lookup')
def step_given_user_selected_image(context):
    context.selected_image = ""image_resource""
    assert context.selected_image is not None

@when('the user sets the image as the background in the target area')
def step_when_user_sets_image_background(context):
    context.target_area = ""Page, Section, Block""
    context.background_image = context.selected_image
    assert context.background_image == context.selected_image

@then('the image appears as the background in the Page, Section, and Block')
def step_then_image_appears_background(context):
    assert context.background_image == context.selected_image

@then('the user can see the image resource by its preview link')
def step_then_user_sees_preview_link(context):
    context.preview_link = ""http://example.com/preview""
    assert context.preview_link is not None"
439,"BP - As a User, I want to single select resources from Resource Lookup with unchangeable filter based on file type in Page Builder","Gherkin:
Feature: Resource Lookup in Page Builder

  Scenario: User selects a resource with an unchangeable filter based on file type
    Given I am on the Page Builder with a target page area
    When I open the Resource Lookup
    Then I should see resources filtered by Image file format
    And I can select a single resource

Python:
from behave import given, when, then

@given('I am on the Page Builder with a target page area')
def step_given_on_page_builder(context):
    # Code to navigate to the Page Builder with a target page area
    pass

@when('I open the Resource Lookup')
def step_when_open_resource_lookup(context):
    # Code to open the Resource Lookup
    pass

@then('I should see resources filtered by Image file format')
def step_then_see_filtered_resources(context):
    # Code to verify resources are filtered by Image file format
    pass

@then('I can select a single resource')
def step_then_select_single_resource(context):
    # Code to select a single resource
    pass"
440,"As a user, if ""Yes, with comments Response Option"" is enabled for the workflow, I can see 'Approve with comments' response option in Bulk Response field","Gherkin:
Feature: Display 'Approve with comments' option in Bulk Response

  Scenario: User sees 'Approve with comments' when enabled
    Given ""Yes, with comments Response Option"" is enabled for the workflow
    When the user views the 'My Response' panel
    Then the user should see 'Approve with comments' in the Bulk Response field

Python:
from behave import given, when, then

@given('""Yes, with comments Response Option"" is enabled for the workflow')
def step_given_yes_with_comments_enabled(context):
    context.workflow_option = ""Yes, with comments""

@when('the user views the \'My Response\' panel')
def step_when_user_views_my_response_panel(context):
    context.panel_viewed = True

@then('the user should see \'Approve with comments\' in the Bulk Response field')
def step_then_user_sees_approve_with_comments(context):
    assert context.workflow_option == ""Yes, with comments""
    assert context.panel_viewed
    assert 'Approve with comments' in context.bulk_response_options"
441,As a user I can only select a max of 300 items to Review in Bulk (FE),"Gherkin:
Feature: Bulk Review Item Selection

  Scenario: User selects the maximum number of items for bulk review
    Given the user has a list of items to select
    When the user selects 300 items
    Then all other select icons for non-selected items become disabled

Python:
from behave import given, when, then

@given('the user has a list of items to select')
def step_given_user_has_list_of_items(context):
    context.items = ['item1', 'item2', ..., 'itemN']  # Assume a list of items

@when('the user selects 300 items')
def step_when_user_selects_300_items(context):
    context.selected_items = context.items[:300]

@then('all other select icons for non-selected items become disabled')
def step_then_other_select_icons_disabled(context):
    assert len(context.selected_items) == 300
    assert all(item not in context.selected_items for item in context.items[300:])"
442,Need to add Stage icon in bulk review list for Staged requests,"Gherkin:
Feature: Display Stage Icon in Bulk Review List

  Scenario: Display and update stage icon for staged requests in bulk review list
    Given the user is on the Bulk Review Page
    And there are staged requests in the list
    When the user performs a bulk action
    Then the stage icons are displayed for each staged request
    And the stage icons are updated to reflect any changes

Python:
from behave import given, when, then

@given('the user is on the Bulk Review Page')
def step_given_user_on_bulk_review_page(context):
    pass

@given('there are staged requests in the list')
def step_given_staged_requests_in_list(context):
    pass

@when('the user performs a bulk action')
def step_when_user_performs_bulk_action(context):
    pass

@then('the stage icons are displayed for each staged request')
def step_then_stage_icons_displayed(context):
    pass

@then('the stage icons are updated to reflect any changes')
def step_then_stage_icons_updated(context):
    pass"
443,"As a user, I want to see added information saved to request when I click on Navigation buttons for Single Page","Gherkin:
Feature: Navigation and Information Retention on Single Page

  Scenario: Retain 'Complete Stage' selection when navigating between items
    Given I am on the Single Page view with 'Complete Stage' option available
    When I select the 'Complete Stage' option
    And I navigate to another item
    Then the 'Complete Stage' option should remain selected for the original item

Python:
from behave import given, when, then

@given('I am on the Single Page view with \'Complete Stage\' option available')
def step_given_on_single_page_with_complete_stage(context):
    # Code to ensure the user is on the Single Page view with 'Complete Stage' option

@when('I select the \'Complete Stage\' option')
def step_when_select_complete_stage(context):
    # Code to select the 'Complete Stage' option

@when('I navigate to another item')
def step_when_navigate_to_another_item(context):
    # Code to navigate to another item

@then('the \'Complete Stage\' option should remain selected for the original item')
def step_then_complete_stage_remains_selected(context):
    # Code to verify 'Complete Stage' remains selected for the original item"
444,"As a user I can see 'Hide Decline', 'Complete Stage' etc fields in Bulk page - bulk apply handling for new fields","Gherkin:
Feature: Bulk apply handling for new fields

  Scenario: User can see and apply 'Hide Decline' and 'Complete Stage' fields in Bulk page
    Given the user is on the Bulk page
    When the user selects 'Hide Decline' and 'Complete Stage' fields
    And the user applies the bulk action
    Then the selected fields should be applied successfully

Python:
from behave import given, when, then

@given('the user is on the Bulk page')
def step_given_user_on_bulk_page(context):
    # Code to navigate to the Bulk page
    pass

@when('the user selects \'Hide Decline\' and \'Complete Stage\' fields')
def step_when_user_selects_fields(context):
    # Code to select 'Hide Decline' and 'Complete Stage' fields
    pass

@when('the user applies the bulk action')
def step_when_user_applies_bulk_action(context):
    # Code to apply the bulk action
    pass

@then('the selected fields should be applied successfully')
def step_then_fields_applied_successfully(context):
    # Code to verify fields are applied successfully
    pass"
445,"As a user, I can see ""My Response"" section that shows all editable fields   (same params) - display of new fields","Gherkin:
Feature: Display My Response Section

  Scenario: User views the My Response section with editable fields
    Given the user is on the response page with request settings
    When the My Response section is displayed
    Then the Response Comment field should be visible
    And the Response Comment field should be editable

Python:
from behave import given, when, then

@given('the user is on the response page with request settings')
def step_given_user_on_response_page(context):
    pass

@when('the My Response section is displayed')
def step_when_my_response_section_displayed(context):
    pass

@then('the Response Comment field should be visible')
def step_then_response_comment_visible(context):
    pass

@then('the Response Comment field should be editable')
def step_then_response_comment_editable(context):
    pass"
446,As a user I want to see 'Bulk Review' in bulk review page header (page name),"Gherkin:
Feature: Bulk Review Page Header

  Scenario: User sees 'Bulk Review' in the page header
    Given the user is on the Bulk Review page
    When the page is loaded
    Then the page header should display 'Bulk Review'

Python:
from behave import given, when, then

@given('the user is on the Bulk Review page')
def step_given_user_on_bulk_review_page(context):
    context.browser.get('http://example.com/bulk-review')

@when('the page is loaded')
def step_when_page_is_loaded(context):
    assert context.browser.title == 'Bulk Review'

@then('the page header should display \'Bulk Review\'')
def step_then_page_header_should_display_bulk_review(context):
    header = context.browser.find_element_by_tag_name('h1').text
    assert header == 'Bulk Review'"
447,As a user I can Bulk Submit (updates from Grouped work),"Gherkin:
Feature: Bulk Submit updates from Grouped work

  Scenario: User successfully submits updates in bulk
    Given the user is on the Grouped Review page
    When the user hovers over the Submit & Continue button
    Then the tooltip text ""Submit all changes and continue"" is displayed
    When the user clicks the Submit & Continue button
    Then the updates are submitted successfully

Python:
from behave import given, when, then

@given('the user is on the Grouped Review page')
def step_given_user_on_grouped_review_page(context):
    # Code to navigate to the Grouped Review page
    pass

@when('the user hovers over the Submit & Continue button')
def step_when_user_hovers_over_submit_button(context):
    # Code to simulate hovering over the button
    pass

@then('the tooltip text ""Submit all changes and continue"" is displayed')
def step_then_tooltip_text_displayed(context):
    # Code to verify the tooltip text
    pass

@when('the user clicks the Submit & Continue button')
def step_when_user_clicks_submit_button(context):
    # Code to simulate clicking the button
    pass

@then('the updates are submitted successfully')
def step_then_updates_submitted_successfully(context):
    # Code to verify updates are submitted
    pass"
448,As a user I can Bulk Apply (updates from Grouped work),"Gherkin:
Feature: Bulk Apply updates from Grouped work

  Scenario: User applies updates in bulk from Grouped Review page
    Given the user is on the Grouped Review page
    When the user clicks the Bulk Apply button
    Then the updates are applied successfully
    And the apply count is displayed on the button

Python:
from behave import given, when, then

@given('the user is on the Grouped Review page')
def step_given_user_on_grouped_review_page(context):
    pass

@when('the user clicks the Bulk Apply button')
def step_when_user_clicks_bulk_apply_button(context):
    pass

@then('the updates are applied successfully')
def step_then_updates_applied_successfully(context):
    pass

@then('the apply count is displayed on the button')
def step_then_apply_count_displayed_on_button(context):
    pass"
449,As a user I can see Resources or Record Files requests in Bulk Review Page and their Request Details in the List view,"Gherkin:
Feature: Bulk Review Page for Record File Requests

  Scenario: Display Record File requests in Bulk Review Page
    Given I am on the Bulk Review Page
    When I load the Record File requests
    Then I should see the Record File requests in the list view
    And the display and functionality should match the download requests

Python:
from behave import given, when, then

@given('I am on the Bulk Review Page')
def step_given_on_bulk_review_page(context):
    pass

@when('I load the Record File requests')
def step_when_load_record_file_requests(context):
    pass

@then('I should see the Record File requests in the list view')
def step_then_see_record_file_requests(context):
    pass

@then('the display and functionality should match the download requests')
def step_then_display_functionality_match(context):
    pass"
450,As a user I can open and view the Bulk Approve Review Page (Core UI),"Gherkin:
Feature: Bulk Approve Review Page

  Scenario: User opens the Bulk Approve Review Page
    Given the user is on the dashboard
    When the user clicks on Bulk Review Request
    Then the Bulk Review page should open

Python:
from behave import given, when, then

@given('the user is on the dashboard')
def step_given_user_on_dashboard(context):
    context.browser.get('http://example.com/dashboard')

@when('the user clicks on Bulk Review Request')
def step_when_user_clicks_bulk_review_request(context):
    context.browser.find_element_by_id('bulk-review-request').click()

@then('the Bulk Review page should open')
def step_then_bulk_review_page_should_open(context):
    assert context.browser.current_url == 'http://example.com/bulk-review'"
451,As a user I want to click 'Review Request' action in action dropdown in footer to open Bulk Approve Page (action redirect),"Gherkin:
Feature: Bulk Review Request Action

  Scenario: User clicks 'Review Request' action to open Bulk Approve Page
    Given the user is on the page with the action dropdown in the footer
    When the user clicks the 'Review Request' action in the action dropdown
    Then the Bulk Review Request page should open

Python:
from behave import given, when, then

@given('the user is on the page with the action dropdown in the footer')
def step_given_user_on_page_with_action_dropdown(context):
    # Code to ensure the user is on the correct page
    pass

@when('the user clicks the \'Review Request\' action in the action dropdown')
def step_when_user_clicks_review_request_action(context):
    # Code to simulate clicking the 'Review Request' action
    pass

@then('the Bulk Review Request page should open')
def step_then_bulk_review_request_page_opens(context):
    # Code to verify the Bulk Review Request page is opened
    pass"
452,As a user I want to see 'Review Request' bulk action in action dropdown in footer,"Gherkin:
Feature: Bulk Action Footer Bar

  Scenario: Display 'Review Request' bulk action in footer dropdown
    Given a user has selected one item's checkbox
    When the Bulk Action footer bar is displayed
    Then the 'Review Request' option is available in the action dropdown

Python:
from behave import given, when, then

@given('a user has selected one item\'s checkbox')
def step_given_user_selected_checkbox(context):
    context.selected_items = 1

@when('the Bulk Action footer bar is displayed')
def step_when_footer_bar_displayed(context):
    assert context.selected_items > 0

@then('the \'Review Request\' option is available in the action dropdown')
def step_then_review_request_option_available(context):
    assert 'Review Request' in context.action_dropdown_options"
453,As a user I want to check cancel in footer to clear the select of all selected requests,"Gherkin:
Feature: Cancel action in footer clears selected requests

  Scenario: User cancels selection of all selected requests
    Given a user has selected one or more request checkboxes
    When the user clicks the 'Cancel' action in the footer
    Then all selected requests are cleared

Python:
from behave import given, when, then

@given('a user has selected one or more request checkboxes')
def step_given_user_has_selected_requests(context):
    context.selected_requests = ['request1', 'request2']
    assert len(context.selected_requests) > 0

@when(""the user clicks the 'Cancel' action in the footer"")
def step_when_user_clicks_cancel(context):
    context.selected_requests.clear()

@then('all selected requests are cleared')
def step_then_requests_are_cleared(context):
    assert len(context.selected_requests) == 0"
454,As a user the Bulk Action Footer bar displays when one relevant item is selected,"Gherkin:
Feature: Bulk Action Footer Bar Display

  Scenario: Display Bulk Action Footer Bar when one item is selected
    Given I am on the items page
    When I select one item's checkbox
    Then the Bulk Action footer bar should be displayed
    And the 'Select All' action should be hidden

Python:
from behave import given, when, then

@given('I am on the items page')
def step_given_on_items_page(context):
    context.browser.get('http://example.com/items')

@when(""I select one item's checkbox"")
def step_when_select_one_item_checkbox(context):
    checkbox = context.browser.find_element_by_css_selector('.item-checkbox')
    checkbox.click()

@then('the Bulk Action footer bar should be displayed')
def step_then_footer_bar_displayed(context):
    footer_bar = context.browser.find_element_by_id('bulk-action-footer')
    assert footer_bar.is_displayed()

@then(""the 'Select All' action should be hidden"")
def step_then_select_all_hidden(context):
    select_all_action = context.browser.find_element_by_id('select-all-action')
    assert not select_all_action.is_displayed()"
455,As a user when one checkbox of request is checked only the requests that can be bulk approved can be selected,"Gherkin:
Feature: Bulk approval of requests

  Scenario: Select only bulk approvable requests
    Given there are multiple pending requests
    When the user selects one pending request
    Then only the checkboxes for related pending requests remain selectable

Python:
from behave import given, when, then

@given('there are multiple pending requests')
def step_given_multiple_pending_requests(context):
    context.requests = ['request1', 'request2', 'request3']
    context.pending_requests = ['request1', 'request2']

@when('the user selects one pending request')
def step_when_user_selects_pending_request(context):
    context.selected_request = 'request1'

@then('only the checkboxes for related pending requests remain selectable')
def step_then_checkboxes_for_related_requests_remain_selectable(context):
    context.selectable_requests = ['request1', 'request2']
    assert context.selected_request in context.selectable_requests"
456,"As a user I only see enabled checkboxes for relevant items (disable for records, and for relevant users Reviewers/Admins)","Gherkin:
Feature: Display enabled checkboxes for relevant items

  Scenario: User sees enabled checkboxes for pending approval requests
    Given the new column is displayed
    When no items are selected
    Then the checkboxes are enabled for pending Record File Approval requests
    And the checkboxes are enabled for pending Resource Feedback Approval requests

Python:
from behave import given, when, then

@given('the new column is displayed')
def step_given_new_column_displayed(context):
    pass

@when('no items are selected')
def step_when_no_items_selected(context):
    pass

@then('the checkboxes are enabled for pending Record File Approval requests')
def step_then_checkboxes_enabled_record_file(context):
    pass

@then('the checkboxes are enabled for pending Resource Feedback Approval requests')
def step_then_checkboxes_enabled_resource_feedback(context):
    pass"
457,As a user I only see the checkbox *column* when relevant (core mcp / template level check),"Gherkin:
Feature: Display Bulk Actions Checkbox Column

  Scenario: User sees the checkbox column when MCP development setting is enabled
    Given the MCP development setting is enabled
    When the user views the table
    Then the checkbox column is displayed

Python:
from behave import given, when, then

@given('the MCP development setting is enabled')
def step_given_mcp_setting_enabled(context):
    context.mcp_setting = True

@when('the user views the table')
def step_when_user_views_table(context):
    context.table_viewed = True

@then('the checkbox column is displayed')
def step_then_checkbox_column_displayed(context):
    assert context.mcp_setting and context.table_viewed, ""Checkbox column should be displayed"""
458,As an Admin user I want to enable Bulk Approve in Admin > Workflow Templates,"Gherkin:
Feature: Enable Bulk Approve in Workflow Templates

  Scenario: Admin enables Bulk Approve for Record File Approval Templates
    Given the admin user is on the Admin > Workflow Templates page
    And the Bulk Approval MCP setting is enabled
    When the admin edits an existing Record File Approval Template
    Then a new setting for Bulk Approve is displayed
    When the admin creates a new Record File Approval Template
    Then a new setting for Bulk Approve is displayed

Python:
from behave import given, when, then

@given('the admin user is on the Admin > Workflow Templates page')
def step_given_admin_on_workflow_templates_page(context):
    pass

@given('the Bulk Approval MCP setting is enabled')
def step_given_bulk_approval_mcp_enabled(context):
    pass

@when('the admin edits an existing Record File Approval Template')
def step_when_admin_edits_existing_template(context):
    pass

@then('a new setting for Bulk Approve is displayed')
def step_then_new_setting_displayed(context):
    pass

@when('the admin creates a new Record File Approval Template')
def step_when_admin_creates_new_template(context):
    pass"
459,Bulk Approvals - MCP Development Setting,"Gherkin:
Feature: Bulk Approvals MCP Development Setting

  Scenario: Enable Bulk Approvals setting for development use
    Given I am on the MCP development settings page
    When I add the ""Approvals - Approvals List (V3) - Bulk Approvals (development use only)"" setting
    Then the setting should be successfully added to the development section

Python:
from behave import given, when, then

@given('I am on the MCP development settings page')
def step_given_on_mcp_development_settings_page(context):
    pass

@when('I add the ""Approvals - Approvals List (V3) - Bulk Approvals (development use only)"" setting')
def step_when_add_bulk_approvals_setting(context):
    pass

@then('the setting should be successfully added to the development section')
def step_then_setting_successfully_added(context):
    pass"
460,"FE task: As a User, I want to Delete the name from resources across platform on Training Centre","Gherkin:
Feature: Delete profile from Training Centre

  Scenario: User deletes a recognised face profile
    Given the user is on the Training Centre page
    And the user sees a recognised face
    When the user hovers over the ""Delete profile"" icon
    Then a tooltip is displayed
    When the user clicks the ""Delete profile"" icon
    Then the profile is deleted from the resources

Python:
from behave import given, when, then

@given('the user is on the Training Centre page')
def step_given_user_on_training_centre_page(context):
    pass

@given('the user sees a recognised face')
def step_given_user_sees_recognised_face(context):
    pass

@when('the user hovers over the ""Delete profile"" icon')
def step_when_user_hovers_over_delete_icon(context):
    pass

@then('a tooltip is displayed')
def step_then_tooltip_is_displayed(context):
    pass

@when('the user clicks the ""Delete profile"" icon')
def step_when_user_clicks_delete_icon(context):
    pass

@then('the profile is deleted from the resources')
def step_then_profile_is_deleted(context):
    pass"
461,"As a user I want to be able to click on a ""Known"" face on Info Preview to perform a search with that name","Gherkin:
Feature: Search by clicking on a Known face

  Scenario: User clicks on a Known face to perform a search
    Given the user is on the Info Preview page
    And a Known face is displayed in the tag area
    When the user hovers over the Known face
    Then the bounding box appears around the face
    When the user clicks on the Known face
    Then a new tab opens with the person's name in the search bar

Python:
from behave import given, when, then

@given('the user is on the Info Preview page')
def step_impl(context):
    pass

@given('a Known face is displayed in the tag area')
def step_impl(context):
    pass

@when('the user hovers over the Known face')
def step_impl(context):
    pass

@then('the bounding box appears around the face')
def step_impl(context):
    pass

@when('the user clicks on the Known face')
def step_impl(context):
    pass

@then('a new tab opens with the person\'s name in the search bar')
def step_impl(context):
    pass"
462,"2FA: option to select between SMS, Email, or both as options to receive the code (option set at the client level, not configurable per user)","Gherkin:
Feature: Two-Factor Authentication Type Selection

  Scenario: Admin sets 2FA type to SMS
    Given the admin is on the Login and Security settings page
    And the User Setting or Global option is enabled
    When the admin selects the 2FA Type checkbox for SMS
    Then the SMS option is set as the 2FA type

Python:
from behave import given, when, then

@given('the admin is on the Login and Security settings page')
def step_given_admin_on_settings_page(context):
    pass

@given('the User Setting or Global option is enabled')
def step_given_user_setting_or_global_enabled(context):
    pass

@when('the admin selects the 2FA Type checkbox for SMS')
def step_when_admin_selects_sms_checkbox(context):
    pass

@then('the SMS option is set as the 2FA type')
def step_then_sms_option_set(context):
    pass"
463,FR: Clone MCP Site handling,"Gherkin:
Feature: Clone MCP Site handling

  Scenario: Remove existing facial data and related flags
    Given I am on the MCP site
    And I see the option to remove existing facial data
    When I tick the checkbox to wipe existing data
    Then the existing facial data and related flags are removed

Python:
from behave import given, when, then

@given('I am on the MCP site')
def step_given_on_mcp_site(context):
    pass

@given('I see the option to remove existing facial data')
def step_given_see_option_to_remove_data(context):
    pass

@when('I tick the checkbox to wipe existing data')
def step_when_tick_checkbox(context):
    pass

@then('the existing facial data and related flags are removed')
def step_then_data_and_flags_removed(context):
    pass"
464,"PB - As a User, I want to single-select resource from resource module overlay","Gherkin:
Feature: Single-select resource from resource module overlay

  Scenario: User selects a single image resource for background
    Given the user is on the resource module overlay
    When the user selects a single image resource
    And the user saves the selection
    Then the image resource is uploaded to the designated area in Page Builder

Python:
from behave import given, when, then

@given('the user is on the resource module overlay')
def step_given_user_on_resource_module_overlay(context):
    pass

@when('the user selects a single image resource')
def step_when_user_selects_single_image_resource(context):
    pass

@when('the user saves the selection')
def step_when_user_saves_selection(context):
    pass

@then('the image resource is uploaded to the designated area in Page Builder')
def step_then_image_uploaded_to_designated_area(context):
    pass"
465,"PB - As a User, I want to see and access resource module via a lookup button to select & upload Resources into Page Builder","Gherkin:
Feature: Access Resource Module via Lookup Button

  Scenario: User accesses resource module using the lookup button
    Given the user is on the Page Builder side panel
    When the user sees the ""Select"" resource lookup button
    And the user clicks the ""Select"" button
    Then the user should be able to select and upload resources

Python:
from behave import given, when, then

@given('the user is on the Page Builder side panel')
def step_given_user_on_page_builder_side_panel(context):
    pass

@when('the user sees the ""Select"" resource lookup button')
def step_when_user_sees_select_button(context):
    pass

@when('the user clicks the ""Select"" button')
def step_when_user_clicks_select_button(context):
    pass

@then('the user should be able to select and upload resources')
def step_then_user_can_select_and_upload_resources(context):
    pass"
466,"As a user in single view when I click previous/next, or Save & Next,  this takes into account my Search/Filtered results","Gherkin:
Feature: Navigate through search results in single view

  Scenario: User navigates to the next item in filtered search results
    Given the user has performed a search with specific filters
    And the user is viewing an item in single view
    When the user clicks ""Next""
    Then the user should see the next item in the filtered search results

Python:
from behave import given, when, then

@given('the user has performed a search with specific filters')
def step_given_user_has_performed_search(context):
    pass

@given('the user is viewing an item in single view')
def step_given_user_viewing_item(context):
    pass

@when('the user clicks ""Next""')
def step_when_user_clicks_next(context):
    pass

@then('the user should see the next item in the filtered search results')
def step_then_user_sees_next_item(context):
    pass"
467,"PB - As a User, I want to report Create Page action in the usage reporting","Gherkin:
Feature: Report Create Page Action in Usage Reporting

  Scenario: User reports a Create Page action
    Given the user is logged into the system
    When the user creates a new page
    Then the Create Page action is recorded in the Simple Page reporting
    And the action is visible in the User Usage Report
    And the action is visible in the Custom Page Usage Report

Python:
from behave import given, when, then

@given('the user is logged into the system')
def step_given_user_logged_in(context):
    pass

@when('the user creates a new page')
def step_when_user_creates_page(context):
    pass

@then('the Create Page action is recorded in the Simple Page reporting')
def step_then_action_recorded_simple_page(context):
    pass

@then('the action is visible in the User Usage Report')
def step_then_action_visible_user_report(context):
    pass

@then('the action is visible in the Custom Page Usage Report')
def step_then_action_visible_custom_report(context):
    pass"
468,"PB - As a User, I want to report Edit Page action in the usage reporting","Gherkin:
Feature: User Usage Reporting

  Scenario: Report Edit Page action in usage reporting
    Given a user is on the Edit Page
    When the user performs an Edit action
    Then the Edit action is recorded in the User Usage Report

Python:
from behave import given, when, then

@given('a user is on the Edit Page')
def step_given_user_on_edit_page(context):
    # Code to navigate to the Edit Page
    pass

@when('the user performs an Edit action')
def step_when_user_performs_edit_action(context):
    # Code to perform an Edit action
    pass

@then('the Edit action is recorded in the User Usage Report')
def step_then_edit_action_recorded(context):
    # Code to verify the Edit action is recorded
    pass"
469,"PB - As a User, I want to report Delete Page action in the usage reporting","Gherkin:
Feature: Report Delete Page action in usage reporting

  Scenario: User reports a Delete Page action
    Given the user is logged into the system
    When the user deletes a page
    Then the Delete Page action should be recorded in the Simple Page reporting
    And the Delete Page action should be visible in the User Usage Report
    And the Delete Page action should be visible in the Custom Page Usage Report

Python:
from behave import given, when, then

@given('the user is logged into the system')
def step_given_user_logged_in(context):
    pass

@when('the user deletes a page')
def step_when_user_deletes_page(context):
    pass

@then('the Delete Page action should be recorded in the Simple Page reporting')
def step_then_simple_page_reporting(context):
    pass

@then('the Delete Page action should be visible in the User Usage Report')
def step_then_user_usage_report(context):
    pass

@then('the Delete Page action should be visible in the Custom Page Usage Report')
def step_then_custom_page_usage_report(context):
    pass"
470,"PB - As a User, I want to report View Page action in the usage reporting","Gherkin:
Feature: Report View Page action in usage reporting

  Scenario: User reports a View Page action
    Given the user is on a Simple Page
    When the user views the page
    Then the View Page action is recorded in the User Usage Report
    And the View Page action is recorded in the Custom Page Usage Report

Python:
from behave import given, when, then

@given('the user is on a Simple Page')
def step_given_user_on_simple_page(context):
    # Code to ensure the user is on a Simple Page
    pass

@when('the user views the page')
def step_when_user_views_page(context):
    # Code to simulate the user viewing the page
    pass

@then('the View Page action is recorded in the User Usage Report')
def step_then_view_action_recorded_user_report(context):
    # Code to verify the action is recorded in the User Usage Report
    pass

@then('the View Page action is recorded in the Custom Page Usage Report')
def step_then_view_action_recorded_custom_report(context):
    # Code to verify the action is recorded in the Custom Page Usage Report
    pass"
471,"PB - As a User, I want to report Resource Download (Original) action in Usage Reporting for Custom Page Module","Gherkin:
Feature: Report Resource Download Action in Usage Reporting

  Scenario: Track resource download action for original size type
    Given a user is on the Custom Page Module
    When the user downloads a resource in original size
    Then the resource download action is reported in usage reporting

Python:
from behave import given, when, then

@given('a user is on the Custom Page Module')
def step_given_user_on_custom_page_module(context):
    pass

@when('the user downloads a resource in original size')
def step_when_user_downloads_resource_original_size(context):
    pass

@then('the resource download action is reported in usage reporting')
def step_then_resource_download_reported(context):
    pass"
472,"PB - As a User, I want to report on Resource downloaded (Original) separately than added in Smart Page for Resource Module (Usage)","Gherkin:
Feature: Resource Usage Reporting

  Scenario: Track Resource download action in Smart Pages
    Given a previously uploaded Resource is available in the system
    And the Resource is of Original size type
    When the User downloads the Resource via Resource Lookup in Smart Pages
    Then the Resource download action is tracked in the Resource Usage Report

Python:
from behave import given, when, then

@given('a previously uploaded Resource is available in the system')
def step_given_resource_available(context):
    pass

@given('the Resource is of Original size type')
def step_given_resource_original_size(context):
    pass

@when('the User downloads the Resource via Resource Lookup in Smart Pages')
def step_when_user_downloads_resource(context):
    pass

@then('the Resource download action is tracked in the Resource Usage Report')
def step_then_resource_download_tracked(context):
    pass"
473,"PB - As a User, I want to set Page/Section/Block/Widgets Colour in Opacity ","Gherkin:
Feature: Set opacity for Page/Section/Block/Widgets

  Scenario: User sets opacity for Page background
    Given the user is on the design page
    When the user selects the Page background option
    And the user adjusts the opacity bar below the hue bar
    Then the Page background opacity is set as per the design

Python:
from behave import given, when, then

@given('the user is on the design page')
def step_given_user_on_design_page(context):
    pass

@when('the user selects the Page background option')
def step_when_user_selects_page_background(context):
    pass

@when('the user adjusts the opacity bar below the hue bar')
def step_when_user_adjusts_opacity_bar(context):
    pass

@then('the Page background opacity is set as per the design')
def step_then_page_background_opacity_set(context):
    pass"
474,Folder Filter: Navigation Behaviour issues/updates between single and bulk,"Gherkin:
Feature: Folder Filter Navigation

  Scenario: Return to Bulk List with filter engaged after closing a single file
    Given the user has selected a folder from the filter
    And the user has opened a single file from the filtered list
    When the user clicks close or cancel
    Then the user should be returned to the Bulk List page
    And the filter choice should still be engaged
    And the correct resources should be displaying

Python:
from behave import given, when, then

@given('the user has selected a folder from the filter')
def step_given_user_selected_folder(context):
    pass

@given('the user has opened a single file from the filtered list')
def step_given_user_opened_single_file(context):
    pass

@when('the user clicks close or cancel')
def step_when_user_clicks_close_or_cancel(context):
    pass

@then('the user should be returned to the Bulk List page')
def step_then_user_returned_to_bulk_list(context):
    pass

@then('the filter choice should still be engaged')
def step_then_filter_choice_engaged(context):
    pass

@then('the correct resources should be displaying')
def step_then_correct_resources_displaying(context):
    pass"
475,"As a bulk edit user, I can see the Folder name for the resource in single view","Gherkin:
Feature: Display Folder Name in Single View

  Scenario: User sees the Folder name in the single view page
    Given I am a bulk edit user on the single view page
    When I view the resource details
    Then I should see the Folder name included in the page name

Python:
from behave import given, when, then

@given('I am a bulk edit user on the single view page')
def step_given_bulk_edit_user_on_single_view_page(context):
    context.user = 'bulk_edit_user'
    context.page = 'single_view_page'
    # Simulate user navigation to the single view page

@when('I view the resource details')
def step_when_view_resource_details(context):
    context.resource_details_viewed = True
    # Simulate viewing resource details

@then('I should see the Folder name included in the page name')
def step_then_see_folder_name_in_page_name(context):
    assert context.resource_details_viewed
    # Simulate checking that the Folder name is included in the page name
    folder_name_included = True
    assert folder_name_included"
476,"As a User, I want to filter Image Resources that flagged with Unknown faces","Gherkin:
Feature: Filter Image Resources by Unknown Faces

  Scenario: User filters resources with Unknown People condition
    Given the user is on the resource filter panel
    And the ""Unknown People"" condition is visible below ""People""
    When the user selects the ""Unknown People"" condition
    Then the resources with unknown faces are displayed

Python:
from behave import given, when, then

@given('the user is on the resource filter panel')
def step_given_user_on_resource_filter_panel(context):
    pass

@given('the ""Unknown People"" condition is visible below ""People""')
def step_given_unknown_people_condition_visible(context):
    pass

@when('the user selects the ""Unknown People"" condition')
def step_when_user_selects_unknown_people_condition(context):
    pass

@then('the resources with unknown faces are displayed')
def step_then_resources_with_unknown_faces_displayed(context):
    pass"
477,"As a User, I want to see Training Center popup with dedicated paddings & sizes","Gherkin:
Feature: Training Center Popup Display

  Scenario: User sees Training Center popup with dedicated paddings and sizes
    Given the user is on the homepage
    When the user opens the Training Center popup
    Then the popup should display with the correct paddings and sizes

Python:
from behave import given, when, then

@given('the user is on the homepage')
def step_given_user_on_homepage(context):
    context.browser.get('http://example.com/homepage')

@when('the user opens the Training Center popup')
def step_when_user_opens_popup(context):
    context.browser.find_element_by_id('training-center-button').click()

@then('the popup should display with the correct paddings and sizes')
def step_then_popup_correct_paddings_sizes(context):
    popup = context.browser.find_element_by_id('training-center-popup')
    assert popup.value_of_css_property('padding') == '20px'
    assert popup.size['width'] == 400
    assert popup.size['height'] == 300"
478,"PB - (Misc) As a User, I want to have a standard Text Widget - Link input without a placeholder","Gherkin:
Feature: Text Widget Link Input

  Scenario: User sees the text widget link popup without a placeholder
    Given the user is on the text widget page
    When the user clicks on the link input
    Then the text widget link popup is displayed without a placeholder

Python:
from behave import given, when, then

@given('the user is on the text widget page')
def step_given_user_on_text_widget_page(context):
    context.browser.get('http://example.com/text-widget')

@when('the user clicks on the link input')
def step_when_user_clicks_link_input(context):
    link_input = context.browser.find_element_by_id('link-input')
    link_input.click()

@then('the text widget link popup is displayed without a placeholder')
def step_then_link_popup_displayed_without_placeholder(context):
    popup = context.browser.find_element_by_id('link-popup')
    assert popup.is_displayed()
    assert 'placeholder' not in popup.get_attribute('innerHTML')"
479,"As a User, I want to control Daily Digest trigger of New Comments in Admin/My Account","Gherkin:
Feature: Control Daily Digest Trigger for New Comments

  Scenario: User enables daily digest for new comments
    Given the user is on the Admin - Alert page
    When the user sees the New Comments setting for daily digest email
    And the user selects ""daily"" for the New Comments setting
    Then the setting is applied successfully

Python:
from behave import given, when, then

@given('the user is on the Admin - Alert page')
def step_given_user_on_admin_alert_page(context):
    pass

@when('the user sees the New Comments setting for daily digest email')
def step_when_user_sees_new_comments_setting(context):
    pass

@when('the user selects ""daily"" for the New Comments setting')
def step_when_user_selects_daily_setting(context):
    pass

@then('the setting is applied successfully')
def step_then_setting_applied_successfully(context):
    pass"
480,"As a User, I want to access Reply action for New Comments in Daily Digest Email","Gherkin:
Feature: Access Reply action for New Comments in Daily Digest Email

  Scenario: User clicks on Reply for a new comment in the Daily Digest Email
    Given the user is viewing the Daily Digest Email
    When the user clicks on the ""Reply"" link for a new comment
    Then the user should be redirected to the Reply page in a new tab

Python:
from behave import given, when, then

@given('the user is viewing the Daily Digest Email')
def step_given_user_viewing_daily_digest_email(context):
    pass

@when('the user clicks on the ""Reply"" link for a new comment')
def step_when_user_clicks_reply_link(context):
    pass

@then('the user should be redirected to the Reply page in a new tab')
def step_then_user_redirected_to_reply_page(context):
    pass"
481,"As a User, I want to see New Comments in Daily Digest Email","Gherkin:
Feature: Daily Digest Email

  Scenario: User sees new markup comments in daily digest email
    Given a user has new markup comments
    When the daily digest email is generated
    Then the user should see the new markup comments in the email

Python:
from behave import given, when, then

@given('a user has new markup comments')
def step_given_user_has_new_markup_comments(context):
    context.user = create_user_with_new_markup_comments()

@when('the daily digest email is generated')
def step_when_daily_digest_email_is_generated(context):
    context.email = generate_daily_digest_email(context.user)

@then('the user should see the new markup comments in the email')
def step_then_user_should_see_new_markup_comments_in_email(context):
    assert 'new markup comments' in context.email.content"
482,"As a User, I want to control Daily Digest trigger of New Replies in Admin/My Account","Gherkin:
Feature: Control Daily Digest Trigger for New Replies

  Scenario: User sets daily digest frequency to never
    Given the user is on the Admin - Alert page
    And the New Replies setting is visible
    When the user sets the digest frequency to ""never""
    Then the digest frequency should be set to ""never""

Python:
from behave import given, when, then

@given('the user is on the Admin - Alert page')
def step_given_user_on_admin_alert_page(context):
    pass

@given('the New Replies setting is visible')
def step_given_new_replies_setting_visible(context):
    pass

@when('the user sets the digest frequency to ""never""')
def step_when_user_sets_digest_frequency_to_never(context):
    pass

@then('the digest frequency should be set to ""never""')
def step_then_digest_frequency_set_to_never(context):
    pass"
483,"As a User, I want to access Reply action for New Replies in Daily Digest Email","Gherkin:
Feature: Access Reply action for New Replies in Daily Digest Email

  Scenario: User accesses the Reply action from Daily Digest Email
    Given the user has opened the Daily Digest Email
    When the user clicks on the ""Reply"" link for a new reply
    Then a new tab opens with the Reply page
    And the applicable comment is highlighted
    And the text-box is active and ready for input

Python:
from behave import given, when, then

@given('the user has opened the Daily Digest Email')
def step_given_user_opened_daily_digest_email(context):
    pass

@when('the user clicks on the ""Reply"" link for a new reply')
def step_when_user_clicks_reply_link(context):
    pass

@then('a new tab opens with the Reply page')
def step_then_new_tab_opens_with_reply_page(context):
    pass

@then('the applicable comment is highlighted')
def step_then_applicable_comment_highlighted(context):
    pass

@then('the text-box is active and ready for input')
def step_then_text_box_active(context):
    pass"
484,"As a User, I want to see New Replies in Daily Digest Email","Gherkin:
Feature: Daily Digest Email with New Replies

  Scenario: User sees new replied markup comments in daily digest email
    Given a user has received a daily digest email
    When the user opens the daily digest email
    Then the user should see new replied markup comments
    And the user should see the replied comment contents, user, and time

Python:
from behave import given, when, then

@given('a user has received a daily digest email')
def step_given_user_received_daily_digest(context):
    context.email_received = True

@when('the user opens the daily digest email')
def step_when_user_opens_email(context):
    context.email_opened = context.email_received

@then('the user should see new replied markup comments')
def step_then_user_sees_replied_comments(context):
    assert context.email_opened is True
    context.sees_replied_comments = True

@then('the user should see the replied comment contents, user, and time')
def step_then_user_sees_comment_details(context):
    assert context.sees_replied_comments is True
    context.sees_comment_details = True"
485,"FR - As a User, I want to filter Image Resource by tagged faces (with names) from Search - Filter - People","Gherkin:
Feature: Filter Image Resource by tagged faces

  Scenario: User filters images by tagged faces with names
    Given the user is on the Resource Search Filter panel
    And the People filter section is visible
    When the user inputs a name in the People filter
    Then the images with tagged faces matching the name are displayed

Python:
from behave import given, when, then

@given('the user is on the Resource Search Filter panel')
def step_given_user_on_resource_search_filter_panel(context):
    pass

@given('the People filter section is visible')
def step_given_people_filter_section_visible(context):
    pass

@when('the user inputs a name in the People filter')
def step_when_user_inputs_name_in_people_filter(context):
    pass

@then('the images with tagged faces matching the name are displayed')
def step_then_images_with_tagged_faces_displayed(context):
    pass"
486,"PB - (Misc) As a User, I want to exit Editing mode and go back to Custom Page List during creating/editing a Simple Page","Gherkin:
Feature: Exit Editing Mode

  Scenario: User exits Editing mode to return to Custom Page List
    Given the user is in Editing mode on a Simple Page
    When the user clicks on the page exit button in the top bar
    Then the user should be redirected to the Custom Page List

Python:
from behave import given, when, then

@given('the user is in Editing mode on a Simple Page')
def step_given_user_in_editing_mode(context):
    context.page.enter_editing_mode()

@when('the user clicks on the page exit button in the top bar')
def step_when_user_clicks_exit_button(context):
    context.page.click_exit_button()

@then('the user should be redirected to the Custom Page List')
def step_then_user_redirected_to_custom_page_list(context):
    assert context.page.is_on_custom_page_list()"
487,[FILTERS] As a user I can see the currently applied filter above the list / select between filters - on the fly filter support,"Gherkin:
Feature: Filter selection on the fly

  Scenario: User toggles between filters on the page
    Given the user is on the filterable list page
    When the user selects a filter
    Then the selected filter is displayed above the list

Python:
from behave import given, when, then

@given('the user is on the filterable list page')
def step_given_user_on_filterable_list_page(context):
    pass

@when('the user selects a filter')
def step_when_user_selects_filter(context):
    pass

@then('the selected filter is displayed above the list')
def step_then_selected_filter_displayed(context):
    pass"
488,[GDA] -  As a User if I don't have permission to download the item I have to request permission to download again (or cannot download) - Part 1/2 - grouped download button,"Gherkin:
Feature: Bulk download request for items without permission

  Scenario: User requests permission to download items without permission
    Given the user is on the items list page
    And the user selects items without download permission
    When the user clicks on the bulk download button
    Then the user is redirected to the Bulk Request Approval page

Python:
from behave import given, when, then

@given('the user is on the items list page')
def step_given_user_on_items_list_page(context):
    pass

@given('the user selects items without download permission')
def step_given_user_selects_items_without_permission(context):
    pass

@when('the user clicks on the bulk download button')
def step_when_user_clicks_bulk_download(context):
    pass

@then('the user is redirected to the Bulk Request Approval page')
def step_then_user_redirected_to_approval_page(context):
    pass"
489,[GDA] -  As a User I want to be able to bulk download my items when able,"Gherkin:
Feature: Bulk Download Items

  Scenario: User successfully bulk downloads items within the approved timeframe
    Given the user is logged in
    And the request is approved
    And the current time is within the approved timeframe
    When the user initiates a bulk download
    Then the items are downloaded successfully

Python:
from behave import given, when, then

@given('the user is logged in')
def step_user_logged_in(context):
    pass

@given('the request is approved')
def step_request_approved(context):
    pass

@given('the current time is within the approved timeframe')
def step_within_approved_timeframe(context):
    pass

@when('the user initiates a bulk download')
def step_initiate_bulk_download(context):
    pass

@then('the items are downloaded successfully')
def step_items_downloaded_successfully(context):
    pass"
490,"[GDA] -  Once user has responded, item will be ignored in bulk Apply + submit","Gherkin:
Feature: Responding to items in a grouped list

  Scenario: User responds to an item and submits the grouped list
    Given the user has selected items on the Grouped List page
    And the user has responded to an item
    When the user submits the grouped list
    Then the item remains selected if it passes validation
    And the user can only update their response individually

Python:
from behave import given, when, then

@given('the user has selected items on the Grouped List page')
def step_given_user_selected_items(context):
    pass

@given('the user has responded to an item')
def step_given_user_responded_to_item(context):
    pass

@when('the user submits the grouped list')
def step_when_user_submits_grouped_list(context):
    pass

@then('the item remains selected if it passes validation')
def step_then_item_remains_selected(context):
    pass

@then('the user can only update their response individually')
def step_then_user_updates_response_individually(context):
    pass"
491,"[GDA] - As a user, I want to be able to Update my Response in single review page 1/2: Core handling","Gherkin:
Feature: Update Response in Single Review Page

  Scenario: User updates their response in a pending review
    Given the user is on the Grouped Review page
    And the review request is in a pending state
    When the user navigates to the single review page
    And the user clicks on the ""Update Response"" button in the ""My Response"" section
    Then the user should be able to update their response

Python:
from behave import given, when, then

@given('the user is on the Grouped Review page')
def step_given_user_on_grouped_review_page(context):
    pass

@given('the review request is in a pending state')
def step_given_review_request_pending(context):
    pass

@when('the user navigates to the single review page')
def step_when_user_navigates_to_single_review_page(context):
    pass

@when('the user clicks on the ""Update Response"" button in the ""My Response"" section')
def step_when_user_clicks_update_response(context):
    pass

@then('the user should be able to update their response')
def step_then_user_updates_response(context):
    pass"
492,"[GDA] - As a user, I want to be able to click Submit & Next (single view) and have validation checks occurs","Gherkin:
Feature: Submit & Next Validation

  Scenario: User submits a request with all fields correctly filled
    Given the user is on the single request view
    And the comment field is filled
    And the response field is filled
    When the user clicks Submit & Next
    Then the request is submitted successfully
    And validation checks pass

Python:
from behave import given, when, then

@given('the user is on the single request view')
def step_given_user_on_single_request_view(context):
    pass

@given('the comment field is filled')
def step_given_comment_field_filled(context):
    pass

@given('the response field is filled')
def step_given_response_field_filled(context):
    pass

@when('the user clicks Submit & Next')
def step_when_user_clicks_submit_next(context):
    pass

@then('the request is submitted successfully')
def step_then_request_submitted_successfully(context):
    pass

@then('validation checks pass')
def step_then_validation_checks_pass(context):
    pass"
493,"[GDA] - As a user, I want to be able to click Submit & Next (single view) and be taken to the next item in the list","Gherkin:
Feature: Navigate to the next item using Submit & Next button

  Scenario: User clicks Submit & Next to go to the next item
    Given the user is on the single view page with a list of items
    When the user clicks the ""Submit & Next"" button
    Then the user is taken to the next item in the list

Python:
from behave import given, when, then

@given('the user is on the single view page with a list of items')
def step_given_user_on_single_view_page(context):
    # Code to ensure the user is on the single view page with a list of items
    pass

@when('the user clicks the ""Submit & Next"" button')
def step_when_user_clicks_submit_next(context):
    # Code to simulate clicking the ""Submit & Next"" button
    pass

@then('the user is taken to the next item in the list')
def step_then_user_taken_to_next_item(context):
    # Code to verify the user is taken to the next item in the list
    pass"
494,"[GDA] - As a user, I can add comment, approve/decline, select approved / until date in Grouped Approval Review Page & Apply that to Selected requests","Gherkin:
Feature: Grouped Approval Review Page

  Scenario: User applies comment and approval to selected requests
    Given the user is on the Grouped Approval Review Page
    And the user has selected requests
    When the user adds a comment ""Approved for processing""
    And the user selects ""Approved"" status
    And the user sets the approved until date to ""2023-12-31""
    And the user applies changes to the selected requests
    Then the selected requests should be updated with the comment, status, and date

Python:
from behave import given, when, then

@given('the user is on the Grouped Approval Review Page')
def step_given_user_on_review_page(context):
    pass

@given('the user has selected requests')
def step_given_user_selected_requests(context):
    pass

@when('the user adds a comment ""{comment}""')
def step_when_user_adds_comment(context, comment):
    pass

@when('the user selects ""{status}"" status')
def step_when_user_selects_status(context, status):
    pass

@when('the user sets the approved until date to ""{date}""')
def step_when_user_sets_approved_date(context, date):
    pass

@when('the user applies changes to the selected requests')
def step_when_user_applies_changes(context):
    pass

@then('the selected requests should be updated with the comment, status, and date')
def step_then_requests_updated(context):
    pass"
495,As a user I want to see time to complete for requests in Workflow Dashboards (UPDATE) including Reviewed Status Requests,"Gherkin:
Feature: Display time to complete for requests in Workflow Dashboards

  Scenario: User views time to complete for requests with Reviewed Status
    Given the user is on the Workflow Dashboard
    And the user selects 'All Workflows'
    When the user views the Item List
    Then the time to complete for requests with Reviewed Status is displayed

Python:
from behave import given, when, then

@given('the user is on the Workflow Dashboard')
def step_given_user_on_workflow_dashboard(context):
    pass

@given('the user selects \'All Workflows\'')
def step_given_user_selects_all_workflows(context):
    pass

@when('the user views the Item List')
def step_when_user_views_item_list(context):
    pass

@then('the time to complete for requests with Reviewed Status is displayed')
def step_then_time_to_complete_displayed(context):
    pass"
496,"CT - As a User, on Add Revision page I should be able to see my Threads and switch between them but not Manage them.","Gherkin:
Feature: View and switch Threads on Add Revision page

  Scenario: User switches between Threads and views comments
    Given the user is on the Add Revision page
    When the user switches to a different Thread
    Then the user should see all comments of the selected Thread
    And the user should not see options to manage or create Threads

Python:
from behave import given, when, then

@given('the user is on the Add Revision page')
def step_given_user_on_add_revision_page(context):
    pass

@when('the user switches to a different Thread')
def step_when_user_switches_thread(context):
    pass

@then('the user should see all comments of the selected Thread')
def step_then_user_sees_comments(context):
    pass

@then('the user should not see options to manage or create Threads')
def step_then_user_cannot_manage_threads(context):
    pass"
497,"As a User, In the V2 Database Settings - I want to select a Feature Field Completion Value which will offer the approval statuses as options","Gherkin:
Feature: V2 Database Settings Feature Field Completion Value

  Scenario: User selects a Feature Field Completion Value
    Given a Multi Upload field is selected as a Feature Field
    When the user accesses the Feature Field Completion Value options
    Then the approval statuses ""Approved"", ""Cancelled"", ""Completed"", ""Declined"", ""Pending"" are available

Python:
from behave import given, when, then

@given('a Multi Upload field is selected as a Feature Field')
def step_given_multi_upload_field_selected(context):
    # Code to ensure a Multi Upload field is selected as a Feature Field
    pass

@when('the user accesses the Feature Field Completion Value options')
def step_when_user_accesses_completion_value_options(context):
    # Code to simulate user accessing the Feature Field Completion Value options
    pass

@then('the approval statuses ""Approved"", ""Cancelled"", ""Completed"", ""Declined"", ""Pending"" are available')
def step_then_approval_statuses_available(context):
    # Code to verify the approval statuses are available
    pass"
498,As a user I want to filter by number of revisions for Resource Publish Requests in Workflow Request Stats,"Gherkin:
Feature: Filter by number of revisions for Resource Publish Requests

  Scenario: User filters Workflow Requests by Markup Comments Revisions
    Given the user is on the Workflow Request Stats page
    And the user selects ""All Workflows""
    When the user applies the filter for ""Markup Comments Revisions""
    Then the new data condition option ""Markup Comments Revisions"" is available

Python:
from behave import given, when, then

@given('the user is on the Workflow Request Stats page')
def step_given_user_on_workflow_request_stats_page(context):
    pass

@given('the user selects ""All Workflows""')
def step_given_user_selects_all_workflows(context):
    pass

@when('the user applies the filter for ""Markup Comments Revisions""')
def step_when_user_applies_filter_markup_comments_revisions(context):
    pass

@then('the new data condition option ""Markup Comments Revisions"" is available')
def step_then_new_data_condition_option_available(context):
    pass"
499,As a user I want to run a stats report for database tool and see files from multi upload field represented each on their own row (excluding in Duplicable sections),"Gherkin:
Feature: Stats report for database tool

  Scenario: Run stats report and display files from multi upload field
    Given a database tool with a multi upload field containing multiple files
    When the user runs the stats report
    Then each file from the multi upload field is represented on its own row

Python:
from behave import given, when, then

@given('a database tool with a multi upload field containing multiple files')
def step_given_database_tool_with_multi_upload(context):
    context.files = ['file1.txt', 'file2.txt', 'file3.txt']

@when('the user runs the stats report')
def step_when_user_runs_stats_report(context):
    context.report = generate_stats_report(context.files)

@then('each file from the multi upload field is represented on its own row')
def step_then_files_represented_on_own_row(context):
    assert len(context.report) == len(context.files)
    for file in context.files:
        assert file in context.report"
500,As a user I want to filter by time to complete for any workflow request in Workflow Response Stats Reporting - conditions,"Gherkin:
Feature: Filter workflow requests by time to complete

  Scenario: User filters workflow requests by 'Time to Complete (Hours)'
    Given the user is on the Workflow Response Stats Reporting page
    And the 'Workflow Request' filter options are visible
    When the user selects 'Time to Complete (Hours)' from the filter options
    And enters a time range of 1 to 5 hours
    Then the report displays workflow requests with a time to complete between 1 and 5 hours

Python:
from behave import given, when, then

@given('the user is on the Workflow Response Stats Reporting page')
def step_impl(context):
    pass

@given('the ""Workflow Request"" filter options are visible')
def step_impl(context):
    pass

@when('the user selects ""Time to Complete (Hours)"" from the filter options')
def step_impl(context):
    pass

@when('enters a time range of 1 to 5 hours')
def step_impl(context):
    pass

@then('the report displays workflow requests with a time to complete between 1 and 5 hours')
def step_impl(context):
    pass"
